insert into DOCUMENT (id_doc,datepublication, typedoc, nom, chemin) values(1,'2019-11-28','DS_Store','','./.DS_Store')
insert into NODE_DOCUMENT (NODE_id_node, DOCUMENT_id_doc) values (1,1);
insert into NODE (id_node,name, parent_node_id) values (2,'Administrations',1);
insert into NODE (id_node,name, parent_node_id) values (2,'A',1);
insert into DOCUMENT (id_doc,datepublication, typedoc, nom, chemin) values(2,'2020-03-19','odt','CARLI Mairie - A - fp','./Administrations/A/CARLI Mairie - A - fp.odt')
insert into NODE_DOCUMENT (NODE_id_node, DOCUMENT_id_doc) values (1,2);
insert into DOCUMENT (id_doc,datepublication, typedoc, nom, chemin) values(3,'2020-03-17','odt','Démarches admin E-A - fp','./Administrations/A/Démarches admin E-A - fp.odt')
insert into NODE_DOCUMENT (NODE_id_node, DOCUMENT_id_doc) values (1,3);
insert into DOCUMENT (id_doc,datepublication, typedoc, nom, chemin) values(4,'2020-03-19','odt','Ferrari institutions admin - A - fp','./Administrations/A/Ferrari institutions admin - A - fp.odt')
insert into NODE_DOCUMENT (NODE_id_node, DOCUMENT_id_doc) values (1,4);
insert into DOCUMENT (id_doc,datepublication, typedoc, nom, chemin) values(5,'2020-03-19','odt','Ferrari la CAF - A - fp','./Administrations/A/Ferrari la CAF - A - fp.odt')
insert into NODE_DOCUMENT (NODE_id_node, DOCUMENT_id_doc) values (1,5);
insert into DOCUMENT (id_doc,datepublication, typedoc, nom, chemin) values(6,'2020-03-19','odt','Ferrari la mairie - A - fp','./Administrations/A/Ferrari la mairie - A - fp.odt')
insert into NODE_DOCUMENT (NODE_id_node, DOCUMENT_id_doc) values (1,6);
insert into DOCUMENT (id_doc,datepublication, typedoc, nom, chemin) values(7,'2020-02-26','odt','Les docs administratifs test en ligne - E A - vsm','./Administrations/A/Les docs administratifs test en ligne - E A - vsm.odt')
insert into NODE_DOCUMENT (NODE_id_node, DOCUMENT_id_doc) values (1,7);
insert into DOCUMENT (id_doc,datepublication, typedoc, nom, chemin) values(8,'2017-11-20','pdf','Tuto Ameli version 03-2017 - E A - fp','./Administrations/A/Tuto Ameli version 03-2017 - E A - fp.pdf')
insert into NODE_DOCUMENT (NODE_id_node, DOCUMENT_id_doc) values (1,8);
insert into DOCUMENT (id_doc,datepublication, typedoc, nom, chemin) values(9,'2017-11-20','pdf','Tuto CAF version 03-2017 - E A - fp','./Administrations/A/Tuto CAF version 03-2017 - E A - fp.pdf')
insert into NODE_DOCUMENT (NODE_id_node, DOCUMENT_id_doc) values (1,9);
insert into DOCUMENT (id_doc,datepublication, typedoc, nom, chemin) values(10,'2017-11-20','pdf','Tuto impôts en ligne - E A - fp','./Administrations/A/Tuto impôts en ligne - E A - fp.pdf')
insert into NODE_DOCUMENT (NODE_id_node, DOCUMENT_id_doc) values (1,10);
insert into DOCUMENT (id_doc,datepublication, typedoc, nom, chemin) values(11,'2020-02-26','pdf','commune-mairie - E - A - ea','./Administrations/A/commune-mairie - E - A - ea.pdf')
insert into NODE_DOCUMENT (NODE_id_node, DOCUMENT_id_doc) values (1,11);
insert into DOCUMENT (id_doc,datepublication, typedoc, nom, chemin) values(12,'2020-02-26','odt','les services publics test en ligne - E A - vsm','./Administrations/A/les services publics test en ligne - E A - vsm.odt')
insert into NODE_DOCUMENT (NODE_id_node, DOCUMENT_id_doc) values (1,12);
insert into DOCUMENT (id_doc,datepublication, typedoc, nom, chemin) values(13,'2020-03-20','odt','numeros-utiles-grenoble - D E A - da','./Administrations/A/numeros-utiles-grenoble - D E A - da.odt')
insert into NODE_DOCUMENT (NODE_id_node, DOCUMENT_id_doc) values (1,13);
insert into DOCUMENT (id_doc,datepublication, typedoc, nom, chemin) values(14,'2020-03-19','odt','sigles - A - ea','./Administrations/A/sigles - A - ea.odt')
insert into NODE_DOCUMENT (NODE_id_node, DOCUMENT_id_doc) values (1,14);
insert into DOCUMENT (id_doc,datepublication, typedoc, nom, chemin) values(15,'2017-01-31','pdf','Consulter son compte CAF version 2015 - DEA - fp','./Administrations/Consulter son compte CAF version 2015 - DEA - fp.pdf')
insert into NODE_DOCUMENT (NODE_id_node, DOCUMENT_id_doc) values (2,15);
insert into NODE (id_node,name, parent_node_id) values (3,'D',2);
insert into DOCUMENT (id_doc,datepublication, typedoc, nom, chemin) values(16,'2020-03-19','odt','CARLI Mairie - D - fp','./Administrations/D/CARLI Mairie - D - fp.odt')
insert into NODE_DOCUMENT (NODE_id_node, DOCUMENT_id_doc) values (2,16);
insert into DOCUMENT (id_doc,datepublication, typedoc, nom, chemin) values(17,'2020-04-01','odt','Carte d_identité détaillée à remplir - D E - ea','./Administrations/D/Carte d_identité détaillée à remplir - D E - ea.odt')
insert into NODE_DOCUMENT (NODE_id_node, DOCUMENT_id_doc) values (2,17);
insert into DOCUMENT (id_doc,datepublication, typedoc, nom, chemin) values(18,'2017-11-21','pptx','Doc présentation 1ers sites - D - fp','./Administrations/D/Doc présentation 1ers sites - D - fp.pptx')
insert into NODE_DOCUMENT (NODE_id_node, DOCUMENT_id_doc) values (2,18);
insert into DOCUMENT (id_doc,datepublication, typedoc, nom, chemin) values(19,'2020-03-20','odt','Démarches admin D - E -fp','./Administrations/D/Démarches admin D - E -fp.odt')
insert into NODE_DOCUMENT (NODE_id_node, DOCUMENT_id_doc) values (2,19);
insert into DOCUMENT (id_doc,datepublication, typedoc, nom, chemin) values(20,'2020-03-18','odt','Ferrari la CAF - D- fp','./Administrations/D/Ferrari la CAF - D- fp.odt')
insert into NODE_DOCUMENT (NODE_id_node, DOCUMENT_id_doc) values (2,20);
insert into DOCUMENT (id_doc,datepublication, typedoc, nom, chemin) values(21,'2020-03-18','odt','Ferrari la Mairie - D - fp','./Administrations/D/Ferrari la Mairie - D - fp.odt')
insert into NODE_DOCUMENT (NODE_id_node, DOCUMENT_id_doc) values (2,21);
insert into DOCUMENT (id_doc,datepublication, typedoc, nom, chemin) values(22,'2012-12-05','pdf','Ferrari la prefecture - D - fp','./Administrations/D/Ferrari la prefecture - D - fp.pdf')
insert into NODE_DOCUMENT (NODE_id_node, DOCUMENT_id_doc) values (2,22);
insert into DOCUMENT (id_doc,datepublication, typedoc, nom, chemin) values(23,'2020-03-18','odt','La mairie - D E - fp','./Administrations/D/La mairie - D E - fp.odt')
insert into NODE_DOCUMENT (NODE_id_node, DOCUMENT_id_doc) values (2,23);
insert into DOCUMENT (id_doc,datepublication, typedoc, nom, chemin) values(24,'2020-02-26','pdf','Plan séquences Administrations - D - E - fp','./Administrations/D/Plan séquences Administrations - D - E - fp.pdf')
insert into NODE_DOCUMENT (NODE_id_node, DOCUMENT_id_doc) values (2,24);
insert into DOCUMENT (id_doc,datepublication, typedoc, nom, chemin) values(25,'2020-03-20','odt','numeros-utiles-grenoble - D E A - da','./Administrations/D/numeros-utiles-grenoble - D E A - da.odt')
insert into NODE_DOCUMENT (NODE_id_node, DOCUMENT_id_doc) values (2,25);
insert into NODE (id_node,name, parent_node_id) values (4,'E',3);
insert into DOCUMENT (id_doc,datepublication, typedoc, nom, chemin) values(26,'2020-03-19','odt','Administrations - E - vsm','./Administrations/E/Administrations - E - vsm.odt')
insert into NODE_DOCUMENT (NODE_id_node, DOCUMENT_id_doc) values (3,26);
insert into DOCUMENT (id_doc,datepublication, typedoc, nom, chemin) values(27,'2020-03-19','odt','CARLI Mairie - E - fp','./Administrations/E/CARLI Mairie - E - fp.odt')
insert into NODE_DOCUMENT (NODE_id_node, DOCUMENT_id_doc) values (3,27);
insert into DOCUMENT (id_doc,datepublication, typedoc, nom, chemin) values(28,'2020-04-01','odt','Carte d_identité détaillée à remplir - D E - ea','./Administrations/E/Carte d_identité détaillée à remplir - D E - ea.odt')
insert into NODE_DOCUMENT (NODE_id_node, DOCUMENT_id_doc) values (3,28);
insert into DOCUMENT (id_doc,datepublication, typedoc, nom, chemin) values(29,'2017-11-21','pptx','Doc présentation 1ers sites - E - fp','./Administrations/E/Doc présentation 1ers sites - E - fp.pptx')
insert into NODE_DOCUMENT (NODE_id_node, DOCUMENT_id_doc) values (3,29);
insert into DOCUMENT (id_doc,datepublication, typedoc, nom, chemin) values(30,'2020-03-20','odt','Démarches admin D - E -fp','./Administrations/E/Démarches admin D - E -fp.odt')
insert into NODE_DOCUMENT (NODE_id_node, DOCUMENT_id_doc) values (3,30);
insert into DOCUMENT (id_doc,datepublication, typedoc, nom, chemin) values(31,'2020-03-19','odt','Ferrari institutions admin - E - fp','./Administrations/E/Ferrari institutions admin - E - fp.odt')
insert into NODE_DOCUMENT (NODE_id_node, DOCUMENT_id_doc) values (3,31);
insert into DOCUMENT (id_doc,datepublication, typedoc, nom, chemin) values(32,'2020-03-19','odt','Ferrari la CAF - E - fp','./Administrations/E/Ferrari la CAF - E - fp.odt')
insert into NODE_DOCUMENT (NODE_id_node, DOCUMENT_id_doc) values (3,32);
insert into DOCUMENT (id_doc,datepublication, typedoc, nom, chemin) values(33,'2020-03-19','odt','Ferrari la mairie - E - fp','./Administrations/E/Ferrari la mairie - E - fp.odt')
insert into NODE_DOCUMENT (NODE_id_node, DOCUMENT_id_doc) values (3,33);
insert into DOCUMENT (id_doc,datepublication, typedoc, nom, chemin) values(34,'2012-12-05','pdf','Ferrari le commissariat - E - fp','./Administrations/E/Ferrari le commissariat - E - fp.pdf')
insert into NODE_DOCUMENT (NODE_id_node, DOCUMENT_id_doc) values (3,34);
insert into DOCUMENT (id_doc,datepublication, typedoc, nom, chemin) values(35,'2020-03-18','odt','La mairie - D E - fp','./Administrations/E/La mairie - D E - fp.odt')
insert into NODE_DOCUMENT (NODE_id_node, DOCUMENT_id_doc) values (3,35);
insert into DOCUMENT (id_doc,datepublication, typedoc, nom, chemin) values(36,'2020-02-26','odt','Les docs administratifs test en ligne - E A - vsm','./Administrations/E/Les docs administratifs test en ligne - E A - vsm.odt')
insert into NODE_DOCUMENT (NODE_id_node, DOCUMENT_id_doc) values (3,36);
insert into DOCUMENT (id_doc,datepublication, typedoc, nom, chemin) values(37,'2020-02-26','pdf','Plan séquences Administrations - D - E - fp','./Administrations/E/Plan séquences Administrations - D - E - fp.pdf')
insert into NODE_DOCUMENT (NODE_id_node, DOCUMENT_id_doc) values (3,37);
insert into DOCUMENT (id_doc,datepublication, typedoc, nom, chemin) values(38,'2017-11-20','pdf','Tuto Ameli version 03-2017 - E A - fp','./Administrations/E/Tuto Ameli version 03-2017 - E A - fp.pdf')
insert into NODE_DOCUMENT (NODE_id_node, DOCUMENT_id_doc) values (3,38);
insert into DOCUMENT (id_doc,datepublication, typedoc, nom, chemin) values(39,'2017-11-20','pdf','Tuto CAF version 03-2017 - E A - fp','./Administrations/E/Tuto CAF version 03-2017 - E A - fp.pdf')
insert into NODE_DOCUMENT (NODE_id_node, DOCUMENT_id_doc) values (3,39);
insert into DOCUMENT (id_doc,datepublication, typedoc, nom, chemin) values(40,'2017-11-20','pdf','Tuto impôts en ligne - E A - fp','./Administrations/E/Tuto impôts en ligne - E A - fp.pdf')
insert into NODE_DOCUMENT (NODE_id_node, DOCUMENT_id_doc) values (3,40);
insert into DOCUMENT (id_doc,datepublication, typedoc, nom, chemin) values(41,'2020-02-26','pdf','commune-mairie - E - A - ea','./Administrations/E/commune-mairie - E - A - ea.pdf')
insert into NODE_DOCUMENT (NODE_id_node, DOCUMENT_id_doc) values (3,41);
insert into DOCUMENT (id_doc,datepublication, typedoc, nom, chemin) values(42,'2020-02-26','odt','les services publics test en ligne - E A - vsm','./Administrations/E/les services publics test en ligne - E A - vsm.odt')
insert into NODE_DOCUMENT (NODE_id_node, DOCUMENT_id_doc) values (3,42);
insert into DOCUMENT (id_doc,datepublication, typedoc, nom, chemin) values(43,'2020-03-20','odt','numeros-utiles-grenoble - D E A - da','./Administrations/E/numeros-utiles-grenoble - D E A - da.odt')
insert into NODE_DOCUMENT (NODE_id_node, DOCUMENT_id_doc) values (3,43);
insert into DOCUMENT (id_doc,datepublication, typedoc, nom, chemin) values(44,'2017-01-31','pdf','Naviguer sur le Kiosque version 12 2015 - DEA -fp','./Administrations/Naviguer sur le Kiosque version 12 2015 - DEA -fp.pdf')
insert into NODE_DOCUMENT (NODE_id_node, DOCUMENT_id_doc) values (4,44);
insert into DOCUMENT (id_doc,datepublication, typedoc, nom, chemin) values(45,'2017-01-31','pdf','Remplir ses impots en ligne - DEA - fp','./Administrations/Remplir ses impots en ligne - DEA - fp.pdf')
insert into NODE_DOCUMENT (NODE_id_node, DOCUMENT_id_doc) values (4,45);
insert into NODE (id_node,name, parent_node_id) values (3,'Culture française',2);
insert into NODE (id_node,name, parent_node_id) values (3,'Chansons-littérature',2);
insert into NODE (id_node,name, parent_node_id) values (3,'A',2);
insert into DOCUMENT (id_doc,datepublication, typedoc, nom, chemin) values(46,'2020-03-23','doc','Amadou _ Mariame Pauvre type - E A - ea','./Culture française/Chansons-littérature/A/Amadou _ Mariame Pauvre type - E A - ea.doc')
insert into NODE_DOCUMENT (NODE_id_node, DOCUMENT_id_doc) values (2,46);
insert into DOCUMENT (id_doc,datepublication, typedoc, nom, chemin) values(47,'2012-12-05','doc','Aux armes GAINSBOURG - EA - ea','./Culture française/Chansons-littérature/A/Aux armes GAINSBOURG - EA - ea.doc')
insert into NODE_DOCUMENT (NODE_id_node, DOCUMENT_id_doc) values (2,47);
insert into DOCUMENT (id_doc,datepublication, typedoc, nom, chemin) values(48,'2012-12-05','pdf','Bruxelles J Brel - E A - ea','./Culture française/Chansons-littérature/A/Bruxelles J Brel - E A - ea.pdf')
insert into NODE_DOCUMENT (NODE_id_node, DOCUMENT_id_doc) values (2,48);
insert into DOCUMENT (id_doc,datepublication, typedoc, nom, chemin) values(49,'2012-12-05','doc','Bénabar textes - E A - t','./Culture française/Chansons-littérature/A/Bénabar textes - E A - t.doc')
insert into NODE_DOCUMENT (NODE_id_node, DOCUMENT_id_doc) values (2,49);
insert into DOCUMENT (id_doc,datepublication, typedoc, nom, chemin) values(50,'2012-12-05','doc','Claude Nougaro Toulouse texte - E A - t','./Culture française/Chansons-littérature/A/Claude Nougaro Toulouse texte - E A - t.doc')
insert into NODE_DOCUMENT (NODE_id_node, DOCUMENT_id_doc) values (2,50);
insert into DOCUMENT (id_doc,datepublication, typedoc, nom, chemin) values(51,'2012-12-05','pdf','Dans le port d_Amsterdam - E A - ea','./Culture française/Chansons-littérature/A/Dans le port d_Amsterdam - E A - ea.pdf')
insert into NODE_DOCUMENT (NODE_id_node, DOCUMENT_id_doc) values (2,51);
insert into DOCUMENT (id_doc,datepublication, typedoc, nom, chemin) values(52,'2020-03-27','doc','Ecriture creative - A - j','./Culture française/Chansons-littérature/A/Ecriture creative - A - j.doc')
insert into NODE_DOCUMENT (NODE_id_node, DOCUMENT_id_doc) values (2,52);
insert into DOCUMENT (id_doc,datepublication, typedoc, nom, chemin) values(53,'2012-12-05','doc','Georges Brassens textes - E A - t','./Culture française/Chansons-littérature/A/Georges Brassens textes - E A - t.doc')
insert into NODE_DOCUMENT (NODE_id_node, DOCUMENT_id_doc) values (2,53);
insert into DOCUMENT (id_doc,datepublication, typedoc, nom, chemin) values(54,'2012-12-05','pdf','La Bière J Brel - E - A - ea','./Culture française/Chansons-littérature/A/La Bière J Brel - E - A - ea.pdf')
insert into NODE_DOCUMENT (NODE_id_node, DOCUMENT_id_doc) values (2,54);
insert into DOCUMENT (id_doc,datepublication, typedoc, nom, chemin) values(55,'2012-12-05','pdf','Les bonbons J Brel - E - A - ea','./Culture française/Chansons-littérature/A/Les bonbons J Brel - E - A - ea.pdf')
insert into NODE_DOCUMENT (NODE_id_node, DOCUMENT_id_doc) values (2,55);
insert into DOCUMENT (id_doc,datepublication, typedoc, nom, chemin) values(56,'2012-12-05','pdf','Les vieux J Brel - E A - ea','./Culture française/Chansons-littérature/A/Les vieux J Brel - E A - ea.pdf')
insert into NODE_DOCUMENT (NODE_id_node, DOCUMENT_id_doc) values (2,56);
insert into DOCUMENT (id_doc,datepublication, typedoc, nom, chemin) values(57,'2020-03-23','doc','M Je dis Aime - E A - ea','./Culture française/Chansons-littérature/A/M Je dis Aime - E A - ea.doc')
insert into NODE_DOCUMENT (NODE_id_node, DOCUMENT_id_doc) values (2,57);
insert into DOCUMENT (id_doc,datepublication, typedoc, nom, chemin) values(58,'2020-03-23','doc','Manau La tribu de Dana - E A - ea','./Culture française/Chansons-littérature/A/Manau La tribu de Dana - E A - ea.doc')
insert into NODE_DOCUMENT (NODE_id_node, DOCUMENT_id_doc) values (2,58);
insert into DOCUMENT (id_doc,datepublication, typedoc, nom, chemin) values(59,'2020-03-22','doc','Manu Chao Je ne t_aime plus - E A - ea','./Culture française/Chansons-littérature/A/Manu Chao Je ne t_aime plus - E A - ea.doc')
insert into NODE_DOCUMENT (NODE_id_node, DOCUMENT_id_doc) values (2,59);
insert into DOCUMENT (id_doc,datepublication, typedoc, nom, chemin) values(60,'2020-03-22','doc','Massilia Sound Sytem Tout le monde ment - D E A - ea','./Culture française/Chansons-littérature/A/Massilia Sound Sytem Tout le monde ment - D E A - ea.doc')
insert into NODE_DOCUMENT (NODE_id_node, DOCUMENT_id_doc) values (2,60);
insert into DOCUMENT (id_doc,datepublication, typedoc, nom, chemin) values(61,'2020-03-23','doc','Mc Solaar Caroline avec trous - E A -ea','./Culture française/Chansons-littérature/A/Mc Solaar Caroline avec trous - E A -ea.doc')
insert into NODE_DOCUMENT (NODE_id_node, DOCUMENT_id_doc) values (2,61);
insert into DOCUMENT (id_doc,datepublication, typedoc, nom, chemin) values(62,'2012-12-05','pdf','Ne me quitte pas - E A - ea','./Culture française/Chansons-littérature/A/Ne me quitte pas - E A - ea.pdf')
insert into NODE_DOCUMENT (NODE_id_node, DOCUMENT_id_doc) values (2,62);
insert into DOCUMENT (id_doc,datepublication, typedoc, nom, chemin) values(63,'2020-03-22','doc','Sergent Garcia Medecine man - E A - ea','./Culture française/Chansons-littérature/A/Sergent Garcia Medecine man - E A - ea.doc')
insert into NODE_DOCUMENT (NODE_id_node, DOCUMENT_id_doc) values (2,63);
insert into DOCUMENT (id_doc,datepublication, typedoc, nom, chemin) values(64,'2020-03-22','doc','Tryo J_ai trouvé des amis - E A - ea','./Culture française/Chansons-littérature/A/Tryo J_ai trouvé des amis - E A - ea.doc')
insert into NODE_DOCUMENT (NODE_id_node, DOCUMENT_id_doc) values (2,64);
insert into DOCUMENT (id_doc,datepublication, typedoc, nom, chemin) values(65,'2020-03-23','doc','Tété L_air de rien - E A - ea','./Culture française/Chansons-littérature/A/Tété L_air de rien - E A - ea.doc')
insert into NODE_DOCUMENT (NODE_id_node, DOCUMENT_id_doc) values (2,65);
insert into NODE (id_node,name, parent_node_id) values (4,'D',3);
insert into DOCUMENT (id_doc,datepublication, typedoc, nom, chemin) values(66,'2020-03-22','doc','Faudel Tellement n_Brick - D E - ea','./Culture française/Chansons-littérature/D/Faudel Tellement n_Brick - D E - ea.doc')
insert into NODE_DOCUMENT (NODE_id_node, DOCUMENT_id_doc) values (3,66);
insert into DOCUMENT (id_doc,datepublication, typedoc, nom, chemin) values(67,'2020-03-22','doc','Massilia Sound Sytem Tout le monde ment - D E A - ea','./Culture française/Chansons-littérature/D/Massilia Sound Sytem Tout le monde ment - D E A - ea.doc')
insert into NODE_DOCUMENT (NODE_id_node, DOCUMENT_id_doc) values (3,67);
insert into DOCUMENT (id_doc,datepublication, typedoc, nom, chemin) values(68,'2020-03-23','doc','Sally Nyolo Bonne année - D E - ea','./Culture française/Chansons-littérature/D/Sally Nyolo Bonne année - D E - ea.doc')
insert into NODE_DOCUMENT (NODE_id_node, DOCUMENT_id_doc) values (3,68);
insert into DOCUMENT (id_doc,datepublication, typedoc, nom, chemin) values(69,'2020-03-23','doc','Seba Ben Ali - D E - ea','./Culture française/Chansons-littérature/D/Seba Ben Ali - D E - ea.doc')
insert into NODE_DOCUMENT (NODE_id_node, DOCUMENT_id_doc) values (3,69);
insert into NODE (id_node,name, parent_node_id) values (5,'E',4);
insert into DOCUMENT (id_doc,datepublication, typedoc, nom, chemin) values(70,'2020-03-23','doc','Amadou _ Mariame Pauvre type - E A - ea','./Culture française/Chansons-littérature/E/Amadou _ Mariame Pauvre type - E A - ea.doc')
insert into NODE_DOCUMENT (NODE_id_node, DOCUMENT_id_doc) values (4,70);
insert into DOCUMENT (id_doc,datepublication, typedoc, nom, chemin) values(71,'2012-12-05','doc','Aux armes GAINSBOURG - EA - ea','./Culture française/Chansons-littérature/E/Aux armes GAINSBOURG - EA - ea.doc')
insert into NODE_DOCUMENT (NODE_id_node, DOCUMENT_id_doc) values (4,71);
insert into DOCUMENT (id_doc,datepublication, typedoc, nom, chemin) values(72,'2012-12-05','pdf','Bruxelles J Brel - E A - ea','./Culture française/Chansons-littérature/E/Bruxelles J Brel - E A - ea.pdf')
insert into NODE_DOCUMENT (NODE_id_node, DOCUMENT_id_doc) values (4,72);
insert into DOCUMENT (id_doc,datepublication, typedoc, nom, chemin) values(73,'2012-12-05','doc','Bénabar textes - E A - t','./Culture française/Chansons-littérature/E/Bénabar textes - E A - t.doc')
insert into NODE_DOCUMENT (NODE_id_node, DOCUMENT_id_doc) values (4,73);
insert into DOCUMENT (id_doc,datepublication, typedoc, nom, chemin) values(74,'2012-12-05','doc','Claude Nougaro Toulouse texte - E A - t','./Culture française/Chansons-littérature/E/Claude Nougaro Toulouse texte - E A - t.doc')
insert into NODE_DOCUMENT (NODE_id_node, DOCUMENT_id_doc) values (4,74);
insert into DOCUMENT (id_doc,datepublication, typedoc, nom, chemin) values(75,'2012-12-05','pdf','Dans le port d_Amsterdam - E A - ea','./Culture française/Chansons-littérature/E/Dans le port d_Amsterdam - E A - ea.pdf')
insert into NODE_DOCUMENT (NODE_id_node, DOCUMENT_id_doc) values (4,75);
insert into DOCUMENT (id_doc,datepublication, typedoc, nom, chemin) values(76,'2020-03-22','doc','Faudel Tellement n_Brick - D E - ea','./Culture française/Chansons-littérature/E/Faudel Tellement n_Brick - D E - ea.doc')
insert into NODE_DOCUMENT (NODE_id_node, DOCUMENT_id_doc) values (4,76);
insert into DOCUMENT (id_doc,datepublication, typedoc, nom, chemin) values(77,'2012-12-05','doc','Georges Brassens textes - E A - t','./Culture française/Chansons-littérature/E/Georges Brassens textes - E A - t.doc')
insert into NODE_DOCUMENT (NODE_id_node, DOCUMENT_id_doc) values (4,77);
insert into DOCUMENT (id_doc,datepublication, typedoc, nom, chemin) values(78,'2012-12-05','pdf','La Bière J Brel - E - A - ea','./Culture française/Chansons-littérature/E/La Bière J Brel - E - A - ea.pdf')
insert into NODE_DOCUMENT (NODE_id_node, DOCUMENT_id_doc) values (4,78);
insert into DOCUMENT (id_doc,datepublication, typedoc, nom, chemin) values(79,'2012-12-05','pdf','Les bonbons J Brel - E - A - ea','./Culture française/Chansons-littérature/E/Les bonbons J Brel - E - A - ea.pdf')
insert into NODE_DOCUMENT (NODE_id_node, DOCUMENT_id_doc) values (4,79);
insert into DOCUMENT (id_doc,datepublication, typedoc, nom, chemin) values(80,'2012-12-05','pdf','Les vieux J Brel - E A - ea','./Culture française/Chansons-littérature/E/Les vieux J Brel - E A - ea.pdf')
insert into NODE_DOCUMENT (NODE_id_node, DOCUMENT_id_doc) values (4,80);
insert into DOCUMENT (id_doc,datepublication, typedoc, nom, chemin) values(81,'2020-03-23','doc','M Je dis Aime - E A - ea','./Culture française/Chansons-littérature/E/M Je dis Aime - E A - ea.doc')
insert into NODE_DOCUMENT (NODE_id_node, DOCUMENT_id_doc) values (4,81);
insert into DOCUMENT (id_doc,datepublication, typedoc, nom, chemin) values(82,'2020-03-23','doc','Manau La tribu de Dana - E A - ea','./Culture française/Chansons-littérature/E/Manau La tribu de Dana - E A - ea.doc')
insert into NODE_DOCUMENT (NODE_id_node, DOCUMENT_id_doc) values (4,82);
insert into DOCUMENT (id_doc,datepublication, typedoc, nom, chemin) values(83,'2020-03-22','doc','Manu Chao Je ne t_aime plus - E A - ea','./Culture française/Chansons-littérature/E/Manu Chao Je ne t_aime plus - E A - ea.doc')
insert into NODE_DOCUMENT (NODE_id_node, DOCUMENT_id_doc) values (4,83);
insert into DOCUMENT (id_doc,datepublication, typedoc, nom, chemin) values(84,'2020-03-22','doc','Massilia Sound Sytem Tout le monde ment - D E A - ea','./Culture française/Chansons-littérature/E/Massilia Sound Sytem Tout le monde ment - D E A - ea.doc')
insert into NODE_DOCUMENT (NODE_id_node, DOCUMENT_id_doc) values (4,84);
insert into DOCUMENT (id_doc,datepublication, typedoc, nom, chemin) values(85,'2020-03-23','doc','Mc Solaar Caroline avec trous - E A -ea','./Culture française/Chansons-littérature/E/Mc Solaar Caroline avec trous - E A -ea.doc')
insert into NODE_DOCUMENT (NODE_id_node, DOCUMENT_id_doc) values (4,85);
insert into DOCUMENT (id_doc,datepublication, typedoc, nom, chemin) values(86,'2012-12-05','pdf','Ne me quitte pas - E A - ea','./Culture française/Chansons-littérature/E/Ne me quitte pas - E A - ea.pdf')
insert into NODE_DOCUMENT (NODE_id_node, DOCUMENT_id_doc) values (4,86);
insert into DOCUMENT (id_doc,datepublication, typedoc, nom, chemin) values(87,'2020-03-23','doc','Sally Nyolo Bonne année - D E - ea','./Culture française/Chansons-littérature/E/Sally Nyolo Bonne année - D E - ea.doc')
insert into NODE_DOCUMENT (NODE_id_node, DOCUMENT_id_doc) values (4,87);
insert into DOCUMENT (id_doc,datepublication, typedoc, nom, chemin) values(88,'2020-03-23','doc','Seba Ben Ali - D E - ea','./Culture française/Chansons-littérature/E/Seba Ben Ali - D E - ea.doc')
insert into NODE_DOCUMENT (NODE_id_node, DOCUMENT_id_doc) values (4,88);
insert into DOCUMENT (id_doc,datepublication, typedoc, nom, chemin) values(89,'2020-03-22','doc','Sergent Garcia Medecine man - E A - ea','./Culture française/Chansons-littérature/E/Sergent Garcia Medecine man - E A - ea.doc')
insert into NODE_DOCUMENT (NODE_id_node, DOCUMENT_id_doc) values (4,89);
insert into DOCUMENT (id_doc,datepublication, typedoc, nom, chemin) values(90,'2020-03-22','doc','Tryo J_ai trouvé des amis - E A - ea','./Culture française/Chansons-littérature/E/Tryo J_ai trouvé des amis - E A - ea.doc')
insert into NODE_DOCUMENT (NODE_id_node, DOCUMENT_id_doc) values (4,90);
insert into DOCUMENT (id_doc,datepublication, typedoc, nom, chemin) values(91,'2020-03-23','doc','Tété L_air de rien - E A - ea','./Culture française/Chansons-littérature/E/Tété L_air de rien - E A - ea.doc')
insert into NODE_DOCUMENT (NODE_id_node, DOCUMENT_id_doc) values (4,91);
insert into NODE (id_node,name, parent_node_id) values (4,'Expressions-argot',3);
insert into NODE (id_node,name, parent_node_id) values (4,'A',3);
insert into DOCUMENT (id_doc,datepublication, typedoc, nom, chemin) values(92,'2020-03-20','doc','Bestiaire au figuré - E A - fp','./Culture française/Expressions-argot/A/Bestiaire au figuré - E A - fp.doc')
insert into NODE_DOCUMENT (NODE_id_node, DOCUMENT_id_doc) values (3,92);
insert into DOCUMENT (id_doc,datepublication, typedoc, nom, chemin) values(93,'2020-03-20','doc','Comparaisons familières - E A - fp','./Culture française/Expressions-argot/A/Comparaisons familières - E A - fp.doc')
insert into NODE_DOCUMENT (NODE_id_node, DOCUMENT_id_doc) values (3,93);
insert into DOCUMENT (id_doc,datepublication, typedoc, nom, chemin) values(94,'2020-03-20','doc','Des mots pour le dire périphrases - E A - fp','./Culture française/Expressions-argot/A/Des mots pour le dire périphrases - E A - fp.doc')
insert into NODE_DOCUMENT (NODE_id_node, DOCUMENT_id_doc) values (3,94);
insert into DOCUMENT (id_doc,datepublication, typedoc, nom, chemin) values(95,'2020-03-23','doc','Dialogues argot - E A - t','./Culture française/Expressions-argot/A/Dialogues argot - E A - t.doc')
insert into NODE_DOCUMENT (NODE_id_node, DOCUMENT_id_doc) values (3,95);
insert into DOCUMENT (id_doc,datepublication, typedoc, nom, chemin) values(96,'2020-03-20','doc','Expressions du corps - E A - fp','./Culture française/Expressions-argot/A/Expressions du corps - E A - fp.doc')
insert into NODE_DOCUMENT (NODE_id_node, DOCUMENT_id_doc) values (3,96);
insert into DOCUMENT (id_doc,datepublication, typedoc, nom, chemin) values(97,'2020-03-23','ods','Expressions idiomatiques - E A - t','./Culture française/Expressions-argot/A/Expressions idiomatiques - E A - t.ods')
insert into NODE_DOCUMENT (NODE_id_node, DOCUMENT_id_doc) values (3,97);
insert into DOCUMENT (id_doc,datepublication, typedoc, nom, chemin) values(98,'2020-03-23','doc','Expressions idiomatiques - E A - fp','./Culture française/Expressions-argot/A/Expressions idiomatiques - E A - fp.doc')
insert into NODE_DOCUMENT (NODE_id_node, DOCUMENT_id_doc) values (3,98);
insert into DOCUMENT (id_doc,datepublication, typedoc, nom, chemin) values(99,'2020-03-23','pdf','Expressions illustrées - E A - ea','./Culture française/Expressions-argot/A/Expressions illustrées - E A - ea.pdf')
insert into NODE_DOCUMENT (NODE_id_node, DOCUMENT_id_doc) values (3,99);
insert into DOCUMENT (id_doc,datepublication, typedoc, nom, chemin) values(100,'2020-03-23','doc','Expressions utilisant noms de couleur - E A - t','./Culture française/Expressions-argot/A/Expressions utilisant noms de couleur - E A - t.doc')
insert into NODE_DOCUMENT (NODE_id_node, DOCUMENT_id_doc) values (3,100);
insert into DOCUMENT (id_doc,datepublication, typedoc, nom, chemin) values(101,'2020-03-23','doc','Quiz expressions - E A - ea','./Culture française/Expressions-argot/A/Quiz expressions - E A - ea.doc')
insert into NODE_DOCUMENT (NODE_id_node, DOCUMENT_id_doc) values (3,101);
insert into DOCUMENT (id_doc,datepublication, typedoc, nom, chemin) values(102,'2020-03-23','doc','Repérage argot - E A - ea','./Culture française/Expressions-argot/A/Repérage argot - E A - ea.doc')
insert into NODE_DOCUMENT (NODE_id_node, DOCUMENT_id_doc) values (3,102);
insert into DOCUMENT (id_doc,datepublication, typedoc, nom, chemin) values(103,'2013-11-12','docx','expression avec comme - E A - t','./Culture française/Expressions-argot/A/expression avec comme - E A - t.docx')
insert into NODE_DOCUMENT (NODE_id_node, DOCUMENT_id_doc) values (3,103);
insert into NODE (id_node,name, parent_node_id) values (5,'D',4);
insert into DOCUMENT (id_doc,datepublication, typedoc, nom, chemin) values(104,'2012-12-05','doc','Les expressions avec le corps - D - E - fp','./Culture française/Expressions-argot/D/Les expressions avec le corps - D - E - fp.doc')
insert into NODE_DOCUMENT (NODE_id_node, DOCUMENT_id_doc) values (4,104);
insert into NODE (id_node,name, parent_node_id) values (6,'E',5);
insert into DOCUMENT (id_doc,datepublication, typedoc, nom, chemin) values(105,'2020-03-20','doc','Bestiaire au figuré - E A - fp','./Culture française/Expressions-argot/E/Bestiaire au figuré - E A - fp.doc')
insert into NODE_DOCUMENT (NODE_id_node, DOCUMENT_id_doc) values (5,105);
insert into DOCUMENT (id_doc,datepublication, typedoc, nom, chemin) values(106,'2020-03-20','doc','Comparaisons familières - E A - fp','./Culture française/Expressions-argot/E/Comparaisons familières - E A - fp.doc')
insert into NODE_DOCUMENT (NODE_id_node, DOCUMENT_id_doc) values (5,106);
insert into DOCUMENT (id_doc,datepublication, typedoc, nom, chemin) values(107,'2020-03-20','doc','Des mots pour le dire périphrases - E A - fp','./Culture française/Expressions-argot/E/Des mots pour le dire périphrases - E A - fp.doc')
insert into NODE_DOCUMENT (NODE_id_node, DOCUMENT_id_doc) values (5,107);
insert into DOCUMENT (id_doc,datepublication, typedoc, nom, chemin) values(108,'2020-03-23','doc','Dialogues argot - E A - t','./Culture française/Expressions-argot/E/Dialogues argot - E A - t.doc')
insert into NODE_DOCUMENT (NODE_id_node, DOCUMENT_id_doc) values (5,108);
insert into DOCUMENT (id_doc,datepublication, typedoc, nom, chemin) values(109,'2020-03-20','doc','Expressions du corps - E A - fp','./Culture française/Expressions-argot/E/Expressions du corps - E A - fp.doc')
insert into NODE_DOCUMENT (NODE_id_node, DOCUMENT_id_doc) values (5,109);
insert into DOCUMENT (id_doc,datepublication, typedoc, nom, chemin) values(110,'2020-03-23','ods','Expressions idiomatiques - E A - t','./Culture française/Expressions-argot/E/Expressions idiomatiques - E A - t.ods')
insert into NODE_DOCUMENT (NODE_id_node, DOCUMENT_id_doc) values (5,110);
insert into DOCUMENT (id_doc,datepublication, typedoc, nom, chemin) values(111,'2020-03-23','doc','Expressions idiomatiques - E A - fp','./Culture française/Expressions-argot/E/Expressions idiomatiques - E A - fp.doc')
insert into NODE_DOCUMENT (NODE_id_node, DOCUMENT_id_doc) values (5,111);
insert into DOCUMENT (id_doc,datepublication, typedoc, nom, chemin) values(112,'2020-03-23','pdf','Expressions illustrées - E A - ea','./Culture française/Expressions-argot/E/Expressions illustrées - E A - ea.pdf')
insert into NODE_DOCUMENT (NODE_id_node, DOCUMENT_id_doc) values (5,112);
insert into DOCUMENT (id_doc,datepublication, typedoc, nom, chemin) values(113,'2020-03-23','doc','Expressions utilisant noms de couleur - E A - t','./Culture française/Expressions-argot/E/Expressions utilisant noms de couleur - E A - t.doc')
insert into NODE_DOCUMENT (NODE_id_node, DOCUMENT_id_doc) values (5,113);
insert into DOCUMENT (id_doc,datepublication, typedoc, nom, chemin) values(114,'2012-12-05','doc','Les expressions avec le corps - D - E - fp','./Culture française/Expressions-argot/E/Les expressions avec le corps - D - E - fp.doc')
insert into NODE_DOCUMENT (NODE_id_node, DOCUMENT_id_doc) values (5,114);
insert into DOCUMENT (id_doc,datepublication, typedoc, nom, chemin) values(115,'2020-03-23','doc','Quiz expressions - E A - ea','./Culture française/Expressions-argot/E/Quiz expressions - E A - ea.doc')
insert into NODE_DOCUMENT (NODE_id_node, DOCUMENT_id_doc) values (5,115);
insert into DOCUMENT (id_doc,datepublication, typedoc, nom, chemin) values(116,'2020-03-23','doc','Repérage argot - E A - ea','./Culture française/Expressions-argot/E/Repérage argot - E A - ea.doc')
insert into NODE_DOCUMENT (NODE_id_node, DOCUMENT_id_doc) values (5,116);
insert into DOCUMENT (id_doc,datepublication, typedoc, nom, chemin) values(117,'2013-11-12','docx','expression avec comme - E A - t','./Culture française/Expressions-argot/E/expression avec comme - E A - t.docx')
insert into NODE_DOCUMENT (NODE_id_node, DOCUMENT_id_doc) values (5,117);
insert into NODE (id_node,name, parent_node_id) values (5,'Habitudes, fêtes',4);
insert into NODE (id_node,name, parent_node_id) values (5,'A',4);
insert into DOCUMENT (id_doc,datepublication, typedoc, nom, chemin) values(118,'2020-03-20','odt','Jour de l_an - E - A - fp','./Culture française/Habitudes, fêtes/A/Jour de l_an - E - A - fp.odt')
insert into NODE_DOCUMENT (NODE_id_node, DOCUMENT_id_doc) values (4,118);
insert into DOCUMENT (id_doc,datepublication, typedoc, nom, chemin) values(119,'2012-12-05','doc','Superstitions - E - A - fp','./Culture française/Habitudes, fêtes/A/Superstitions - E - A - fp.doc')
insert into NODE_DOCUMENT (NODE_id_node, DOCUMENT_id_doc) values (4,119);
insert into NODE (id_node,name, parent_node_id) values (6,'D',5);
insert into DOCUMENT (id_doc,datepublication, typedoc, nom, chemin) values(120,'2020-03-23','doc','Sally Nyolo Bonne année - D E - ea','./Culture française/Habitudes, fêtes/D/Sally Nyolo Bonne année - D E - ea.doc')
insert into NODE_DOCUMENT (NODE_id_node, DOCUMENT_id_doc) values (5,120);
insert into NODE (id_node,name, parent_node_id) values (7,'E',6);
insert into DOCUMENT (id_doc,datepublication, typedoc, nom, chemin) values(121,'2020-03-20','odt','Jour de l_an - E - A - fp','./Culture française/Habitudes, fêtes/E/Jour de l_an - E - A - fp.odt')
insert into NODE_DOCUMENT (NODE_id_node, DOCUMENT_id_doc) values (6,121);
insert into DOCUMENT (id_doc,datepublication, typedoc, nom, chemin) values(122,'2020-03-23','doc','Sally Nyolo Bonne année - D E - ea','./Culture française/Habitudes, fêtes/E/Sally Nyolo Bonne année - D E - ea.doc')
insert into NODE_DOCUMENT (NODE_id_node, DOCUMENT_id_doc) values (6,122);
insert into DOCUMENT (id_doc,datepublication, typedoc, nom, chemin) values(123,'2012-12-05','doc','Superstitions - E - A - fp','./Culture française/Habitudes, fêtes/E/Superstitions - E - A - fp.doc')
insert into NODE_DOCUMENT (NODE_id_node, DOCUMENT_id_doc) values (6,123);
insert into NODE (id_node,name, parent_node_id) values (6,'Lieux de culture',5);
insert into NODE (id_node,name, parent_node_id) values (6,'A',5);
insert into DOCUMENT (id_doc,datepublication, typedoc, nom, chemin) values(124,'2020-03-19','odt','Ferrari lieux de spectacle - A - fp','./Culture française/Lieux de culture/A/Ferrari lieux de spectacle - A - fp.odt')
insert into NODE_DOCUMENT (NODE_id_node, DOCUMENT_id_doc) values (5,124);
insert into DOCUMENT (id_doc,datepublication, typedoc, nom, chemin) values(125,'2020-03-18','pdf','Le musée - fp - E - A','./Culture française/Lieux de culture/A/Le musée - fp - E - A.pdf')
insert into NODE_DOCUMENT (NODE_id_node, DOCUMENT_id_doc) values (5,125);
insert into NODE (id_node,name, parent_node_id) values (7,'D',6);
insert into DOCUMENT (id_doc,datepublication, typedoc, nom, chemin) values(126,'2012-12-05','pdf','DP-BIBLIOTHEQUE-D-E - fp','./Culture française/Lieux de culture/D/DP-BIBLIOTHEQUE-D-E - fp.pdf')
insert into NODE_DOCUMENT (NODE_id_node, DOCUMENT_id_doc) values (6,126);
insert into DOCUMENT (id_doc,datepublication, typedoc, nom, chemin) values(127,'2012-12-05','pdf','DP-CULTURE-D -fp','./Culture française/Lieux de culture/D/DP-CULTURE-D -fp.pdf')
insert into NODE_DOCUMENT (NODE_id_node, DOCUMENT_id_doc) values (6,127);
insert into DOCUMENT (id_doc,datepublication, typedoc, nom, chemin) values(128,'2012-12-05','pdf','DP-EXPOSITION-D -fp','./Culture française/Lieux de culture/D/DP-EXPOSITION-D -fp.pdf')
insert into NODE_DOCUMENT (NODE_id_node, DOCUMENT_id_doc) values (6,128);
insert into DOCUMENT (id_doc,datepublication, typedoc, nom, chemin) values(129,'2012-12-05','pdf','DP-LOUVRE-D -fp','./Culture française/Lieux de culture/D/DP-LOUVRE-D -fp.pdf')
insert into NODE_DOCUMENT (NODE_id_node, DOCUMENT_id_doc) values (6,129);
insert into DOCUMENT (id_doc,datepublication, typedoc, nom, chemin) values(130,'2020-03-18','odt','Ferrari sorties culturelles - D -fp','./Culture française/Lieux de culture/D/Ferrari sorties culturelles - D -fp.odt')
insert into NODE_DOCUMENT (NODE_id_node, DOCUMENT_id_doc) values (6,130);
insert into NODE (id_node,name, parent_node_id) values (8,'E',7);
insert into DOCUMENT (id_doc,datepublication, typedoc, nom, chemin) values(131,'2012-12-05','pdf','DP-BIBLIOTHEQUE-D-E - fp','./Culture française/Lieux de culture/E/DP-BIBLIOTHEQUE-D-E - fp.pdf')
insert into NODE_DOCUMENT (NODE_id_node, DOCUMENT_id_doc) values (7,131);
insert into DOCUMENT (id_doc,datepublication, typedoc, nom, chemin) values(132,'2012-12-05','pdf','DP-CULTURE-E -fp','./Culture française/Lieux de culture/E/DP-CULTURE-E -fp.pdf')
insert into NODE_DOCUMENT (NODE_id_node, DOCUMENT_id_doc) values (7,132);
insert into DOCUMENT (id_doc,datepublication, typedoc, nom, chemin) values(133,'2020-03-19','odt','Ferrari lieux de spectacle - E - fp','./Culture française/Lieux de culture/E/Ferrari lieux de spectacle - E - fp.odt')
insert into NODE_DOCUMENT (NODE_id_node, DOCUMENT_id_doc) values (7,133);
insert into DOCUMENT (id_doc,datepublication, typedoc, nom, chemin) values(134,'2020-03-18','pdf','Le musée - fp - E - A','./Culture française/Lieux de culture/E/Le musée - fp - E - A.pdf')
insert into NODE_DOCUMENT (NODE_id_node, DOCUMENT_id_doc) values (7,134);
insert into NODE (id_node,name, parent_node_id) values (4,'Emploi',3);
insert into NODE (id_node,name, parent_node_id) values (4,'Compétences pro',3);
insert into NODE (id_node,name, parent_node_id) values (4,'A',3);
insert into DOCUMENT (id_doc,datepublication, typedoc, nom, chemin) values(135,'2020-03-24','odt','CARLI Commuication orale ds monde pro 1 - A - fp','./Emploi/Compétences pro/A/CARLI Commuication orale ds monde pro 1 - A - fp.odt')
insert into NODE_DOCUMENT (NODE_id_node, DOCUMENT_id_doc) values (3,135);
insert into DOCUMENT (id_doc,datepublication, typedoc, nom, chemin) values(136,'2020-03-24','odt','CARLI Commuication orale ds monde pro 2 - A - fp','./Emploi/Compétences pro/A/CARLI Commuication orale ds monde pro 2 - A - fp.odt')
insert into NODE_DOCUMENT (NODE_id_node, DOCUMENT_id_doc) values (3,136);
insert into DOCUMENT (id_doc,datepublication, typedoc, nom, chemin) values(137,'2020-03-24','odt','CARLI compétences pro 1 - A - fp','./Emploi/Compétences pro/A/CARLI compétences pro 1 - A - fp.odt')
insert into NODE_DOCUMENT (NODE_id_node, DOCUMENT_id_doc) values (3,137);
insert into DOCUMENT (id_doc,datepublication, typedoc, nom, chemin) values(138,'2020-03-24','odt','CARLI compétences pro 2 - A - fp','./Emploi/Compétences pro/A/CARLI compétences pro 2 - A - fp.odt')
insert into NODE_DOCUMENT (NODE_id_node, DOCUMENT_id_doc) values (3,138);
insert into DOCUMENT (id_doc,datepublication, typedoc, nom, chemin) values(139,'2020-03-24','odt','CARLI interagir ds son emploi 1 - A - fp','./Emploi/Compétences pro/A/CARLI interagir ds son emploi 1 - A - fp.odt')
insert into NODE_DOCUMENT (NODE_id_node, DOCUMENT_id_doc) values (3,139);
insert into DOCUMENT (id_doc,datepublication, typedoc, nom, chemin) values(140,'2020-03-24','odt','CARLI interagir ds son emploi 2 - A - fp','./Emploi/Compétences pro/A/CARLI interagir ds son emploi 2 - A - fp.odt')
insert into NODE_DOCUMENT (NODE_id_node, DOCUMENT_id_doc) values (3,140);
insert into DOCUMENT (id_doc,datepublication, typedoc, nom, chemin) values(141,'2012-12-05','pptx','Communication au travail - E A - fp','./Emploi/Compétences pro/A/Communication au travail - E A - fp.pptx')
insert into NODE_DOCUMENT (NODE_id_node, DOCUMENT_id_doc) values (3,141);
insert into DOCUMENT (id_doc,datepublication, typedoc, nom, chemin) values(142,'2012-12-05','pdf','Postures pro - E - A - fp','./Emploi/Compétences pro/A/Postures pro - E - A - fp.pdf')
insert into NODE_DOCUMENT (NODE_id_node, DOCUMENT_id_doc) values (3,142);
insert into DOCUMENT (id_doc,datepublication, typedoc, nom, chemin) values(143,'2020-03-24','odp','communication en entreprise - E A - ea','./Emploi/Compétences pro/A/communication en entreprise - E A - ea.odp')
insert into NODE_DOCUMENT (NODE_id_node, DOCUMENT_id_doc) values (3,143);
insert into DOCUMENT (id_doc,datepublication, typedoc, nom, chemin) values(144,'2020-03-24','odp','communication en entreprise 2- E A - ea','./Emploi/Compétences pro/A/communication en entreprise 2- E A - ea.odp')
insert into NODE_DOCUMENT (NODE_id_node, DOCUMENT_id_doc) values (3,144);
insert into DOCUMENT (id_doc,datepublication, typedoc, nom, chemin) values(145,'2012-12-05','png','delf-pro-b1-production-ecrite- A - ea','./Emploi/Compétences pro/A/delf-pro-b1-production-ecrite- A - ea.png')
insert into NODE_DOCUMENT (NODE_id_node, DOCUMENT_id_doc) values (3,145);
insert into DOCUMENT (id_doc,datepublication, typedoc, nom, chemin) values(146,'2012-12-05','wma','message pro - E A - vsm (1)','./Emploi/Compétences pro/A/message pro - E A - vsm (1).wma')
insert into NODE_DOCUMENT (NODE_id_node, DOCUMENT_id_doc) values (3,146);
insert into DOCUMENT (id_doc,datepublication, typedoc, nom, chemin) values(147,'2012-12-05','wma','message pro - E A - vsm (2)','./Emploi/Compétences pro/A/message pro - E A - vsm (2).wma')
insert into NODE_DOCUMENT (NODE_id_node, DOCUMENT_id_doc) values (3,147);
insert into DOCUMENT (id_doc,datepublication, typedoc, nom, chemin) values(148,'2012-12-05','wma','message pro - E A - vsm (3)','./Emploi/Compétences pro/A/message pro - E A - vsm (3).wma')
insert into NODE_DOCUMENT (NODE_id_node, DOCUMENT_id_doc) values (3,148);
insert into DOCUMENT (id_doc,datepublication, typedoc, nom, chemin) values(149,'2019-01-14','pdf','savoir_etre_professionnels - E A - t','./Emploi/Compétences pro/A/savoir_etre_professionnels - E A - t.pdf')
insert into NODE_DOCUMENT (NODE_id_node, DOCUMENT_id_doc) values (3,149);
insert into NODE (id_node,name, parent_node_id) values (5,'E',4);
insert into DOCUMENT (id_doc,datepublication, typedoc, nom, chemin) values(150,'2020-03-24','odt','CARLI Commuication orale ds monde pro - E - fp','./Emploi/Compétences pro/E/CARLI Commuication orale ds monde pro - E - fp.odt')
insert into NODE_DOCUMENT (NODE_id_node, DOCUMENT_id_doc) values (4,150);
insert into DOCUMENT (id_doc,datepublication, typedoc, nom, chemin) values(151,'2020-03-24','odt','CARLI Le travail - E - fp','./Emploi/Compétences pro/E/CARLI Le travail - E - fp.odt')
insert into NODE_DOCUMENT (NODE_id_node, DOCUMENT_id_doc) values (4,151);
insert into DOCUMENT (id_doc,datepublication, typedoc, nom, chemin) values(152,'2020-03-24','odt','CARLI compétences pro - E - fp','./Emploi/Compétences pro/E/CARLI compétences pro - E - fp.odt')
insert into NODE_DOCUMENT (NODE_id_node, DOCUMENT_id_doc) values (4,152);
insert into DOCUMENT (id_doc,datepublication, typedoc, nom, chemin) values(153,'2020-03-24','odt','CARLI interagir ds son emploi - E - fp','./Emploi/Compétences pro/E/CARLI interagir ds son emploi - E - fp.odt')
insert into NODE_DOCUMENT (NODE_id_node, DOCUMENT_id_doc) values (4,153);
insert into DOCUMENT (id_doc,datepublication, typedoc, nom, chemin) values(154,'2012-12-05','pptx','Communication au travail - E A - fp','./Emploi/Compétences pro/E/Communication au travail - E A - fp.pptx')
insert into NODE_DOCUMENT (NODE_id_node, DOCUMENT_id_doc) values (4,154);
insert into DOCUMENT (id_doc,datepublication, typedoc, nom, chemin) values(155,'2012-12-05','pdf','Postures pro - E - A - fp','./Emploi/Compétences pro/E/Postures pro - E - A - fp.pdf')
insert into NODE_DOCUMENT (NODE_id_node, DOCUMENT_id_doc) values (4,155);
insert into DOCUMENT (id_doc,datepublication, typedoc, nom, chemin) values(156,'2020-03-24','odp','communication en entreprise - E A - ea','./Emploi/Compétences pro/E/communication en entreprise - E A - ea.odp')
insert into NODE_DOCUMENT (NODE_id_node, DOCUMENT_id_doc) values (4,156);
insert into DOCUMENT (id_doc,datepublication, typedoc, nom, chemin) values(157,'2020-03-24','odp','communication en entreprise 2- E A - ea','./Emploi/Compétences pro/E/communication en entreprise 2- E A - ea.odp')
insert into NODE_DOCUMENT (NODE_id_node, DOCUMENT_id_doc) values (4,157);
insert into DOCUMENT (id_doc,datepublication, typedoc, nom, chemin) values(158,'2012-12-05','wma','message pro - E A - vsm (1)','./Emploi/Compétences pro/E/message pro - E A - vsm (1).wma')
insert into NODE_DOCUMENT (NODE_id_node, DOCUMENT_id_doc) values (4,158);
insert into DOCUMENT (id_doc,datepublication, typedoc, nom, chemin) values(159,'2012-12-05','wma','message pro - E A - vsm (2)','./Emploi/Compétences pro/E/message pro - E A - vsm (2).wma')
insert into NODE_DOCUMENT (NODE_id_node, DOCUMENT_id_doc) values (4,159);
insert into DOCUMENT (id_doc,datepublication, typedoc, nom, chemin) values(160,'2012-12-05','wma','message pro - E A - vsm (3)','./Emploi/Compétences pro/E/message pro - E A - vsm (3).wma')
insert into NODE_DOCUMENT (NODE_id_node, DOCUMENT_id_doc) values (4,160);
insert into DOCUMENT (id_doc,datepublication, typedoc, nom, chemin) values(161,'2019-01-14','pdf','savoir_etre_professionnels - E A - t','./Emploi/Compétences pro/E/savoir_etre_professionnels - E A - t.pdf')
insert into NODE_DOCUMENT (NODE_id_node, DOCUMENT_id_doc) values (4,161);
insert into NODE (id_node,name, parent_node_id) values (5,'Docs de travail - marché du travail',4);
insert into NODE (id_node,name, parent_node_id) values (5,'A',4);
insert into DOCUMENT (id_doc,datepublication, typedoc, nom, chemin) values(162,'2016-04-25','jpg','Bulletin_salaire_2014 - D E A - da','./Emploi/Docs de travail - marché du travail/A/Bulletin_salaire_2014 - D E A - da.jpg')
insert into NODE_DOCUMENT (NODE_id_node, DOCUMENT_id_doc) values (4,162);
insert into DOCUMENT (id_doc,datepublication, typedoc, nom, chemin) values(163,'2020-03-24','odt','CARLI Monde du travail 1 - A - fp','./Emploi/Docs de travail - marché du travail/A/CARLI Monde du travail 1 - A - fp.odt')
insert into NODE_DOCUMENT (NODE_id_node, DOCUMENT_id_doc) values (4,163);
insert into DOCUMENT (id_doc,datepublication, typedoc, nom, chemin) values(164,'2020-03-24','odt','CARLI Monde du travail 2 - A - fp','./Emploi/Docs de travail - marché du travail/A/CARLI Monde du travail 2 - A - fp.odt')
insert into NODE_DOCUMENT (NODE_id_node, DOCUMENT_id_doc) values (4,164);
insert into DOCUMENT (id_doc,datepublication, typedoc, nom, chemin) values(165,'2020-03-24','odt','CARLI docs écrits professionnels 1 - A - fp','./Emploi/Docs de travail - marché du travail/A/CARLI docs écrits professionnels 1 - A - fp.odt')
insert into NODE_DOCUMENT (NODE_id_node, DOCUMENT_id_doc) values (4,165);
insert into DOCUMENT (id_doc,datepublication, typedoc, nom, chemin) values(166,'2020-03-24','odt','CARLI docs écrits professionnels 2 - A - fp','./Emploi/Docs de travail - marché du travail/A/CARLI docs écrits professionnels 2 - A - fp.odt')
insert into NODE_DOCUMENT (NODE_id_node, DOCUMENT_id_doc) values (4,166);
insert into DOCUMENT (id_doc,datepublication, typedoc, nom, chemin) values(167,'2020-03-24','odt','CARLI la santé au travail 1- A - fp','./Emploi/Docs de travail - marché du travail/A/CARLI la santé au travail 1- A - fp.odt')
insert into NODE_DOCUMENT (NODE_id_node, DOCUMENT_id_doc) values (4,167);
insert into DOCUMENT (id_doc,datepublication, typedoc, nom, chemin) values(168,'2020-03-24','odt','CARLI la santé au travail 2- A - fp','./Emploi/Docs de travail - marché du travail/A/CARLI la santé au travail 2- A - fp.odt')
insert into NODE_DOCUMENT (NODE_id_node, DOCUMENT_id_doc) values (4,168);
insert into DOCUMENT (id_doc,datepublication, typedoc, nom, chemin) values(169,'2020-03-24','odt','CARLI marché du travail - A - fp','./Emploi/Docs de travail - marché du travail/A/CARLI marché du travail - A - fp.odt')
insert into NODE_DOCUMENT (NODE_id_node, DOCUMENT_id_doc) values (4,169);
insert into DOCUMENT (id_doc,datepublication, typedoc, nom, chemin) values(170,'2020-03-24','odt','Consignes de sécurité - D E A -da','./Emploi/Docs de travail - marché du travail/A/Consignes de sécurité - D E A -da.odt')
insert into NODE_DOCUMENT (NODE_id_node, DOCUMENT_id_doc) values (4,170);
insert into DOCUMENT (id_doc,datepublication, typedoc, nom, chemin) values(171,'2020-03-24','odt','Evacuation - D E A - da','./Emploi/Docs de travail - marché du travail/A/Evacuation - D E A - da.odt')
insert into NODE_DOCUMENT (NODE_id_node, DOCUMENT_id_doc) values (4,171);
insert into DOCUMENT (id_doc,datepublication, typedoc, nom, chemin) values(172,'2020-03-19','odt','Ferrari l_emploi - A - fp','./Emploi/Docs de travail - marché du travail/A/Ferrari l_emploi - A - fp.odt')
insert into NODE_DOCUMENT (NODE_id_node, DOCUMENT_id_doc) values (4,172);
insert into DOCUMENT (id_doc,datepublication, typedoc, nom, chemin) values(173,'2020-03-24','odt','Fiche d_inscription ITERIM - D E A - da','./Emploi/Docs de travail - marché du travail/A/Fiche d_inscription ITERIM - D E A - da.odt')
insert into NODE_DOCUMENT (NODE_id_node, DOCUMENT_id_doc) values (4,173);
insert into DOCUMENT (id_doc,datepublication, typedoc, nom, chemin) values(174,'2020-03-18','odt','Le contrat de travail - fp - E-A','./Emploi/Docs de travail - marché du travail/A/Le contrat de travail - fp - E-A.odt')
insert into NODE_DOCUMENT (NODE_id_node, DOCUMENT_id_doc) values (4,174);
insert into DOCUMENT (id_doc,datepublication, typedoc, nom, chemin) values(175,'2020-03-24','odt','Prévention des risques - E A - da','./Emploi/Docs de travail - marché du travail/A/Prévention des risques - E A - da.odt')
insert into NODE_DOCUMENT (NODE_id_node, DOCUMENT_id_doc) values (4,175);
insert into NODE (id_node,name, parent_node_id) values (6,'D',5);
insert into DOCUMENT (id_doc,datepublication, typedoc, nom, chemin) values(176,'2016-04-25','jpg','Bulletin_salaire_2014 - D E A - da','./Emploi/Docs de travail - marché du travail/D/Bulletin_salaire_2014 - D E A - da.jpg')
insert into NODE_DOCUMENT (NODE_id_node, DOCUMENT_id_doc) values (5,176);
insert into DOCUMENT (id_doc,datepublication, typedoc, nom, chemin) values(177,'2020-03-24','odt','Consignes de sécurité - D E A -da','./Emploi/Docs de travail - marché du travail/D/Consignes de sécurité - D E A -da.odt')
insert into NODE_DOCUMENT (NODE_id_node, DOCUMENT_id_doc) values (5,177);
insert into DOCUMENT (id_doc,datepublication, typedoc, nom, chemin) values(178,'2020-03-24','odt','Contrats W - D E - ea','./Emploi/Docs de travail - marché du travail/D/Contrats W - D E - ea.odt')
insert into NODE_DOCUMENT (NODE_id_node, DOCUMENT_id_doc) values (5,178);
insert into DOCUMENT (id_doc,datepublication, typedoc, nom, chemin) values(179,'2020-03-24','odt','Evacuation - D E A - da','./Emploi/Docs de travail - marché du travail/D/Evacuation - D E A - da.odt')
insert into NODE_DOCUMENT (NODE_id_node, DOCUMENT_id_doc) values (5,179);
insert into DOCUMENT (id_doc,datepublication, typedoc, nom, chemin) values(180,'2020-03-24','odt','Fiche d_inscription ITERIM - D E A - da','./Emploi/Docs de travail - marché du travail/D/Fiche d_inscription ITERIM - D E A - da.odt')
insert into NODE_DOCUMENT (NODE_id_node, DOCUMENT_id_doc) values (5,180);
insert into NODE (id_node,name, parent_node_id) values (7,'E',6);
insert into DOCUMENT (id_doc,datepublication, typedoc, nom, chemin) values(181,'2016-04-25','jpg','Bulletin_salaire_2014 - D E A - da','./Emploi/Docs de travail - marché du travail/E/Bulletin_salaire_2014 - D E A - da.jpg')
insert into NODE_DOCUMENT (NODE_id_node, DOCUMENT_id_doc) values (6,181);
insert into DOCUMENT (id_doc,datepublication, typedoc, nom, chemin) values(182,'2020-03-24','odt','CARLI Monde du travail - E - fp','./Emploi/Docs de travail - marché du travail/E/CARLI Monde du travail - E - fp.odt')
insert into NODE_DOCUMENT (NODE_id_node, DOCUMENT_id_doc) values (6,182);
insert into DOCUMENT (id_doc,datepublication, typedoc, nom, chemin) values(183,'2020-03-24','odt','CARLI docs écrits professionnels - E - fp','./Emploi/Docs de travail - marché du travail/E/CARLI docs écrits professionnels - E - fp.odt')
insert into NODE_DOCUMENT (NODE_id_node, DOCUMENT_id_doc) values (6,183);
insert into DOCUMENT (id_doc,datepublication, typedoc, nom, chemin) values(184,'2020-03-24','odt','CARLI la santé au travail - E - fp','./Emploi/Docs de travail - marché du travail/E/CARLI la santé au travail - E - fp.odt')
insert into NODE_DOCUMENT (NODE_id_node, DOCUMENT_id_doc) values (6,184);
insert into DOCUMENT (id_doc,datepublication, typedoc, nom, chemin) values(185,'2020-03-24','odt','Consignes de sécurité - D E A -da','./Emploi/Docs de travail - marché du travail/E/Consignes de sécurité - D E A -da.odt')
insert into NODE_DOCUMENT (NODE_id_node, DOCUMENT_id_doc) values (6,185);
insert into DOCUMENT (id_doc,datepublication, typedoc, nom, chemin) values(186,'2020-03-24','odt','Contrats W - D E - ea','./Emploi/Docs de travail - marché du travail/E/Contrats W - D E - ea.odt')
insert into NODE_DOCUMENT (NODE_id_node, DOCUMENT_id_doc) values (6,186);
insert into DOCUMENT (id_doc,datepublication, typedoc, nom, chemin) values(187,'2020-03-24','odt','Evacuation - D E A - da','./Emploi/Docs de travail - marché du travail/E/Evacuation - D E A - da.odt')
insert into NODE_DOCUMENT (NODE_id_node, DOCUMENT_id_doc) values (6,187);
insert into DOCUMENT (id_doc,datepublication, typedoc, nom, chemin) values(188,'2020-03-24','odt','Fiche d_inscription ITERIM - D E A - da','./Emploi/Docs de travail - marché du travail/E/Fiche d_inscription ITERIM - D E A - da.odt')
insert into NODE_DOCUMENT (NODE_id_node, DOCUMENT_id_doc) values (6,188);
insert into DOCUMENT (id_doc,datepublication, typedoc, nom, chemin) values(189,'2020-03-18','odt','Le contrat de travail - fp - E-A','./Emploi/Docs de travail - marché du travail/E/Le contrat de travail - fp - E-A.odt')
insert into NODE_DOCUMENT (NODE_id_node, DOCUMENT_id_doc) values (6,189);
insert into DOCUMENT (id_doc,datepublication, typedoc, nom, chemin) values(190,'2020-03-24','odt','Prévention des risques - E A - da','./Emploi/Docs de travail - marché du travail/E/Prévention des risques - E A - da.odt')
insert into NODE_DOCUMENT (NODE_id_node, DOCUMENT_id_doc) values (6,190);
insert into DOCUMENT (id_doc,datepublication, typedoc, nom, chemin) values(191,'2012-12-05','odt','Guide péda FLP - DEA- fp','./Emploi/Guide péda FLP - DEA- fp.odt')
insert into NODE_DOCUMENT (NODE_id_node, DOCUMENT_id_doc) values (5,191);
insert into NODE (id_node,name, parent_node_id) values (6,'Insertion pro',5);
insert into NODE (id_node,name, parent_node_id) values (6,'A',5);
insert into DOCUMENT (id_doc,datepublication, typedoc, nom, chemin) values(192,'2020-03-24','doc','Annonce _ présentation pro - E A - ea','./Emploi/Insertion pro/A/Annonce _ présentation pro - E A - ea.doc')
insert into NODE_DOCUMENT (NODE_id_node, DOCUMENT_id_doc) values (5,192);
insert into DOCUMENT (id_doc,datepublication, typedoc, nom, chemin) values(193,'2014-01-07','docx','Atelier Insertion professionnelle Séance 1 - E A - fp','./Emploi/Insertion pro/A/Atelier Insertion professionnelle Séance 1 - E A - fp.docx')
insert into NODE_DOCUMENT (NODE_id_node, DOCUMENT_id_doc) values (5,193);
insert into DOCUMENT (id_doc,datepublication, typedoc, nom, chemin) values(194,'2020-03-24','odt','CARLI Institutions _ réseaux 2 - A - fp','./Emploi/Insertion pro/A/CARLI Institutions _ réseaux 2 - A - fp.odt')
insert into NODE_DOCUMENT (NODE_id_node, DOCUMENT_id_doc) values (5,194);
insert into DOCUMENT (id_doc,datepublication, typedoc, nom, chemin) values(195,'2020-03-24','odt','CARLI Institutions _ réseaux 1 - A - fp','./Emploi/Insertion pro/A/CARLI Institutions _ réseaux 1 - A - fp.odt')
insert into NODE_DOCUMENT (NODE_id_node, DOCUMENT_id_doc) values (5,195);
insert into DOCUMENT (id_doc,datepublication, typedoc, nom, chemin) values(196,'2020-03-24','odt','CARLI Numérique _ recherche d_emploi 1- A - fp','./Emploi/Insertion pro/A/CARLI Numérique _ recherche d_emploi 1- A - fp.odt')
insert into NODE_DOCUMENT (NODE_id_node, DOCUMENT_id_doc) values (5,196);
insert into DOCUMENT (id_doc,datepublication, typedoc, nom, chemin) values(197,'2020-03-24','odt','CARLI Recherche d_emploi 1 - A - fp','./Emploi/Insertion pro/A/CARLI Recherche d_emploi 1 - A - fp.odt')
insert into NODE_DOCUMENT (NODE_id_node, DOCUMENT_id_doc) values (5,197);
insert into DOCUMENT (id_doc,datepublication, typedoc, nom, chemin) values(198,'2020-03-24','odt','CARLI Recherche d_emploi 2 - A - fp','./Emploi/Insertion pro/A/CARLI Recherche d_emploi 2 - A - fp.odt')
insert into NODE_DOCUMENT (NODE_id_node, DOCUMENT_id_doc) values (5,198);
insert into DOCUMENT (id_doc,datepublication, typedoc, nom, chemin) values(199,'2020-03-24','odt','CARLI freins à l_emploi 1 - A - fp','./Emploi/Insertion pro/A/CARLI freins à l_emploi 1 - A - fp.odt')
insert into NODE_DOCUMENT (NODE_id_node, DOCUMENT_id_doc) values (5,199);
insert into DOCUMENT (id_doc,datepublication, typedoc, nom, chemin) values(200,'2020-03-24','odt','CARLI freins à l_emploi 2 - A - fp','./Emploi/Insertion pro/A/CARLI freins à l_emploi 2 - A - fp.odt')
insert into NODE_DOCUMENT (NODE_id_node, DOCUMENT_id_doc) values (5,200);
insert into DOCUMENT (id_doc,datepublication, typedoc, nom, chemin) values(201,'2020-03-24','odt','CV Heuristique - E A - i','./Emploi/Insertion pro/A/CV Heuristique - E A - i.odt')
insert into NODE_DOCUMENT (NODE_id_node, DOCUMENT_id_doc) values (5,201);
insert into DOCUMENT (id_doc,datepublication, typedoc, nom, chemin) values(202,'2020-04-01','odt','CV à remplir - E A - ea','./Emploi/Insertion pro/A/CV à remplir - E A - ea.odt')
insert into NODE_DOCUMENT (NODE_id_node, DOCUMENT_id_doc) values (5,202);
insert into DOCUMENT (id_doc,datepublication, typedoc, nom, chemin) values(203,'2012-12-05','pdf','DP-POLE EMPLOI E A - fp','./Emploi/Insertion pro/A/DP-POLE EMPLOI E A - fp.pdf')
insert into NODE_DOCUMENT (NODE_id_node, DOCUMENT_id_doc) values (5,203);
insert into DOCUMENT (id_doc,datepublication, typedoc, nom, chemin) values(204,'2020-03-23','pdf','Outils de Recherche d_Emploi - E A - fp','./Emploi/Insertion pro/A/Outils de Recherche d_Emploi - E A - fp.pdf')
insert into NODE_DOCUMENT (NODE_id_node, DOCUMENT_id_doc) values (5,204);
insert into DOCUMENT (id_doc,datepublication, typedoc, nom, chemin) values(205,'2020-03-25','odt','Recherche d_emploi CV Entretien - E A - fp','./Emploi/Insertion pro/A/Recherche d_emploi CV Entretien - E A - fp.odt')
insert into NODE_DOCUMENT (NODE_id_node, DOCUMENT_id_doc) values (5,205);
insert into DOCUMENT (id_doc,datepublication, typedoc, nom, chemin) values(206,'2012-12-05','MPG','extrait d_entretiens - E A - vsm (1)','./Emploi/Insertion pro/A/extrait d_entretiens - E A - vsm (1).MPG')
insert into NODE_DOCUMENT (NODE_id_node, DOCUMENT_id_doc) values (5,206);
insert into DOCUMENT (id_doc,datepublication, typedoc, nom, chemin) values(207,'2012-12-05','MPG','extrait d_entretiens - E A - vsm (2)','./Emploi/Insertion pro/A/extrait d_entretiens - E A - vsm (2).MPG')
insert into NODE_DOCUMENT (NODE_id_node, DOCUMENT_id_doc) values (5,207);
insert into DOCUMENT (id_doc,datepublication, typedoc, nom, chemin) values(208,'2012-12-05','MPG','extrait d_entretiens - E A - vsm (3)','./Emploi/Insertion pro/A/extrait d_entretiens - E A - vsm (3).MPG')
insert into NODE_DOCUMENT (NODE_id_node, DOCUMENT_id_doc) values (5,208);
insert into DOCUMENT (id_doc,datepublication, typedoc, nom, chemin) values(209,'2012-12-05','MPG','extrait d_entretiens - E A - vsm (4)','./Emploi/Insertion pro/A/extrait d_entretiens - E A - vsm (4).MPG')
insert into NODE_DOCUMENT (NODE_id_node, DOCUMENT_id_doc) values (5,209);
insert into DOCUMENT (id_doc,datepublication, typedoc, nom, chemin) values(210,'2012-12-05','MPG','extrait d_entretiens - E A - vsm (5)','./Emploi/Insertion pro/A/extrait d_entretiens - E A - vsm (5).MPG')
insert into NODE_DOCUMENT (NODE_id_node, DOCUMENT_id_doc) values (5,210);
insert into DOCUMENT (id_doc,datepublication, typedoc, nom, chemin) values(211,'2012-12-05','MPG','extrait d_entretiens - E A - vsm (6)','./Emploi/Insertion pro/A/extrait d_entretiens - E A - vsm (6).MPG')
insert into NODE_DOCUMENT (NODE_id_node, DOCUMENT_id_doc) values (5,211);
insert into DOCUMENT (id_doc,datepublication, typedoc, nom, chemin) values(212,'2012-12-05','MPG','extrait d_entretiens - E A - vsm (7)','./Emploi/Insertion pro/A/extrait d_entretiens - E A - vsm (7).MPG')
insert into NODE_DOCUMENT (NODE_id_node, DOCUMENT_id_doc) values (5,212);
insert into NODE (id_node,name, parent_node_id) values (7,'D',6);
insert into DOCUMENT (id_doc,datepublication, typedoc, nom, chemin) values(213,'2020-03-19','odt','Ferrari espaces liés à l_emploi - D - fp','./Emploi/Insertion pro/D/Ferrari espaces liés à l_emploi - D - fp.odt')
insert into NODE_DOCUMENT (NODE_id_node, DOCUMENT_id_doc) values (6,213);
insert into DOCUMENT (id_doc,datepublication, typedoc, nom, chemin) values(214,'2020-03-19','odt','Ferrari espaces liés à l_emploi - DE- fp','./Emploi/Insertion pro/D/Ferrari espaces liés à l_emploi - DE- fp.odt')
insert into NODE_DOCUMENT (NODE_id_node, DOCUMENT_id_doc) values (6,214);
insert into NODE (id_node,name, parent_node_id) values (8,'E',7);
insert into DOCUMENT (id_doc,datepublication, typedoc, nom, chemin) values(215,'2020-03-24','doc','Annonce _ présentation pro - E A - ea','./Emploi/Insertion pro/E/Annonce _ présentation pro - E A - ea.doc')
insert into NODE_DOCUMENT (NODE_id_node, DOCUMENT_id_doc) values (7,215);
insert into DOCUMENT (id_doc,datepublication, typedoc, nom, chemin) values(216,'2014-01-07','docx','Atelier Insertion professionnelle Séance 1 - E A - fp','./Emploi/Insertion pro/E/Atelier Insertion professionnelle Séance 1 - E A - fp.docx')
insert into NODE_DOCUMENT (NODE_id_node, DOCUMENT_id_doc) values (7,216);
insert into DOCUMENT (id_doc,datepublication, typedoc, nom, chemin) values(217,'2020-03-24','odt','CARLI Institutions _ réseaux - E - fp','./Emploi/Insertion pro/E/CARLI Institutions _ réseaux - E - fp.odt')
insert into NODE_DOCUMENT (NODE_id_node, DOCUMENT_id_doc) values (7,217);
insert into DOCUMENT (id_doc,datepublication, typedoc, nom, chemin) values(218,'2020-03-24','odt','CARLI Recherche d_emploi - E - fp','./Emploi/Insertion pro/E/CARLI Recherche d_emploi - E - fp.odt')
insert into NODE_DOCUMENT (NODE_id_node, DOCUMENT_id_doc) values (7,218);
insert into DOCUMENT (id_doc,datepublication, typedoc, nom, chemin) values(219,'2020-03-24','odt','CARLI freins à l_emploi - E - fp','./Emploi/Insertion pro/E/CARLI freins à l_emploi - E - fp.odt')
insert into NODE_DOCUMENT (NODE_id_node, DOCUMENT_id_doc) values (7,219);
insert into DOCUMENT (id_doc,datepublication, typedoc, nom, chemin) values(220,'2020-03-24','odt','CV Heuristique - E A - i','./Emploi/Insertion pro/E/CV Heuristique - E A - i.odt')
insert into NODE_DOCUMENT (NODE_id_node, DOCUMENT_id_doc) values (7,220);
insert into DOCUMENT (id_doc,datepublication, typedoc, nom, chemin) values(221,'2020-04-01','odt','CV à remplir - E A - ea','./Emploi/Insertion pro/E/CV à remplir - E A - ea.odt')
insert into NODE_DOCUMENT (NODE_id_node, DOCUMENT_id_doc) values (7,221);
insert into DOCUMENT (id_doc,datepublication, typedoc, nom, chemin) values(222,'2012-12-05','pdf','DP-POLE EMPLOI E A - fp','./Emploi/Insertion pro/E/DP-POLE EMPLOI E A - fp.pdf')
insert into NODE_DOCUMENT (NODE_id_node, DOCUMENT_id_doc) values (7,222);
insert into DOCUMENT (id_doc,datepublication, typedoc, nom, chemin) values(223,'2020-03-19','odt','Ferrari espaces liés à l_emploi - DE- fp','./Emploi/Insertion pro/E/Ferrari espaces liés à l_emploi - DE- fp.odt')
insert into NODE_DOCUMENT (NODE_id_node, DOCUMENT_id_doc) values (7,223);
insert into DOCUMENT (id_doc,datepublication, typedoc, nom, chemin) values(224,'2020-03-23','pdf','Outils de Recherche d_Emploi - E A - fp','./Emploi/Insertion pro/E/Outils de Recherche d_Emploi - E A - fp.pdf')
insert into NODE_DOCUMENT (NODE_id_node, DOCUMENT_id_doc) values (7,224);
insert into DOCUMENT (id_doc,datepublication, typedoc, nom, chemin) values(225,'2020-03-25','odt','Questions sur entretiens d_embauches - extraits - E - ea','./Emploi/Insertion pro/E/Questions sur entretiens d_embauches - extraits - E - ea.odt')
insert into NODE_DOCUMENT (NODE_id_node, DOCUMENT_id_doc) values (7,225);
insert into DOCUMENT (id_doc,datepublication, typedoc, nom, chemin) values(226,'2020-03-25','odt','Recherche d_emploi CV Entretien - E A - fp','./Emploi/Insertion pro/E/Recherche d_emploi CV Entretien - E A - fp.odt')
insert into NODE_DOCUMENT (NODE_id_node, DOCUMENT_id_doc) values (7,226);
insert into DOCUMENT (id_doc,datepublication, typedoc, nom, chemin) values(227,'2020-04-07','pdf','Vaincre l_illettrisme Exo C.E. - E - ea','./Emploi/Insertion pro/E/Vaincre l_illettrisme Exo C.E. - E - ea.pdf')
insert into NODE_DOCUMENT (NODE_id_node, DOCUMENT_id_doc) values (7,227);
insert into DOCUMENT (id_doc,datepublication, typedoc, nom, chemin) values(228,'2012-12-05','MPG','extrait d_entretiens - E A - vsm (1)','./Emploi/Insertion pro/E/extrait d_entretiens - E A - vsm (1).MPG')
insert into NODE_DOCUMENT (NODE_id_node, DOCUMENT_id_doc) values (7,228);
insert into DOCUMENT (id_doc,datepublication, typedoc, nom, chemin) values(229,'2012-12-05','MPG','extrait d_entretiens - E A - vsm (2)','./Emploi/Insertion pro/E/extrait d_entretiens - E A - vsm (2).MPG')
insert into NODE_DOCUMENT (NODE_id_node, DOCUMENT_id_doc) values (7,229);
insert into DOCUMENT (id_doc,datepublication, typedoc, nom, chemin) values(230,'2012-12-05','MPG','extrait d_entretiens - E A - vsm (3)','./Emploi/Insertion pro/E/extrait d_entretiens - E A - vsm (3).MPG')
insert into NODE_DOCUMENT (NODE_id_node, DOCUMENT_id_doc) values (7,230);
insert into DOCUMENT (id_doc,datepublication, typedoc, nom, chemin) values(231,'2012-12-05','MPG','extrait d_entretiens - E A - vsm (4)','./Emploi/Insertion pro/E/extrait d_entretiens - E A - vsm (4).MPG')
insert into NODE_DOCUMENT (NODE_id_node, DOCUMENT_id_doc) values (7,231);
insert into DOCUMENT (id_doc,datepublication, typedoc, nom, chemin) values(232,'2012-12-05','MPG','extrait d_entretiens - E A - vsm (5)','./Emploi/Insertion pro/E/extrait d_entretiens - E A - vsm (5).MPG')
insert into NODE_DOCUMENT (NODE_id_node, DOCUMENT_id_doc) values (7,232);
insert into DOCUMENT (id_doc,datepublication, typedoc, nom, chemin) values(233,'2012-12-05','MPG','extrait d_entretiens - E A - vsm (6)','./Emploi/Insertion pro/E/extrait d_entretiens - E A - vsm (6).MPG')
insert into NODE_DOCUMENT (NODE_id_node, DOCUMENT_id_doc) values (7,233);
insert into DOCUMENT (id_doc,datepublication, typedoc, nom, chemin) values(234,'2012-12-05','MPG','extrait d_entretiens - E A - vsm (7)','./Emploi/Insertion pro/E/extrait d_entretiens - E A - vsm (7).MPG')
insert into NODE_DOCUMENT (NODE_id_node, DOCUMENT_id_doc) values (7,234);
insert into NODE (id_node,name, parent_node_id) values (7,'Métiers',6);
insert into NODE (id_node,name, parent_node_id) values (7,'A',6);
insert into DOCUMENT (id_doc,datepublication, typedoc, nom, chemin) values(235,'2020-03-17','odt','Construire projet pro D-E-A','./Emploi/Métiers/A/Construire projet pro D-E-A.odt')
insert into NODE_DOCUMENT (NODE_id_node, DOCUMENT_id_doc) values (6,235);
insert into DOCUMENT (id_doc,datepublication, typedoc, nom, chemin) values(236,'2020-03-24','odt','Infos métiers - E A - vsm','./Emploi/Métiers/A/Infos métiers - E A - vsm.odt')
insert into NODE_DOCUMENT (NODE_id_node, DOCUMENT_id_doc) values (6,236);
insert into NODE (id_node,name, parent_node_id) values (8,'D',7);
insert into DOCUMENT (id_doc,datepublication, typedoc, nom, chemin) values(237,'2020-03-17','odt','Construire projet pro D-E-A','./Emploi/Métiers/D/Construire projet pro D-E-A.odt')
insert into NODE_DOCUMENT (NODE_id_node, DOCUMENT_id_doc) values (7,237);
insert into DOCUMENT (id_doc,datepublication, typedoc, nom, chemin) values(238,'2016-07-12','docx','Les métiers - D E - ea','./Emploi/Métiers/D/Les métiers - D E - ea.docx')
insert into NODE_DOCUMENT (NODE_id_node, DOCUMENT_id_doc) values (7,238);
insert into DOCUMENT (id_doc,datepublication, typedoc, nom, chemin) values(239,'2016-04-04','docx','Métiers - D E - ea','./Emploi/Métiers/D/Métiers - D E - ea.docx')
insert into NODE_DOCUMENT (NODE_id_node, DOCUMENT_id_doc) values (7,239);
insert into DOCUMENT (id_doc,datepublication, typedoc, nom, chemin) values(240,'2020-04-01','odt','Métiers- D E - i ea','./Emploi/Métiers/D/Métiers- D E - i ea.odt')
insert into NODE_DOCUMENT (NODE_id_node, DOCUMENT_id_doc) values (7,240);
insert into DOCUMENT (id_doc,datepublication, typedoc, nom, chemin) values(241,'2018-01-23','pdf','jeu-metiers - D E - j','./Emploi/Métiers/D/jeu-metiers - D E - j.pdf')
insert into NODE_DOCUMENT (NODE_id_node, DOCUMENT_id_doc) values (7,241);
insert into NODE (id_node,name, parent_node_id) values (9,'E',8);
insert into DOCUMENT (id_doc,datepublication, typedoc, nom, chemin) values(242,'2020-03-17','odt','Construire projet pro D-E-A','./Emploi/Métiers/E/Construire projet pro D-E-A.odt')
insert into NODE_DOCUMENT (NODE_id_node, DOCUMENT_id_doc) values (8,242);
insert into DOCUMENT (id_doc,datepublication, typedoc, nom, chemin) values(243,'2020-03-24','odt','Infos métiers - E A - vsm','./Emploi/Métiers/E/Infos métiers - E A - vsm.odt')
insert into NODE_DOCUMENT (NODE_id_node, DOCUMENT_id_doc) values (8,243);
insert into DOCUMENT (id_doc,datepublication, typedoc, nom, chemin) values(244,'2016-07-12','docx','Les métiers - D E - ea','./Emploi/Métiers/E/Les métiers - D E - ea.docx')
insert into NODE_DOCUMENT (NODE_id_node, DOCUMENT_id_doc) values (8,244);
insert into DOCUMENT (id_doc,datepublication, typedoc, nom, chemin) values(245,'2016-04-04','docx','Métiers - D E - ea','./Emploi/Métiers/E/Métiers - D E - ea.docx')
insert into NODE_DOCUMENT (NODE_id_node, DOCUMENT_id_doc) values (8,245);
insert into DOCUMENT (id_doc,datepublication, typedoc, nom, chemin) values(246,'2020-04-01','odt','Métiers- D E - i ea','./Emploi/Métiers/E/Métiers- D E - i ea.odt')
insert into NODE_DOCUMENT (NODE_id_node, DOCUMENT_id_doc) values (8,246);
insert into DOCUMENT (id_doc,datepublication, typedoc, nom, chemin) values(247,'2018-01-23','pdf','jeu-metiers - D E - j','./Emploi/Métiers/E/jeu-metiers - D E - j.pdf')
insert into NODE_DOCUMENT (NODE_id_node, DOCUMENT_id_doc) values (8,247);
insert into NODE (id_node,name, parent_node_id) values (5,'Identité',4);
insert into NODE (id_node,name, parent_node_id) values (5,'Codes sociaux et culturels',4);
insert into NODE (id_node,name, parent_node_id) values (5,'A',4);
insert into DOCUMENT (id_doc,datepublication, typedoc, nom, chemin) values(248,'2012-12-05','docx','de l_art de faire la bise - fp -E A','./Identité/Codes sociaux et culturels/A/de l_art de faire la bise - fp -E A.docx')
insert into NODE_DOCUMENT (NODE_id_node, DOCUMENT_id_doc) values (4,248);
insert into DOCUMENT (id_doc,datepublication, typedoc, nom, chemin) values(249,'2020-03-18','odt','dire bonjour à qui et à quelle heure -fp- E-A','./Identité/Codes sociaux et culturels/A/dire bonjour à qui et à quelle heure -fp- E-A.odt')
insert into NODE_DOCUMENT (NODE_id_node, DOCUMENT_id_doc) values (4,249);
insert into DOCUMENT (id_doc,datepublication, typedoc, nom, chemin) values(250,'2012-12-05','docx','savoir vivre avec les français - fp - E- A','./Identité/Codes sociaux et culturels/A/savoir vivre avec les français - fp - E- A.docx')
insert into NODE_DOCUMENT (NODE_id_node, DOCUMENT_id_doc) values (4,250);
insert into NODE (id_node,name, parent_node_id) values (6,'D',5);
insert into DOCUMENT (id_doc,datepublication, typedoc, nom, chemin) values(251,'2020-03-26','odt','Salutations - D - fp','./Identité/Codes sociaux et culturels/D/Salutations - D - fp.odt')
insert into NODE_DOCUMENT (NODE_id_node, DOCUMENT_id_doc) values (5,251);
insert into DOCUMENT (id_doc,datepublication, typedoc, nom, chemin) values(252,'2020-03-17','odt','Se présenter +Tu-vous -D-E - fp','./Identité/Codes sociaux et culturels/D/Se présenter +Tu-vous -D-E - fp.odt')
insert into NODE_DOCUMENT (NODE_id_node, DOCUMENT_id_doc) values (5,252);
insert into NODE (id_node,name, parent_node_id) values (7,'E',6);
insert into DOCUMENT (id_doc,datepublication, typedoc, nom, chemin) values(253,'2020-03-17','odt','Se présenter +Tu-vous - fp-D-E','./Identité/Codes sociaux et culturels/E/Se présenter +Tu-vous - fp-D-E.odt')
insert into NODE_DOCUMENT (NODE_id_node, DOCUMENT_id_doc) values (6,253);
insert into DOCUMENT (id_doc,datepublication, typedoc, nom, chemin) values(254,'2012-12-05','docx','de l_art de faire la bise - fp -E A','./Identité/Codes sociaux et culturels/E/de l_art de faire la bise - fp -E A.docx')
insert into NODE_DOCUMENT (NODE_id_node, DOCUMENT_id_doc) values (6,254);
insert into DOCUMENT (id_doc,datepublication, typedoc, nom, chemin) values(255,'2020-03-18','odt','dire bonjour à qui et à quelle heure -fp- E-A','./Identité/Codes sociaux et culturels/E/dire bonjour à qui et à quelle heure -fp- E-A.odt')
insert into NODE_DOCUMENT (NODE_id_node, DOCUMENT_id_doc) values (6,255);
insert into DOCUMENT (id_doc,datepublication, typedoc, nom, chemin) values(256,'2012-12-05','docx','savoir vivre avec les français - fp - E- A','./Identité/Codes sociaux et culturels/E/savoir vivre avec les français - fp - E- A.docx')
insert into NODE_DOCUMENT (NODE_id_node, DOCUMENT_id_doc) values (6,256);
insert into NODE (id_node,name, parent_node_id) values (6,'La famille',5);
insert into NODE (id_node,name, parent_node_id) values (6,'A',5);
insert into DOCUMENT (id_doc,datepublication, typedoc, nom, chemin) values(257,'2020-03-26','odt','Arbre à remplir - E A - ea','./Identité/La famille/A/Arbre à remplir - E A - ea.odt')
insert into NODE_DOCUMENT (NODE_id_node, DOCUMENT_id_doc) values (5,257);
insert into DOCUMENT (id_doc,datepublication, typedoc, nom, chemin) values(258,'2020-03-25','odt','Ma grande famille - E - A - ea','./Identité/La famille/A/Ma grande famille - E - A - ea.odt')
insert into NODE_DOCUMENT (NODE_id_node, DOCUMENT_id_doc) values (5,258);
insert into DOCUMENT (id_doc,datepublication, typedoc, nom, chemin) values(259,'2020-03-26','odt','Qui est-ce - E A - ea','./Identité/La famille/A/Qui est-ce - E A - ea.odt')
insert into NODE_DOCUMENT (NODE_id_node, DOCUMENT_id_doc) values (5,259);
insert into DOCUMENT (id_doc,datepublication, typedoc, nom, chemin) values(260,'2020-03-23','odt','famille ARBRE - DEA- i','./Identité/La famille/A/famille ARBRE - DEA- i.odt')
insert into NODE_DOCUMENT (NODE_id_node, DOCUMENT_id_doc) values (5,260);
insert into DOCUMENT (id_doc,datepublication, typedoc, nom, chemin) values(261,'2020-04-01','odt','Arbre généalogique à remplir - i','./Identité/La famille/Arbre généalogique à remplir - i.odt')
insert into NODE_DOCUMENT (NODE_id_node, DOCUMENT_id_doc) values (6,261);
insert into NODE (id_node,name, parent_node_id) values (7,'D',6);
insert into DOCUMENT (id_doc,datepublication, typedoc, nom, chemin) values(262,'2020-03-26','odt','Famille - D - ea','./Identité/La famille/D/Famille - D - ea.odt')
insert into NODE_DOCUMENT (NODE_id_node, DOCUMENT_id_doc) values (6,262);
insert into DOCUMENT (id_doc,datepublication, typedoc, nom, chemin) values(263,'2020-03-26','odt','Famille - D E - ea','./Identité/La famille/D/Famille - D E - ea.odt')
insert into NODE_DOCUMENT (NODE_id_node, DOCUMENT_id_doc) values (6,263);
insert into DOCUMENT (id_doc,datepublication, typedoc, nom, chemin) values(264,'2020-03-26','odt','Famille 2 - D - ea','./Identité/La famille/D/Famille 2 - D - ea.odt')
insert into NODE_DOCUMENT (NODE_id_node, DOCUMENT_id_doc) values (6,264);
insert into DOCUMENT (id_doc,datepublication, typedoc, nom, chemin) values(265,'2020-03-26','odt','Jeu de l_oie des Simpson - D- j','./Identité/La famille/D/Jeu de l_oie des Simpson - D- j.odt')
insert into NODE_DOCUMENT (NODE_id_node, DOCUMENT_id_doc) values (6,265);
insert into DOCUMENT (id_doc,datepublication, typedoc, nom, chemin) values(266,'2020-03-26','odt','La famille de Rebecca - D - fp','./Identité/La famille/D/La famille de Rebecca - D - fp.odt')
insert into NODE_DOCUMENT (NODE_id_node, DOCUMENT_id_doc) values (6,266);
insert into DOCUMENT (id_doc,datepublication, typedoc, nom, chemin) values(267,'2020-03-26','pdf','Test Famille - D - E - ea','./Identité/La famille/D/Test Famille - D - E - ea.pdf')
insert into NODE_DOCUMENT (NODE_id_node, DOCUMENT_id_doc) values (6,267);
insert into DOCUMENT (id_doc,datepublication, typedoc, nom, chemin) values(268,'2020-03-23','odt','famille ARBRE - DEA- i','./Identité/La famille/D/famille ARBRE - DEA- i.odt')
insert into NODE_DOCUMENT (NODE_id_node, DOCUMENT_id_doc) values (6,268);
insert into DOCUMENT (id_doc,datepublication, typedoc, nom, chemin) values(269,'2018-01-23','pdf','jeu-famille-possessif - D - j','./Identité/La famille/D/jeu-famille-possessif - D - j.pdf')
insert into NODE_DOCUMENT (NODE_id_node, DOCUMENT_id_doc) values (6,269);
insert into DOCUMENT (id_doc,datepublication, typedoc, nom, chemin) values(270,'2020-03-25','jpg','la-famille-simpsons - D - ea','./Identité/La famille/D/la-famille-simpsons - D - ea.jpg')
insert into NODE_DOCUMENT (NODE_id_node, DOCUMENT_id_doc) values (6,270);
insert into NODE (id_node,name, parent_node_id) values (8,'E',7);
insert into DOCUMENT (id_doc,datepublication, typedoc, nom, chemin) values(271,'2020-03-26','odt','Arbre à remplir - E A - ea','./Identité/La famille/E/Arbre à remplir - E A - ea.odt')
insert into NODE_DOCUMENT (NODE_id_node, DOCUMENT_id_doc) values (7,271);
insert into DOCUMENT (id_doc,datepublication, typedoc, nom, chemin) values(272,'2020-03-26','odt','Famille - D E - ea','./Identité/La famille/E/Famille - D E - ea.odt')
insert into NODE_DOCUMENT (NODE_id_node, DOCUMENT_id_doc) values (7,272);
insert into DOCUMENT (id_doc,datepublication, typedoc, nom, chemin) values(273,'2020-03-25','odt','Ma grande famille - E - A - ea','./Identité/La famille/E/Ma grande famille - E - A - ea.odt')
insert into NODE_DOCUMENT (NODE_id_node, DOCUMENT_id_doc) values (7,273);
insert into DOCUMENT (id_doc,datepublication, typedoc, nom, chemin) values(274,'2020-03-26','odt','Qui est-ce - E A - ea','./Identité/La famille/E/Qui est-ce - E A - ea.odt')
insert into NODE_DOCUMENT (NODE_id_node, DOCUMENT_id_doc) values (7,274);
insert into DOCUMENT (id_doc,datepublication, typedoc, nom, chemin) values(275,'2020-03-26','pdf','Test Famille - D - E - ea','./Identité/La famille/E/Test Famille - D - E - ea.pdf')
insert into NODE_DOCUMENT (NODE_id_node, DOCUMENT_id_doc) values (7,275);
insert into DOCUMENT (id_doc,datepublication, typedoc, nom, chemin) values(276,'2020-03-23','odt','famille ARBRE - DEA- i','./Identité/La famille/E/famille ARBRE - DEA- i.odt')
insert into NODE_DOCUMENT (NODE_id_node, DOCUMENT_id_doc) values (7,276);
insert into DOCUMENT (id_doc,datepublication, typedoc, nom, chemin) values(277,'2020-03-26','pdf','Malette pédagogique Estelle Mallet Prog 1 identité - D - fp','./Identité/Malette pédagogique Estelle Mallet Prog 1 identité - D - fp.pdf')
insert into NODE_DOCUMENT (NODE_id_node, DOCUMENT_id_doc) values (6,277);
insert into NODE (id_node,name, parent_node_id) values (7,'Se présenter Les goûts',6);
insert into NODE (id_node,name, parent_node_id) values (7,'A',6);
insert into DOCUMENT (id_doc,datepublication, typedoc, nom, chemin) values(278,'2018-09-24','docx','Pour faire connaissance-cartes thèmes - E A - ea','./Identité/Se présenter Les goûts/A/Pour faire connaissance-cartes thèmes - E A - ea.docx')
insert into NODE_DOCUMENT (NODE_id_node, DOCUMENT_id_doc) values (6,278);
insert into DOCUMENT (id_doc,datepublication, typedoc, nom, chemin) values(279,'2016-01-11','rtf','QuiEsTu - fiche pour se présenter - DEA - ea','./Identité/Se présenter Les goûts/A/QuiEsTu - fiche pour se présenter - DEA - ea.rtf')
insert into NODE_DOCUMENT (NODE_id_node, DOCUMENT_id_doc) values (6,279);
insert into NODE (id_node,name, parent_node_id) values (8,'D',7);
insert into DOCUMENT (id_doc,datepublication, typedoc, nom, chemin) values(280,'2020-03-26','odt','Fiche d_identité - D E - ea','./Identité/Se présenter Les goûts/D/Fiche d_identité - D E - ea.odt')
insert into NODE_DOCUMENT (NODE_id_node, DOCUMENT_id_doc) values (7,280);
insert into DOCUMENT (id_doc,datepublication, typedoc, nom, chemin) values(281,'2020-03-26','odt','Fiche de présentation - D E -ea','./Identité/Se présenter Les goûts/D/Fiche de présentation - D E -ea.odt')
insert into NODE_DOCUMENT (NODE_id_node, DOCUMENT_id_doc) values (7,281);
insert into DOCUMENT (id_doc,datepublication, typedoc, nom, chemin) values(282,'2020-03-26','pdf','Fiche de présentation - D E -ea','./Identité/Se présenter Les goûts/D/Fiche de présentation - D E -ea.pdf')
insert into NODE_DOCUMENT (NODE_id_node, DOCUMENT_id_doc) values (7,282);
insert into DOCUMENT (id_doc,datepublication, typedoc, nom, chemin) values(283,'2017-04-18','pdf','Fiches Se Présenter','./Identité/Se présenter Les goûts/D/Fiches Se Présenter.pdf')
insert into NODE_DOCUMENT (NODE_id_node, DOCUMENT_id_doc) values (7,283);
insert into DOCUMENT (id_doc,datepublication, typedoc, nom, chemin) values(284,'2020-03-26','pdf','Module 1 avec se présenter-nb-saisons- D - ea','./Identité/Se présenter Les goûts/D/Module 1 avec se présenter-nb-saisons- D - ea.pdf')
insert into NODE_DOCUMENT (NODE_id_node, DOCUMENT_id_doc) values (7,284);
insert into DOCUMENT (id_doc,datepublication, typedoc, nom, chemin) values(285,'2020-03-26','pdf','Saluer - D - ea','./Identité/Se présenter Les goûts/D/Saluer - D - ea.pdf')
insert into NODE_DOCUMENT (NODE_id_node, DOCUMENT_id_doc) values (7,285);
insert into DOCUMENT (id_doc,datepublication, typedoc, nom, chemin) values(286,'2020-03-17','odt','Se présenter +Tu-vous -D-E- fp','./Identité/Se présenter Les goûts/D/Se présenter +Tu-vous -D-E- fp.odt')
insert into NODE_DOCUMENT (NODE_id_node, DOCUMENT_id_doc) values (7,286);
insert into DOCUMENT (id_doc,datepublication, typedoc, nom, chemin) values(287,'2020-03-26','odt','Se présenter - D - ea','./Identité/Se présenter Les goûts/D/Se présenter - D - ea.odt')
insert into NODE_DOCUMENT (NODE_id_node, DOCUMENT_id_doc) values (7,287);
insert into DOCUMENT (id_doc,datepublication, typedoc, nom, chemin) values(288,'2020-03-26','odt','Se présenter - D - fp','./Identité/Se présenter Les goûts/D/Se présenter - D - fp.odt')
insert into NODE_DOCUMENT (NODE_id_node, DOCUMENT_id_doc) values (7,288);
insert into DOCUMENT (id_doc,datepublication, typedoc, nom, chemin) values(289,'2020-03-26','odt','Se présenter - D E - fp','./Identité/Se présenter Les goûts/D/Se présenter - D E - fp.odt')
insert into NODE_DOCUMENT (NODE_id_node, DOCUMENT_id_doc) values (7,289);
insert into DOCUMENT (id_doc,datepublication, typedoc, nom, chemin) values(290,'2017-09-13','docx','formulaire - D - ea','./Identité/Se présenter Les goûts/D/formulaire - D - ea.docx')
insert into NODE_DOCUMENT (NODE_id_node, DOCUMENT_id_doc) values (7,290);
insert into DOCUMENT (id_doc,datepublication, typedoc, nom, chemin) values(291,'2020-03-26','odt','la-presentation- D - E - fp ea','./Identité/Se présenter Les goûts/D/la-presentation- D - E - fp ea.odt')
insert into NODE_DOCUMENT (NODE_id_node, DOCUMENT_id_doc) values (7,291);
insert into DOCUMENT (id_doc,datepublication, typedoc, nom, chemin) values(292,'2012-12-05','doc','se présenter modèle - D E - t','./Identité/Se présenter Les goûts/D/se présenter modèle - D E - t.doc')
insert into NODE_DOCUMENT (NODE_id_node, DOCUMENT_id_doc) values (7,292);
insert into NODE (id_node,name, parent_node_id) values (9,'E',8);
insert into DOCUMENT (id_doc,datepublication, typedoc, nom, chemin) values(293,'2020-03-26','odt','Fiche d_identité - D E - ea','./Identité/Se présenter Les goûts/E/Fiche d_identité - D E - ea.odt')
insert into NODE_DOCUMENT (NODE_id_node, DOCUMENT_id_doc) values (8,293);
insert into DOCUMENT (id_doc,datepublication, typedoc, nom, chemin) values(294,'2020-03-26','odt','Fiche de présentation - D E -ea','./Identité/Se présenter Les goûts/E/Fiche de présentation - D E -ea.odt')
insert into NODE_DOCUMENT (NODE_id_node, DOCUMENT_id_doc) values (8,294);
insert into DOCUMENT (id_doc,datepublication, typedoc, nom, chemin) values(295,'2020-03-26','pdf','Fiche de présentation - D E -ea','./Identité/Se présenter Les goûts/E/Fiche de présentation - D E -ea.pdf')
insert into NODE_DOCUMENT (NODE_id_node, DOCUMENT_id_doc) values (8,295);
insert into DOCUMENT (id_doc,datepublication, typedoc, nom, chemin) values(296,'2018-09-24','docx','Pour faire connaissance-cartes thèmes - E A - ea','./Identité/Se présenter Les goûts/E/Pour faire connaissance-cartes thèmes - E A - ea.docx')
insert into NODE_DOCUMENT (NODE_id_node, DOCUMENT_id_doc) values (8,296);
insert into DOCUMENT (id_doc,datepublication, typedoc, nom, chemin) values(297,'2020-03-17','odt','Se présenter +Tu-vous -D-E -fp','./Identité/Se présenter Les goûts/E/Se présenter +Tu-vous -D-E -fp.odt')
insert into NODE_DOCUMENT (NODE_id_node, DOCUMENT_id_doc) values (8,297);
insert into DOCUMENT (id_doc,datepublication, typedoc, nom, chemin) values(298,'2020-03-26','odt','Se présenter - D E - fp','./Identité/Se présenter Les goûts/E/Se présenter - D E - fp.odt')
insert into NODE_DOCUMENT (NODE_id_node, DOCUMENT_id_doc) values (8,298);
insert into DOCUMENT (id_doc,datepublication, typedoc, nom, chemin) values(299,'2020-03-26','odt','la-presentation- D - E - fp ea','./Identité/Se présenter Les goûts/E/la-presentation- D - E - fp ea.odt')
insert into NODE_DOCUMENT (NODE_id_node, DOCUMENT_id_doc) values (8,299);
insert into DOCUMENT (id_doc,datepublication, typedoc, nom, chemin) values(300,'2012-12-05','doc','se présenter modèle - D E - t','./Identité/Se présenter Les goûts/E/se présenter modèle - D E - t.doc')
insert into NODE_DOCUMENT (NODE_id_node, DOCUMENT_id_doc) values (8,300);
insert into NODE (id_node,name, parent_node_id) values (8,'Sports et loisirs',7);
insert into NODE (id_node,name, parent_node_id) values (8,'A',7);
insert into DOCUMENT (id_doc,datepublication, typedoc, nom, chemin) values(301,'2020-03-19','odt','Ferrari activités de loisirs - A -fp','./Identité/Sports et loisirs/A/Ferrari activités de loisirs - A -fp.odt')
insert into NODE_DOCUMENT (NODE_id_node, DOCUMENT_id_doc) values (7,301);
insert into DOCUMENT (id_doc,datepublication, typedoc, nom, chemin) values(302,'2020-03-19','odt','Ferrari activités de loisirs 2- A -fp','./Identité/Sports et loisirs/A/Ferrari activités de loisirs 2- A -fp.odt')
insert into NODE_DOCUMENT (NODE_id_node, DOCUMENT_id_doc) values (7,302);
insert into DOCUMENT (id_doc,datepublication, typedoc, nom, chemin) values(303,'2013-11-12','docx','Les sports - E A - ea','./Identité/Sports et loisirs/A/Les sports - E A - ea.docx')
insert into NODE_DOCUMENT (NODE_id_node, DOCUMENT_id_doc) values (7,303);
insert into NODE (id_node,name, parent_node_id) values (9,'D',8);
insert into DOCUMENT (id_doc,datepublication, typedoc, nom, chemin) values(304,'2020-03-18','odt','Ferrari activités de loisirs - D (2)- fp','./Identité/Sports et loisirs/D/Ferrari activités de loisirs - D (2)- fp.odt')
insert into NODE_DOCUMENT (NODE_id_node, DOCUMENT_id_doc) values (8,304);
insert into DOCUMENT (id_doc,datepublication, typedoc, nom, chemin) values(305,'2020-03-18','odt','Ferrari activités de loisirs - D (1) - fp','./Identité/Sports et loisirs/D/Ferrari activités de loisirs - D (1) - fp.odt')
insert into NODE_DOCUMENT (NODE_id_node, DOCUMENT_id_doc) values (8,305);
insert into NODE (id_node,name, parent_node_id) values (10,'E',9);
insert into DOCUMENT (id_doc,datepublication, typedoc, nom, chemin) values(306,'2020-03-19','odt','Ferrari les loisirs - E - fp','./Identité/Sports et loisirs/E/Ferrari les loisirs - E - fp.odt')
insert into NODE_DOCUMENT (NODE_id_node, DOCUMENT_id_doc) values (9,306);
insert into DOCUMENT (id_doc,datepublication, typedoc, nom, chemin) values(307,'2013-11-12','docx','Les sports - E A - ea','./Identité/Sports et loisirs/E/Les sports - E A - ea.docx')
insert into NODE_DOCUMENT (NODE_id_node, DOCUMENT_id_doc) values (9,307);
insert into DOCUMENT (id_doc,datepublication, typedoc, nom, chemin) values(308,'2020-03-19','odt','ferrari les loisirs 2 - E - fp','./Identité/Sports et loisirs/E/ferrari les loisirs 2 - E - fp.odt')
insert into NODE_DOCUMENT (NODE_id_node, DOCUMENT_id_doc) values (9,308);
insert into DOCUMENT (id_doc,datepublication, typedoc, nom, chemin) values(309,'2012-12-05','pdf','Imagiers sports - animaux - alimentation - DEA - i','./Identité/Sports et loisirs/Imagiers sports - animaux - alimentation - DEA - i.pdf')
insert into NODE_DOCUMENT (NODE_id_node, DOCUMENT_id_doc) values (10,309);
insert into DOCUMENT (id_doc,datepublication, typedoc, nom, chemin) values(310,'2013-11-12','docx','images sports - DEA - i','./Identité/Sports et loisirs/images sports - DEA - i.docx')
insert into NODE_DOCUMENT (NODE_id_node, DOCUMENT_id_doc) values (10,310);
insert into NODE (id_node,name, parent_node_id) values (9,'Vêtements Apparence',8);
insert into NODE (id_node,name, parent_node_id) values (9,'A',8);
insert into DOCUMENT (id_doc,datepublication, typedoc, nom, chemin) values(311,'2017-10-02','pdf','Apparence physique - A - ea','./Identité/Vêtements Apparence/A/Apparence physique - A - ea.pdf')
insert into NODE_DOCUMENT (NODE_id_node, DOCUMENT_id_doc) values (8,311);
insert into DOCUMENT (id_doc,datepublication, typedoc, nom, chemin) values(312,'2020-03-26','odt','Description - E A - ea','./Identité/Vêtements Apparence/A/Description - E A - ea.odt')
insert into NODE_DOCUMENT (NODE_id_node, DOCUMENT_id_doc) values (8,312);
insert into DOCUMENT (id_doc,datepublication, typedoc, nom, chemin) values(313,'2020-03-26','odt','Devinez qui - D E A - j','./Identité/Vêtements Apparence/A/Devinez qui - D E A - j.odt')
insert into NODE_DOCUMENT (NODE_id_node, DOCUMENT_id_doc) values (8,313);
insert into DOCUMENT (id_doc,datepublication, typedoc, nom, chemin) values(314,'2020-03-27','odt','Les vêtements 2 - E -A - ea','./Identité/Vêtements Apparence/A/Les vêtements 2 - E -A - ea.odt')
insert into NODE_DOCUMENT (NODE_id_node, DOCUMENT_id_doc) values (8,314);
insert into DOCUMENT (id_doc,datepublication, typedoc, nom, chemin) values(315,'2020-03-27','odt','Vêtements et possessifs - E A - ea','./Identité/Vêtements Apparence/A/Vêtements et possessifs - E A - ea.odt')
insert into NODE_DOCUMENT (NODE_id_node, DOCUMENT_id_doc) values (8,315);
insert into NODE (id_node,name, parent_node_id) values (10,'D',9);
insert into DOCUMENT (id_doc,datepublication, typedoc, nom, chemin) values(316,'2020-03-26','odt','Devinez qui - D E A - j','./Identité/Vêtements Apparence/D/Devinez qui - D E A - j.odt')
insert into NODE_DOCUMENT (NODE_id_node, DOCUMENT_id_doc) values (9,316);
insert into DOCUMENT (id_doc,datepublication, typedoc, nom, chemin) values(317,'2018-01-23','pdf','Jeu-vocabulaire-vetements - D - j','./Identité/Vêtements Apparence/D/Jeu-vocabulaire-vetements - D - j.pdf')
insert into NODE_DOCUMENT (NODE_id_node, DOCUMENT_id_doc) values (9,317);
insert into DOCUMENT (id_doc,datepublication, typedoc, nom, chemin) values(318,'2020-03-26','odt','Les vetements 3 - D - ea','./Identité/Vêtements Apparence/D/Les vetements 3 - D - ea.odt')
insert into NODE_DOCUMENT (NODE_id_node, DOCUMENT_id_doc) values (9,318);
insert into DOCUMENT (id_doc,datepublication, typedoc, nom, chemin) values(319,'2020-03-26','odt','Les vêtements 2 - D E - ea','./Identité/Vêtements Apparence/D/Les vêtements 2 - D E - ea.odt')
insert into NODE_DOCUMENT (NODE_id_node, DOCUMENT_id_doc) values (9,319);
insert into DOCUMENT (id_doc,datepublication, typedoc, nom, chemin) values(320,'2020-03-26','odt','Mots cachés vêtements - D E - j','./Identité/Vêtements Apparence/D/Mots cachés vêtements - D E - j.odt')
insert into NODE_DOCUMENT (NODE_id_node, DOCUMENT_id_doc) values (9,320);
insert into DOCUMENT (id_doc,datepublication, typedoc, nom, chemin) values(321,'2020-03-26','odt','Mots croisés Vêtemenst - D E - j','./Identité/Vêtements Apparence/D/Mots croisés Vêtemenst - D E - j.odt')
insert into NODE_DOCUMENT (NODE_id_node, DOCUMENT_id_doc) values (9,321);
insert into DOCUMENT (id_doc,datepublication, typedoc, nom, chemin) values(322,'2020-03-27','odt','Vet- chaussures - D - ea','./Identité/Vêtements Apparence/D/Vet- chaussures - D - ea.odt')
insert into NODE_DOCUMENT (NODE_id_node, DOCUMENT_id_doc) values (9,322);
insert into DOCUMENT (id_doc,datepublication, typedoc, nom, chemin) values(323,'2020-03-26','odt','Vêtements - D - ea','./Identité/Vêtements Apparence/D/Vêtements - D - ea.odt')
insert into NODE_DOCUMENT (NODE_id_node, DOCUMENT_id_doc) values (9,323);
insert into DOCUMENT (id_doc,datepublication, typedoc, nom, chemin) values(324,'2020-03-26','odt','Vêtements - D E - i','./Identité/Vêtements Apparence/D/Vêtements - D E - i.odt')
insert into NODE_DOCUMENT (NODE_id_node, DOCUMENT_id_doc) values (9,324);
insert into DOCUMENT (id_doc,datepublication, typedoc, nom, chemin) values(325,'2018-11-06','jpg','qui-estce-activites-ludiques - D - i ea','./Identité/Vêtements Apparence/D/qui-estce-activites-ludiques - D - i ea.jpg')
insert into NODE_DOCUMENT (NODE_id_node, DOCUMENT_id_doc) values (9,325);
insert into NODE (id_node,name, parent_node_id) values (11,'E',10);
insert into DOCUMENT (id_doc,datepublication, typedoc, nom, chemin) values(326,'2017-10-02','pdf','Apparence physique - E - ea','./Identité/Vêtements Apparence/E/Apparence physique - E - ea.pdf')
insert into NODE_DOCUMENT (NODE_id_node, DOCUMENT_id_doc) values (10,326);
insert into DOCUMENT (id_doc,datepublication, typedoc, nom, chemin) values(327,'2020-03-26','odt','Description - E A - ea','./Identité/Vêtements Apparence/E/Description - E A - ea.odt')
insert into NODE_DOCUMENT (NODE_id_node, DOCUMENT_id_doc) values (10,327);
insert into DOCUMENT (id_doc,datepublication, typedoc, nom, chemin) values(328,'2020-03-26','odt','Devinez qui - D E A - j','./Identité/Vêtements Apparence/E/Devinez qui - D E A - j.odt')
insert into NODE_DOCUMENT (NODE_id_node, DOCUMENT_id_doc) values (10,328);
insert into DOCUMENT (id_doc,datepublication, typedoc, nom, chemin) values(329,'2020-03-27','odt','Les vêtements 2 - E -A - ea','./Identité/Vêtements Apparence/E/Les vêtements 2 - E -A - ea.odt')
insert into NODE_DOCUMENT (NODE_id_node, DOCUMENT_id_doc) values (10,329);
insert into DOCUMENT (id_doc,datepublication, typedoc, nom, chemin) values(330,'2020-03-26','odt','Les vêtements 2 - D E - ea','./Identité/Vêtements Apparence/E/Les vêtements 2 - D E - ea.odt')
insert into NODE_DOCUMENT (NODE_id_node, DOCUMENT_id_doc) values (10,330);
insert into DOCUMENT (id_doc,datepublication, typedoc, nom, chemin) values(331,'2020-03-26','odt','Mots cachés vêtements - D E - j','./Identité/Vêtements Apparence/E/Mots cachés vêtements - D E - j.odt')
insert into NODE_DOCUMENT (NODE_id_node, DOCUMENT_id_doc) values (10,331);
insert into DOCUMENT (id_doc,datepublication, typedoc, nom, chemin) values(332,'2020-03-26','odt','Mots croisés Vêtemenst - D E - j','./Identité/Vêtements Apparence/E/Mots croisés Vêtemenst - D E - j.odt')
insert into NODE_DOCUMENT (NODE_id_node, DOCUMENT_id_doc) values (10,332);
insert into DOCUMENT (id_doc,datepublication, typedoc, nom, chemin) values(333,'2020-03-26','odt','Vêtements - D E - i','./Identité/Vêtements Apparence/E/Vêtements - D E - i.odt')
insert into NODE_DOCUMENT (NODE_id_node, DOCUMENT_id_doc) values (10,333);
insert into DOCUMENT (id_doc,datepublication, typedoc, nom, chemin) values(334,'2020-03-27','odt','Vêtements et démonstratifs + verbe mettre - D E - ea (2)','./Identité/Vêtements Apparence/E/Vêtements et démonstratifs + verbe mettre - D E - ea (2).odt')
insert into NODE_DOCUMENT (NODE_id_node, DOCUMENT_id_doc) values (10,334);
insert into DOCUMENT (id_doc,datepublication, typedoc, nom, chemin) values(335,'2020-03-27','odt','Vêtements et possessifs - E A - ea','./Identité/Vêtements Apparence/E/Vêtements et possessifs - E A - ea.odt')
insert into NODE_DOCUMENT (NODE_id_node, DOCUMENT_id_doc) values (10,335);
insert into DOCUMENT (id_doc,datepublication, typedoc, nom, chemin) values(336,'2020-03-27','odt','vetement-test--devaluation - E - ea','./Identité/Vêtements Apparence/E/vetement-test--devaluation - E - ea.odt')
insert into NODE_DOCUMENT (NODE_id_node, DOCUMENT_id_doc) values (10,336);
insert into NODE (id_node,name, parent_node_id) values (6,'Jeux',5);
insert into NODE (id_node,name, parent_node_id) values (6,'Fiches de jeux',5);
insert into NODE (id_node,name, parent_node_id) values (6,'A',5);
insert into DOCUMENT (id_doc,datepublication, typedoc, nom, chemin) values(337,'2012-12-05','doc','11.FPLetableauvivant - E A - j','./Jeux/Fiches de jeux/A/11.FPLetableauvivant - E A - j.doc')
insert into NODE_DOCUMENT (NODE_id_node, DOCUMENT_id_doc) values (5,337);
insert into DOCUMENT (id_doc,datepublication, typedoc, nom, chemin) values(338,'2012-12-05','doc','12.FPAlagare - E A - j','./Jeux/Fiches de jeux/A/12.FPAlagare - E A - j.doc')
insert into NODE_DOCUMENT (NODE_id_node, DOCUMENT_id_doc) values (5,338);
insert into DOCUMENT (id_doc,datepublication, typedoc, nom, chemin) values(339,'2017-06-15','pdf','13 jeux pour la classe - D E A -j','./Jeux/Fiches de jeux/A/13 jeux pour la classe - D E A -j.pdf')
insert into NODE_DOCUMENT (NODE_id_node, DOCUMENT_id_doc) values (5,339);
insert into DOCUMENT (id_doc,datepublication, typedoc, nom, chemin) values(340,'2012-12-05','doc','16.FPLesnouvelles accord PP - A - j','./Jeux/Fiches de jeux/A/16.FPLesnouvelles accord PP - A - j.doc')
insert into NODE_DOCUMENT (NODE_id_node, DOCUMENT_id_doc) values (5,340);
insert into DOCUMENT (id_doc,datepublication, typedoc, nom, chemin) values(341,'2017-02-12','doc','cadavres exquis E A - j','./Jeux/Fiches de jeux/A/cadavres exquis E A - j.doc')
insert into NODE_DOCUMENT (NODE_id_node, DOCUMENT_id_doc) values (5,341);
insert into DOCUMENT (id_doc,datepublication, typedoc, nom, chemin) values(342,'2018-01-23','pdf','jeu-oral-fle-vies-anterieures - E A - j','./Jeux/Fiches de jeux/A/jeu-oral-fle-vies-anterieures - E A - j.pdf')
insert into NODE_DOCUMENT (NODE_id_node, DOCUMENT_id_doc) values (5,342);
insert into NODE (id_node,name, parent_node_id) values (7,'D',6);
insert into DOCUMENT (id_doc,datepublication, typedoc, nom, chemin) values(343,'2012-12-05','doc','1.FPrencontresfortuites D - j','./Jeux/Fiches de jeux/D/1.FPrencontresfortuites D - j.doc')
insert into NODE_DOCUMENT (NODE_id_node, DOCUMENT_id_doc) values (6,343);
insert into DOCUMENT (id_doc,datepublication, typedoc, nom, chemin) values(344,'2012-12-05','doc','10.FPObjetsmanquants - D E - j','./Jeux/Fiches de jeux/D/10.FPObjetsmanquants - D E - j.doc')
insert into NODE_DOCUMENT (NODE_id_node, DOCUMENT_id_doc) values (6,344);
insert into DOCUMENT (id_doc,datepublication, typedoc, nom, chemin) values(345,'2017-06-15','pdf','13 jeux pour la classe - D E A -j','./Jeux/Fiches de jeux/D/13 jeux pour la classe - D E A -j.pdf')
insert into NODE_DOCUMENT (NODE_id_node, DOCUMENT_id_doc) values (6,345);
insert into DOCUMENT (id_doc,datepublication, typedoc, nom, chemin) values(346,'2012-12-05','doc','13.FPLaplanque - D E - j','./Jeux/Fiches de jeux/D/13.FPLaplanque - D E - j.doc')
insert into NODE_DOCUMENT (NODE_id_node, DOCUMENT_id_doc) values (6,346);
insert into DOCUMENT (id_doc,datepublication, typedoc, nom, chemin) values(347,'2012-12-05','doc','14.FPItinrairesuivre - D E - j','./Jeux/Fiches de jeux/D/14.FPItinrairesuivre - D E - j.doc')
insert into NODE_DOCUMENT (NODE_id_node, DOCUMENT_id_doc) values (6,347);
insert into DOCUMENT (id_doc,datepublication, typedoc, nom, chemin) values(348,'2012-12-05','doc','15.FPLabatailleverbale - D E - j','./Jeux/Fiches de jeux/D/15.FPLabatailleverbale - D E - j.doc')
insert into NODE_DOCUMENT (NODE_id_node, DOCUMENT_id_doc) values (6,348);
insert into DOCUMENT (id_doc,datepublication, typedoc, nom, chemin) values(349,'2012-12-05','doc','17.FPLeprogrammeduweekend - D E - j','./Jeux/Fiches de jeux/D/17.FPLeprogrammeduweekend - D E - j.doc')
insert into NODE_DOCUMENT (NODE_id_node, DOCUMENT_id_doc) values (6,349);
insert into DOCUMENT (id_doc,datepublication, typedoc, nom, chemin) values(350,'2012-12-05','doc','2.FPbonjourbonsoir - D - j','./Jeux/Fiches de jeux/D/2.FPbonjourbonsoir - D - j.doc')
insert into NODE_DOCUMENT (NODE_id_node, DOCUMENT_id_doc) values (6,350);
insert into DOCUMENT (id_doc,datepublication, typedoc, nom, chemin) values(351,'2012-12-05','doc','3.FPMeminitiale - D ALPHA - j','./Jeux/Fiches de jeux/D/3.FPMeminitiale - D ALPHA - j.doc')
insert into NODE_DOCUMENT (NODE_id_node, DOCUMENT_id_doc) values (6,351);
insert into DOCUMENT (id_doc,datepublication, typedoc, nom, chemin) values(352,'2012-12-05','doc','4.FPpuzzle - D ALPHA - j','./Jeux/Fiches de jeux/D/4.FPpuzzle - D ALPHA - j.doc')
insert into NODE_DOCUMENT (NODE_id_node, DOCUMENT_id_doc) values (6,352);
insert into DOCUMENT (id_doc,datepublication, typedoc, nom, chemin) values(353,'2012-12-05','doc','5.FPetats - D E - j','./Jeux/Fiches de jeux/D/5.FPetats - D E - j.doc')
insert into NODE_DOCUMENT (NODE_id_node, DOCUMENT_id_doc) values (6,353);
insert into DOCUMENT (id_doc,datepublication, typedoc, nom, chemin) values(354,'2012-12-05','doc','6.FPcarrefourdtats - D E - j','./Jeux/Fiches de jeux/D/6.FPcarrefourdtats - D E - j.doc')
insert into NODE_DOCUMENT (NODE_id_node, DOCUMENT_id_doc) values (6,354);
insert into DOCUMENT (id_doc,datepublication, typedoc, nom, chemin) values(355,'2012-12-05','doc','7.FPmimtats - D - j','./Jeux/Fiches de jeux/D/7.FPmimtats - D - j.doc')
insert into NODE_DOCUMENT (NODE_id_node, DOCUMENT_id_doc) values (6,355);
insert into DOCUMENT (id_doc,datepublication, typedoc, nom, chemin) values(356,'2012-12-05','doc','8.FPBrvesrencontres - D E - j','./Jeux/Fiches de jeux/D/8.FPBrvesrencontres - D E - j.doc')
insert into NODE_DOCUMENT (NODE_id_node, DOCUMENT_id_doc) values (6,356);
insert into DOCUMENT (id_doc,datepublication, typedoc, nom, chemin) values(357,'2018-01-23','pdf','Jeu-vocabulaire-vetements - D - j','./Jeux/Fiches de jeux/D/Jeu-vocabulaire-vetements - D - j.pdf')
insert into NODE_DOCUMENT (NODE_id_node, DOCUMENT_id_doc) values (6,357);
insert into DOCUMENT (id_doc,datepublication, typedoc, nom, chemin) values(358,'2018-01-23','pdf','jeu-famille-possessif - D - j','./Jeux/Fiches de jeux/D/jeu-famille-possessif - D - j.pdf')
insert into NODE_DOCUMENT (NODE_id_node, DOCUMENT_id_doc) values (6,358);
insert into DOCUMENT (id_doc,datepublication, typedoc, nom, chemin) values(359,'2018-01-23','pdf','jeu-francais-être et avoir - D E - j','./Jeux/Fiches de jeux/D/jeu-francais-être et avoir - D E - j.pdf')
insert into NODE_DOCUMENT (NODE_id_node, DOCUMENT_id_doc) values (6,359);
insert into DOCUMENT (id_doc,datepublication, typedoc, nom, chemin) values(360,'2018-01-23','pdf','jeu-heures_ activités - D E - j','./Jeux/Fiches de jeux/D/jeu-heures_ activités - D E - j.pdf')
insert into NODE_DOCUMENT (NODE_id_node, DOCUMENT_id_doc) values (6,360);
insert into DOCUMENT (id_doc,datepublication, typedoc, nom, chemin) values(361,'2018-01-23','pdf','jeu-metiers - D E - j','./Jeux/Fiches de jeux/D/jeu-metiers - D E - j.pdf')
insert into NODE_DOCUMENT (NODE_id_node, DOCUMENT_id_doc) values (6,361);
insert into DOCUMENT (id_doc,datepublication, typedoc, nom, chemin) values(362,'2018-01-23','pdf','jeu-prepositionslieu - D E - j','./Jeux/Fiches de jeux/D/jeu-prepositionslieu - D E - j.pdf')
insert into NODE_DOCUMENT (NODE_id_node, DOCUMENT_id_doc) values (6,362);
insert into NODE (id_node,name, parent_node_id) values (8,'E',7);
insert into DOCUMENT (id_doc,datepublication, typedoc, nom, chemin) values(363,'2012-12-05','doc','10.FPObjetsmanquants - D E - j','./Jeux/Fiches de jeux/E/10.FPObjetsmanquants - D E - j.doc')
insert into NODE_DOCUMENT (NODE_id_node, DOCUMENT_id_doc) values (7,363);
insert into DOCUMENT (id_doc,datepublication, typedoc, nom, chemin) values(364,'2012-12-05','doc','11.FPLetableauvivant - E A - j','./Jeux/Fiches de jeux/E/11.FPLetableauvivant - E A - j.doc')
insert into NODE_DOCUMENT (NODE_id_node, DOCUMENT_id_doc) values (7,364);
insert into DOCUMENT (id_doc,datepublication, typedoc, nom, chemin) values(365,'2012-12-05','doc','12.FPAlagare - E A - j','./Jeux/Fiches de jeux/E/12.FPAlagare - E A - j.doc')
insert into NODE_DOCUMENT (NODE_id_node, DOCUMENT_id_doc) values (7,365);
insert into DOCUMENT (id_doc,datepublication, typedoc, nom, chemin) values(366,'2017-06-15','pdf','13 jeux pour la classe - D E A -j','./Jeux/Fiches de jeux/E/13 jeux pour la classe - D E A -j.pdf')
insert into NODE_DOCUMENT (NODE_id_node, DOCUMENT_id_doc) values (7,366);
insert into DOCUMENT (id_doc,datepublication, typedoc, nom, chemin) values(367,'2012-12-05','doc','13.FPLaplanque - D E - j','./Jeux/Fiches de jeux/E/13.FPLaplanque - D E - j.doc')
insert into NODE_DOCUMENT (NODE_id_node, DOCUMENT_id_doc) values (7,367);
insert into DOCUMENT (id_doc,datepublication, typedoc, nom, chemin) values(368,'2012-12-05','doc','14.FPItinrairesuivre - D E - j','./Jeux/Fiches de jeux/E/14.FPItinrairesuivre - D E - j.doc')
insert into NODE_DOCUMENT (NODE_id_node, DOCUMENT_id_doc) values (7,368);
insert into DOCUMENT (id_doc,datepublication, typedoc, nom, chemin) values(369,'2012-12-05','doc','15.FPLabatailleverbale - D E - j','./Jeux/Fiches de jeux/E/15.FPLabatailleverbale - D E - j.doc')
insert into NODE_DOCUMENT (NODE_id_node, DOCUMENT_id_doc) values (7,369);
insert into DOCUMENT (id_doc,datepublication, typedoc, nom, chemin) values(370,'2012-12-05','doc','17.FPLeprogrammeduweekend - D E - j','./Jeux/Fiches de jeux/E/17.FPLeprogrammeduweekend - D E - j.doc')
insert into NODE_DOCUMENT (NODE_id_node, DOCUMENT_id_doc) values (7,370);
insert into DOCUMENT (id_doc,datepublication, typedoc, nom, chemin) values(371,'2012-12-05','doc','5.FPetats - D E - j','./Jeux/Fiches de jeux/E/5.FPetats - D E - j.doc')
insert into NODE_DOCUMENT (NODE_id_node, DOCUMENT_id_doc) values (7,371);
insert into DOCUMENT (id_doc,datepublication, typedoc, nom, chemin) values(372,'2012-12-05','doc','6.FPcarrefourdtats - D E - j','./Jeux/Fiches de jeux/E/6.FPcarrefourdtats - D E - j.doc')
insert into NODE_DOCUMENT (NODE_id_node, DOCUMENT_id_doc) values (7,372);
insert into DOCUMENT (id_doc,datepublication, typedoc, nom, chemin) values(373,'2012-12-05','doc','8.FPBrvesrencontres - D E - j','./Jeux/Fiches de jeux/E/8.FPBrvesrencontres - D E - j.doc')
insert into NODE_DOCUMENT (NODE_id_node, DOCUMENT_id_doc) values (7,373);
insert into DOCUMENT (id_doc,datepublication, typedoc, nom, chemin) values(374,'2017-02-12','doc','cadavres exquis E A - j','./Jeux/Fiches de jeux/E/cadavres exquis E A - j.doc')
insert into NODE_DOCUMENT (NODE_id_node, DOCUMENT_id_doc) values (7,374);
insert into DOCUMENT (id_doc,datepublication, typedoc, nom, chemin) values(375,'2018-01-23','pdf','jeu-francais-être et avoir - D E - j','./Jeux/Fiches de jeux/E/jeu-francais-être et avoir - D E - j.pdf')
insert into NODE_DOCUMENT (NODE_id_node, DOCUMENT_id_doc) values (7,375);
insert into DOCUMENT (id_doc,datepublication, typedoc, nom, chemin) values(376,'2018-01-23','pdf','jeu-heures_ activités - D E - j','./Jeux/Fiches de jeux/E/jeu-heures_ activités - D E - j.pdf')
insert into NODE_DOCUMENT (NODE_id_node, DOCUMENT_id_doc) values (7,376);
insert into DOCUMENT (id_doc,datepublication, typedoc, nom, chemin) values(377,'2018-01-23','pdf','jeu-metiers - D E - j','./Jeux/Fiches de jeux/E/jeu-metiers - D E - j.pdf')
insert into NODE_DOCUMENT (NODE_id_node, DOCUMENT_id_doc) values (7,377);
insert into DOCUMENT (id_doc,datepublication, typedoc, nom, chemin) values(378,'2018-01-23','pdf','jeu-oral-fle-vies-anterieures - E A - j','./Jeux/Fiches de jeux/E/jeu-oral-fle-vies-anterieures - E A - j.pdf')
insert into NODE_DOCUMENT (NODE_id_node, DOCUMENT_id_doc) values (7,378);
insert into DOCUMENT (id_doc,datepublication, typedoc, nom, chemin) values(379,'2018-01-23','pdf','jeu-prepositionslieu - D E - j','./Jeux/Fiches de jeux/E/jeu-prepositionslieu - D E - j.pdf')
insert into NODE_DOCUMENT (NODE_id_node, DOCUMENT_id_doc) values (7,379);
insert into NODE (id_node,name, parent_node_id) values (7,'Jeux thèmes',6);
insert into NODE (id_node,name, parent_node_id) values (7,'A',6);
insert into DOCUMENT (id_doc,datepublication, typedoc, nom, chemin) values(380,'2019-08-26','pdf','Au-pied-de-la-lettre_pour-site(3) -j','./Jeux/Jeux thèmes/A/Au-pied-de-la-lettre_pour-site(3) -j.pdf')
insert into NODE_DOCUMENT (NODE_id_node, DOCUMENT_id_doc) values (6,380);
insert into DOCUMENT (id_doc,datepublication, typedoc, nom, chemin) values(381,'2020-03-27','doc','Ecriture creative - A - j','./Jeux/Jeux thèmes/A/Ecriture creative - A - j.doc')
insert into NODE_DOCUMENT (NODE_id_node, DOCUMENT_id_doc) values (6,381);
insert into DOCUMENT (id_doc,datepublication, typedoc, nom, chemin) values(382,'2020-03-20','doc','Jeux d_expression tous niveaux - D E A - j','./Jeux/Jeux thèmes/A/Jeux d_expression tous niveaux - D E A - j.doc')
insert into NODE_DOCUMENT (NODE_id_node, DOCUMENT_id_doc) values (6,382);
insert into DOCUMENT (id_doc,datepublication, typedoc, nom, chemin) values(383,'2020-03-27','doc','Jeux de lettres - E A - j','./Jeux/Jeux thèmes/A/Jeux de lettres - E A - j.doc')
insert into NODE_DOCUMENT (NODE_id_node, DOCUMENT_id_doc) values (6,383);
insert into DOCUMENT (id_doc,datepublication, typedoc, nom, chemin) values(384,'2012-12-05','doc','Jeux poétiques - E A - j','./Jeux/Jeux thèmes/A/Jeux poétiques - E A - j.doc')
insert into NODE_DOCUMENT (NODE_id_node, DOCUMENT_id_doc) values (6,384);
insert into DOCUMENT (id_doc,datepublication, typedoc, nom, chemin) values(385,'2017-06-20','docx','Le petit bac E A - j','./Jeux/Jeux thèmes/A/Le petit bac E A - j.docx')
insert into NODE_DOCUMENT (NODE_id_node, DOCUMENT_id_doc) values (6,385);
insert into DOCUMENT (id_doc,datepublication, typedoc, nom, chemin) values(386,'2016-02-01','pdf','Timesup - D E A - j','./Jeux/Jeux thèmes/A/Timesup - D E A - j.pdf')
insert into NODE_DOCUMENT (NODE_id_node, DOCUMENT_id_doc) values (6,386);
insert into DOCUMENT (id_doc,datepublication, typedoc, nom, chemin) values(387,'2013-11-13','pdf','Activités pour les ateliers - tous niveaux - DEA -j','./Jeux/Jeux thèmes/Activités pour les ateliers - tous niveaux - DEA -j.pdf')
insert into NODE_DOCUMENT (NODE_id_node, DOCUMENT_id_doc) values (7,387);
insert into NODE (id_node,name, parent_node_id) values (8,'D',7);
insert into DOCUMENT (id_doc,datepublication, typedoc, nom, chemin) values(388,'2020-03-20','doc','Jeux d_expression tous niveaux - D E A - j','./Jeux/Jeux thèmes/D/Jeux d_expression tous niveaux - D E A - j.doc')
insert into NODE_DOCUMENT (NODE_id_node, DOCUMENT_id_doc) values (7,388);
insert into DOCUMENT (id_doc,datepublication, typedoc, nom, chemin) values(389,'2017-02-12','docx','Le téléphone sans fil - D E - j','./Jeux/Jeux thèmes/D/Le téléphone sans fil - D E - j.docx')
insert into NODE_DOCUMENT (NODE_id_node, DOCUMENT_id_doc) values (7,389);
insert into DOCUMENT (id_doc,datepublication, typedoc, nom, chemin) values(390,'2016-02-01','pdf','Timesup - D E A - j','./Jeux/Jeux thèmes/D/Timesup - D E A - j.pdf')
insert into NODE_DOCUMENT (NODE_id_node, DOCUMENT_id_doc) values (7,390);
insert into DOCUMENT (id_doc,datepublication, typedoc, nom, chemin) values(391,'2020-02-05','docx','dans-la-ville-jeu-de-memoire- - D - j','./Jeux/Jeux thèmes/D/dans-la-ville-jeu-de-memoire- - D - j.docx')
insert into NODE_DOCUMENT (NODE_id_node, DOCUMENT_id_doc) values (7,391);
insert into DOCUMENT (id_doc,datepublication, typedoc, nom, chemin) values(392,'2018-01-23','pdf','jeu-prepositionslieu - D E - j','./Jeux/Jeux thèmes/D/jeu-prepositionslieu - D E - j.pdf')
insert into NODE_DOCUMENT (NODE_id_node, DOCUMENT_id_doc) values (7,392);
insert into DOCUMENT (id_doc,datepublication, typedoc, nom, chemin) values(393,'2017-05-29','pdf','livre jeu PASS - D - j','./Jeux/Jeux thèmes/D/livre jeu PASS - D - j.pdf')
insert into NODE_DOCUMENT (NODE_id_node, DOCUMENT_id_doc) values (7,393);
insert into DOCUMENT (id_doc,datepublication, typedoc, nom, chemin) values(394,'2018-05-23','pdf','loto - D E - j','./Jeux/Jeux thèmes/D/loto - D E - j.pdf')
insert into NODE_DOCUMENT (NODE_id_node, DOCUMENT_id_doc) values (7,394);
insert into NODE (id_node,name, parent_node_id) values (9,'E',8);
insert into DOCUMENT (id_doc,datepublication, typedoc, nom, chemin) values(395,'2019-08-26','pdf','Au-pied-de-la-lettre_pour-site(3) -j','./Jeux/Jeux thèmes/E/Au-pied-de-la-lettre_pour-site(3) -j.pdf')
insert into NODE_DOCUMENT (NODE_id_node, DOCUMENT_id_doc) values (8,395);
insert into DOCUMENT (id_doc,datepublication, typedoc, nom, chemin) values(396,'2020-03-20','doc','Jeux d_expression tous niveaux - D E A - j','./Jeux/Jeux thèmes/E/Jeux d_expression tous niveaux - D E A - j.doc')
insert into NODE_DOCUMENT (NODE_id_node, DOCUMENT_id_doc) values (8,396);
insert into DOCUMENT (id_doc,datepublication, typedoc, nom, chemin) values(397,'2020-03-27','doc','Jeux de lettres - E A - j','./Jeux/Jeux thèmes/E/Jeux de lettres - E A - j.doc')
insert into NODE_DOCUMENT (NODE_id_node, DOCUMENT_id_doc) values (8,397);
insert into DOCUMENT (id_doc,datepublication, typedoc, nom, chemin) values(398,'2012-12-05','doc','Jeux poétiques - E A - j','./Jeux/Jeux thèmes/E/Jeux poétiques - E A - j.doc')
insert into NODE_DOCUMENT (NODE_id_node, DOCUMENT_id_doc) values (8,398);
insert into DOCUMENT (id_doc,datepublication, typedoc, nom, chemin) values(399,'2017-06-20','docx','Le petit bac E A - j','./Jeux/Jeux thèmes/E/Le petit bac E A - j.docx')
insert into NODE_DOCUMENT (NODE_id_node, DOCUMENT_id_doc) values (8,399);
insert into DOCUMENT (id_doc,datepublication, typedoc, nom, chemin) values(400,'2017-02-12','docx','Le téléphone sans fil - D E - j','./Jeux/Jeux thèmes/E/Le téléphone sans fil - D E - j.docx')
insert into NODE_DOCUMENT (NODE_id_node, DOCUMENT_id_doc) values (8,400);
insert into DOCUMENT (id_doc,datepublication, typedoc, nom, chemin) values(401,'2016-02-01','pdf','Timesup - D E A - j','./Jeux/Jeux thèmes/E/Timesup - D E A - j.pdf')
insert into NODE_DOCUMENT (NODE_id_node, DOCUMENT_id_doc) values (8,401);
insert into DOCUMENT (id_doc,datepublication, typedoc, nom, chemin) values(402,'2018-01-23','pdf','jeu-prepositionslieu - D E - j','./Jeux/Jeux thèmes/E/jeu-prepositionslieu - D E - j.pdf')
insert into NODE_DOCUMENT (NODE_id_node, DOCUMENT_id_doc) values (8,402);
insert into DOCUMENT (id_doc,datepublication, typedoc, nom, chemin) values(403,'2018-05-23','pdf','loto - D E - j','./Jeux/Jeux thèmes/E/loto - D E - j.pdf')
insert into NODE_DOCUMENT (NODE_id_node, DOCUMENT_id_doc) values (8,403);
insert into DOCUMENT (id_doc,datepublication, typedoc, nom, chemin) values(404,'2012-12-05','pptx','questions jeu avec réponses - E - j','./Jeux/Jeux thèmes/E/questions jeu avec réponses - E - j.pptx')
insert into NODE_DOCUMENT (NODE_id_node, DOCUMENT_id_doc) values (8,404);
insert into NODE (id_node,name, parent_node_id) values (8,'jeu de familles',7);
insert into DOCUMENT (id_doc,datepublication, typedoc, nom, chemin) values(405,'2012-12-05','pdf','7 familles sons - D E - j','./Jeux/jeu de familles/7 familles sons - D E - j.pdf')
insert into NODE_DOCUMENT (NODE_id_node, DOCUMENT_id_doc) values (7,405);
insert into DOCUMENT (id_doc,datepublication, typedoc, nom, chemin) values(406,'2012-12-05','pdf','7 familles sons 5 - D E - j','./Jeux/jeu de familles/7 familles sons 5 - D E - j.pdf')
insert into NODE_DOCUMENT (NODE_id_node, DOCUMENT_id_doc) values (7,406);
insert into DOCUMENT (id_doc,datepublication, typedoc, nom, chemin) values(407,'2019-08-26','pdf','8-familles-de-sons-complexes(3) - D E - j','./Jeux/jeu de familles/8-familles-de-sons-complexes(3) - D E - j.pdf')
insert into NODE_DOCUMENT (NODE_id_node, DOCUMENT_id_doc) values (7,407);
insert into NODE (id_node,name, parent_node_id) values (8,'Jeu des femmes françaises célèbres',7);
insert into DOCUMENT (id_doc,datepublication, typedoc, nom, chemin) values(408,'2019-05-12','pdf','-6 Chanteuses','./Jeux/jeu de familles/Jeu des femmes françaises célèbres/-6 Chanteuses.pdf')
insert into NODE_DOCUMENT (NODE_id_node, DOCUMENT_id_doc) values (7,408);
insert into DOCUMENT (id_doc,datepublication, typedoc, nom, chemin) values(409,'2019-05-20','pdf','-6 Résistantes','./Jeux/jeu de familles/Jeu des femmes françaises célèbres/-6 Résistantes.pdf')
insert into NODE_DOCUMENT (NODE_id_node, DOCUMENT_id_doc) values (7,409);
insert into DOCUMENT (id_doc,datepublication, typedoc, nom, chemin) values(410,'2019-05-12','pdf','-6 Sportives','./Jeux/jeu de familles/Jeu des femmes françaises célèbres/-6 Sportives.pdf')
insert into NODE_DOCUMENT (NODE_id_node, DOCUMENT_id_doc) values (7,410);
insert into DOCUMENT (id_doc,datepublication, typedoc, nom, chemin) values(411,'2019-05-12','pdf','-6 aventurières','./Jeux/jeu de familles/Jeu des femmes françaises célèbres/-6 aventurières.pdf')
insert into NODE_DOCUMENT (NODE_id_node, DOCUMENT_id_doc) values (7,411);
insert into DOCUMENT (id_doc,datepublication, typedoc, nom, chemin) values(412,'2019-05-12','pdf','-6 comédiennes (1)','./Jeux/jeu de familles/Jeu des femmes françaises célèbres/-6 comédiennes (1).pdf')
insert into NODE_DOCUMENT (NODE_id_node, DOCUMENT_id_doc) values (7,412);
insert into DOCUMENT (id_doc,datepublication, typedoc, nom, chemin) values(413,'2019-05-12','pdf','-6 femmes d_affaires','./Jeux/jeu de familles/Jeu des femmes françaises célèbres/-6 femmes d_affaires.pdf')
insert into NODE_DOCUMENT (NODE_id_node, DOCUMENT_id_doc) values (7,413);
insert into DOCUMENT (id_doc,datepublication, typedoc, nom, chemin) values(414,'2019-05-12','pub','-6 femmes d_affaires','./Jeux/jeu de familles/Jeu des femmes françaises célèbres/-6 femmes d_affaires.pub')
insert into NODE_DOCUMENT (NODE_id_node, DOCUMENT_id_doc) values (7,414);
insert into DOCUMENT (id_doc,datepublication, typedoc, nom, chemin) values(415,'2019-05-12','pdf','-6 militantes droits','./Jeux/jeu de familles/Jeu des femmes françaises célèbres/-6 militantes droits.pdf')
insert into NODE_DOCUMENT (NODE_id_node, DOCUMENT_id_doc) values (7,415);
insert into DOCUMENT (id_doc,datepublication, typedoc, nom, chemin) values(416,'2019-05-12','pdf','-6 militantes écolo','./Jeux/jeu de familles/Jeu des femmes françaises célèbres/-6 militantes écolo.pdf')
insert into NODE_DOCUMENT (NODE_id_node, DOCUMENT_id_doc) values (7,416);
insert into DOCUMENT (id_doc,datepublication, typedoc, nom, chemin) values(417,'2019-05-12','pdf','-6 plasticiennes','./Jeux/jeu de familles/Jeu des femmes françaises célèbres/-6 plasticiennes.pdf')
insert into NODE_DOCUMENT (NODE_id_node, DOCUMENT_id_doc) values (7,417);
insert into DOCUMENT (id_doc,datepublication, typedoc, nom, chemin) values(418,'2019-05-12','pdf','-6 scientifiques','./Jeux/jeu de familles/Jeu des femmes françaises célèbres/-6 scientifiques.pdf')
insert into NODE_DOCUMENT (NODE_id_node, DOCUMENT_id_doc) values (7,418);
insert into DOCUMENT (id_doc,datepublication, typedoc, nom, chemin) values(419,'2019-05-12','pdf','-6 écrivaines','./Jeux/jeu de familles/Jeu des femmes françaises célèbres/-6 écrivaines.pdf')
insert into NODE_DOCUMENT (NODE_id_node, DOCUMENT_id_doc) values (7,419);
insert into DOCUMENT (id_doc,datepublication, typedoc, nom, chemin) values(420,'2019-05-12','docx','Fabriquer le Jeu des familles de femmes françaises célèbres','./Jeux/jeu de familles/Jeu des femmes françaises célèbres/Fabriquer le Jeu des familles de femmes françaises célèbres.docx')
insert into NODE_DOCUMENT (NODE_id_node, DOCUMENT_id_doc) values (7,420);
insert into DOCUMENT (id_doc,datepublication, typedoc, nom, chemin) values(421,'2019-05-12','odt','Fabriquer le Jeu des familles de femmes françaises célèbres','./Jeux/jeu de familles/Jeu des femmes françaises célèbres/Fabriquer le Jeu des familles de femmes françaises célèbres.odt')
insert into NODE_DOCUMENT (NODE_id_node, DOCUMENT_id_doc) values (7,421);
insert into DOCUMENT (id_doc,datepublication, typedoc, nom, chemin) values(422,'2019-03-28','pdf','Françaises célèbres','./Jeux/jeu de familles/Jeu des femmes françaises célèbres/Françaises célèbres.pdf')
insert into NODE_DOCUMENT (NODE_id_node, DOCUMENT_id_doc) values (7,422);
insert into DOCUMENT (id_doc,datepublication, typedoc, nom, chemin) values(423,'2019-05-09','docx','Présentation - Le jeu de familles','./Jeux/jeu de familles/Jeu des femmes françaises célèbres/Présentation - Le jeu de familles.docx')
insert into NODE_DOCUMENT (NODE_id_node, DOCUMENT_id_doc) values (7,423);
insert into NODE (id_node,name, parent_node_id) values (9,'jeux de l_oie',8);
insert into NODE (id_node,name, parent_node_id) values (9,'A',8);
insert into DOCUMENT (id_doc,datepublication, typedoc, nom, chemin) values(424,'2012-12-05','pdf','OIE 3 Circuit,niveau3 - E A - j','./Jeux/jeux de l_oie/A/OIE 3 Circuit,niveau3 - E A - j.pdf')
insert into NODE_DOCUMENT (NODE_id_node, DOCUMENT_id_doc) values (8,424);
insert into DOCUMENT (id_doc,datepublication, typedoc, nom, chemin) values(425,'2012-12-05','pdf','OIE 4 Circuit,niveau4 - A - j','./Jeux/jeux de l_oie/A/OIE 4 Circuit,niveau4 - A - j.pdf')
insert into NODE_DOCUMENT (NODE_id_node, DOCUMENT_id_doc) values (8,425);
insert into DOCUMENT (id_doc,datepublication, typedoc, nom, chemin) values(426,'2012-12-05','gif','Parler de... - E A - j','./Jeux/jeux de l_oie/A/Parler de... - E A - j.gif')
insert into NODE_DOCUMENT (NODE_id_node, DOCUMENT_id_doc) values (8,426);
insert into DOCUMENT (id_doc,datepublication, typedoc, nom, chemin) values(427,'2012-12-05','doc','doc_Jeu_oie_vierge_2 - DEA - j','./Jeux/jeux de l_oie/A/doc_Jeu_oie_vierge_2 - DEA - j.doc')
insert into NODE_DOCUMENT (NODE_id_node, DOCUMENT_id_doc) values (8,427);
insert into NODE (id_node,name, parent_node_id) values (10,'D',9);
insert into DOCUMENT (id_doc,datepublication, typedoc, nom, chemin) values(428,'2020-03-26','odt','Jeu de l_oie des Simpson - D- j','./Jeux/jeux de l_oie/D/Jeu de l_oie des Simpson - D- j.odt')
insert into NODE_DOCUMENT (NODE_id_node, DOCUMENT_id_doc) values (9,428);
insert into DOCUMENT (id_doc,datepublication, typedoc, nom, chemin) values(429,'2012-12-05','pdf','OIE 1 Circuit,niveau 1[1] - DE - j','./Jeux/jeux de l_oie/D/OIE 1 Circuit,niveau 1[1] - DE - j.pdf')
insert into NODE_DOCUMENT (NODE_id_node, DOCUMENT_id_doc) values (9,429);
insert into DOCUMENT (id_doc,datepublication, typedoc, nom, chemin) values(430,'2012-12-05','pdf','OIE 2 Circuit,niveau2[1] - DE - j','./Jeux/jeux de l_oie/D/OIE 2 Circuit,niveau2[1] - DE - j.pdf')
insert into NODE_DOCUMENT (NODE_id_node, DOCUMENT_id_doc) values (9,430);
insert into DOCUMENT (id_doc,datepublication, typedoc, nom, chemin) values(431,'2012-12-05','doc','doc_Jeu_oie_vierge_2 - DEA - j','./Jeux/jeux de l_oie/D/doc_Jeu_oie_vierge_2 - DEA - j.doc')
insert into NODE_DOCUMENT (NODE_id_node, DOCUMENT_id_doc) values (9,431);
insert into NODE (id_node,name, parent_node_id) values (11,'E',10);
insert into DOCUMENT (id_doc,datepublication, typedoc, nom, chemin) values(432,'2012-12-05','pdf','OIE 1 Circuit,niveau 1[1] - DE - j','./Jeux/jeux de l_oie/E/OIE 1 Circuit,niveau 1[1] - DE - j.pdf')
insert into NODE_DOCUMENT (NODE_id_node, DOCUMENT_id_doc) values (10,432);
insert into DOCUMENT (id_doc,datepublication, typedoc, nom, chemin) values(433,'2012-12-05','pdf','OIE 2 Circuit,niveau2[1] - DE - j','./Jeux/jeux de l_oie/E/OIE 2 Circuit,niveau2[1] - DE - j.pdf')
insert into NODE_DOCUMENT (NODE_id_node, DOCUMENT_id_doc) values (10,433);
insert into DOCUMENT (id_doc,datepublication, typedoc, nom, chemin) values(434,'2012-12-05','pdf','OIE 3 Circuit,niveau3 - E A - j','./Jeux/jeux de l_oie/E/OIE 3 Circuit,niveau3 - E A - j.pdf')
insert into NODE_DOCUMENT (NODE_id_node, DOCUMENT_id_doc) values (10,434);
insert into DOCUMENT (id_doc,datepublication, typedoc, nom, chemin) values(435,'2012-12-05','gif','Parler de... - E A - j','./Jeux/jeux de l_oie/E/Parler de... - E A - j.gif')
insert into NODE_DOCUMENT (NODE_id_node, DOCUMENT_id_doc) values (10,435);
insert into DOCUMENT (id_doc,datepublication, typedoc, nom, chemin) values(436,'2012-12-05','doc','doc_Jeu_oie_vierge_2 - DEA - j','./Jeux/jeux de l_oie/E/doc_Jeu_oie_vierge_2 - DEA - j.doc')
insert into NODE_DOCUMENT (NODE_id_node, DOCUMENT_id_doc) values (10,436);
insert into NODE (id_node,name, parent_node_id) values (10,'jeux de pistes',9);
insert into NODE (id_node,name, parent_node_id) values (10,'A',9);
insert into DOCUMENT (id_doc,datepublication, typedoc, nom, chemin) values(437,'2012-12-05','docx','Jeu de piste ASL1 - DEA - j (1)','./Jeux/jeux de pistes/A/Jeu de piste ASL1 - DEA - j (1).docx')
insert into NODE_DOCUMENT (NODE_id_node, DOCUMENT_id_doc) values (9,437);
insert into DOCUMENT (id_doc,datepublication, typedoc, nom, chemin) values(438,'2012-12-05','docx','Jeu de piste ASL2 - DEA - j (2)','./Jeux/jeux de pistes/A/Jeu de piste ASL2 - DEA - j (2).docx')
insert into NODE_DOCUMENT (NODE_id_node, DOCUMENT_id_doc) values (9,438);
insert into DOCUMENT (id_doc,datepublication, typedoc, nom, chemin) values(439,'2016-05-12','pdf','Jeu de piste ASL3 - DEA - j','./Jeux/jeux de pistes/A/Jeu de piste ASL3 - DEA - j.pdf')
insert into NODE_DOCUMENT (NODE_id_node, DOCUMENT_id_doc) values (9,439);
insert into DOCUMENT (id_doc,datepublication, typedoc, nom, chemin) values(440,'2012-12-05','doc','Jeu de piste ASL4 - DEA - j 1','./Jeux/jeux de pistes/A/Jeu de piste ASL4 - DEA - j 1.doc')
insert into NODE_DOCUMENT (NODE_id_node, DOCUMENT_id_doc) values (9,440);
insert into DOCUMENT (id_doc,datepublication, typedoc, nom, chemin) values(441,'2012-12-05','docx','Jeu de piste ASL5 - DEA - j (4)','./Jeux/jeux de pistes/A/Jeu de piste ASL5 - DEA - j (4).docx')
insert into NODE_DOCUMENT (NODE_id_node, DOCUMENT_id_doc) values (9,441);
insert into DOCUMENT (id_doc,datepublication, typedoc, nom, chemin) values(442,'2012-12-05','docx','Jeu de piste ASL6 - DEA - j (3)','./Jeux/jeux de pistes/A/Jeu de piste ASL6 - DEA - j (3).docx')
insert into NODE_DOCUMENT (NODE_id_node, DOCUMENT_id_doc) values (9,442);
insert into DOCUMENT (id_doc,datepublication, typedoc, nom, chemin) values(443,'2013-11-12','doc','Jeu de piste ASL7 - DEA - j (2)','./Jeux/jeux de pistes/A/Jeu de piste ASL7 - DEA - j (2).doc')
insert into NODE_DOCUMENT (NODE_id_node, DOCUMENT_id_doc) values (9,443);
insert into NODE (id_node,name, parent_node_id) values (11,'D',10);
insert into DOCUMENT (id_doc,datepublication, typedoc, nom, chemin) values(444,'2012-12-05','docx','Jeu de piste ASL1 - DEA - j (1)','./Jeux/jeux de pistes/D/Jeu de piste ASL1 - DEA - j (1).docx')
insert into NODE_DOCUMENT (NODE_id_node, DOCUMENT_id_doc) values (10,444);
insert into DOCUMENT (id_doc,datepublication, typedoc, nom, chemin) values(445,'2012-12-05','docx','Jeu de piste ASL2 - DEA - j (2)','./Jeux/jeux de pistes/D/Jeu de piste ASL2 - DEA - j (2).docx')
insert into NODE_DOCUMENT (NODE_id_node, DOCUMENT_id_doc) values (10,445);
insert into DOCUMENT (id_doc,datepublication, typedoc, nom, chemin) values(446,'2016-05-12','pdf','Jeu de piste ASL3 - DEA - j','./Jeux/jeux de pistes/D/Jeu de piste ASL3 - DEA - j.pdf')
insert into NODE_DOCUMENT (NODE_id_node, DOCUMENT_id_doc) values (10,446);
insert into DOCUMENT (id_doc,datepublication, typedoc, nom, chemin) values(447,'2012-12-05','doc','Jeu de piste ASL4 - DEA - j 1','./Jeux/jeux de pistes/D/Jeu de piste ASL4 - DEA - j 1.doc')
insert into NODE_DOCUMENT (NODE_id_node, DOCUMENT_id_doc) values (10,447);
insert into DOCUMENT (id_doc,datepublication, typedoc, nom, chemin) values(448,'2012-12-05','docx','Jeu de piste ASL5 - DEA - j (4)','./Jeux/jeux de pistes/D/Jeu de piste ASL5 - DEA - j (4).docx')
insert into NODE_DOCUMENT (NODE_id_node, DOCUMENT_id_doc) values (10,448);
insert into DOCUMENT (id_doc,datepublication, typedoc, nom, chemin) values(449,'2012-12-05','docx','Jeu de piste ASL6 - DEA - j (3)','./Jeux/jeux de pistes/D/Jeu de piste ASL6 - DEA - j (3).docx')
insert into NODE_DOCUMENT (NODE_id_node, DOCUMENT_id_doc) values (10,449);
insert into DOCUMENT (id_doc,datepublication, typedoc, nom, chemin) values(450,'2013-11-12','doc','Jeu de piste ASL7 - DEA - j (2)','./Jeux/jeux de pistes/D/Jeu de piste ASL7 - DEA - j (2).doc')
insert into NODE_DOCUMENT (NODE_id_node, DOCUMENT_id_doc) values (10,450);
insert into NODE (id_node,name, parent_node_id) values (12,'E',11);
insert into DOCUMENT (id_doc,datepublication, typedoc, nom, chemin) values(451,'2012-12-05','docx','Jeu de piste ASL1 - DEA - j (1)','./Jeux/jeux de pistes/E/Jeu de piste ASL1 - DEA - j (1).docx')
insert into NODE_DOCUMENT (NODE_id_node, DOCUMENT_id_doc) values (11,451);
insert into DOCUMENT (id_doc,datepublication, typedoc, nom, chemin) values(452,'2012-12-05','docx','Jeu de piste ASL2 - DEA - j (2)','./Jeux/jeux de pistes/E/Jeu de piste ASL2 - DEA - j (2).docx')
insert into NODE_DOCUMENT (NODE_id_node, DOCUMENT_id_doc) values (11,452);
insert into DOCUMENT (id_doc,datepublication, typedoc, nom, chemin) values(453,'2016-05-12','pdf','Jeu de piste ASL3 - DEA - j','./Jeux/jeux de pistes/E/Jeu de piste ASL3 - DEA - j.pdf')
insert into NODE_DOCUMENT (NODE_id_node, DOCUMENT_id_doc) values (11,453);
insert into DOCUMENT (id_doc,datepublication, typedoc, nom, chemin) values(454,'2012-12-05','doc','Jeu de piste ASL4 - DEA - j 1','./Jeux/jeux de pistes/E/Jeu de piste ASL4 - DEA - j 1.doc')
insert into NODE_DOCUMENT (NODE_id_node, DOCUMENT_id_doc) values (11,454);
insert into DOCUMENT (id_doc,datepublication, typedoc, nom, chemin) values(455,'2012-12-05','docx','Jeu de piste ASL5 - DEA - j (4)','./Jeux/jeux de pistes/E/Jeu de piste ASL5 - DEA - j (4).docx')
insert into NODE_DOCUMENT (NODE_id_node, DOCUMENT_id_doc) values (11,455);
insert into DOCUMENT (id_doc,datepublication, typedoc, nom, chemin) values(456,'2012-12-05','docx','Jeu de piste ASL6 - DEA - j (3)','./Jeux/jeux de pistes/E/Jeu de piste ASL6 - DEA - j (3).docx')
insert into NODE_DOCUMENT (NODE_id_node, DOCUMENT_id_doc) values (11,456);
insert into DOCUMENT (id_doc,datepublication, typedoc, nom, chemin) values(457,'2013-11-12','doc','Jeu de piste ASL7 - DEA - j (2)','./Jeux/jeux de pistes/E/Jeu de piste ASL7 - DEA - j (2).doc')
insert into NODE_DOCUMENT (NODE_id_node, DOCUMENT_id_doc) values (11,457);
insert into NODE (id_node,name, parent_node_id) values (11,'jeux de rôle',10);
insert into NODE (id_node,name, parent_node_id) values (11,'A',10);
insert into DOCUMENT (id_doc,datepublication, typedoc, nom, chemin) values(458,'2012-12-05','docx','Jeu de rôle argumentation - A - j','./Jeux/jeux de rôle/A/Jeu de rôle argumentation - A - j.docx')
insert into NODE_DOCUMENT (NODE_id_node, DOCUMENT_id_doc) values (10,458);
insert into DOCUMENT (id_doc,datepublication, typedoc, nom, chemin) values(459,'2013-11-12','docx','jeu annuler un rdv - D E A - j','./Jeux/jeux de rôle/A/jeu annuler un rdv - D E A - j.docx')
insert into NODE_DOCUMENT (NODE_id_node, DOCUMENT_id_doc) values (10,459);
insert into DOCUMENT (id_doc,datepublication, typedoc, nom, chemin) values(460,'2019-03-26','odt','jeu de rôle impératif - E A -j','./Jeux/jeux de rôle/A/jeu de rôle impératif - E A -j.odt')
insert into NODE_DOCUMENT (NODE_id_node, DOCUMENT_id_doc) values (10,460);
insert into DOCUMENT (id_doc,datepublication, typedoc, nom, chemin) values(461,'2013-11-12','docx','jeu des messages tel - E A - j','./Jeux/jeux de rôle/A/jeu des messages tel - E A - j.docx')
insert into NODE_DOCUMENT (NODE_id_node, DOCUMENT_id_doc) values (10,461);
insert into DOCUMENT (id_doc,datepublication, typedoc, nom, chemin) values(462,'2012-12-05','doc','jeux de rôle - E A -j','./Jeux/jeux de rôle/A/jeux de rôle - E A -j.doc')
insert into NODE_DOCUMENT (NODE_id_node, DOCUMENT_id_doc) values (10,462);
insert into NODE (id_node,name, parent_node_id) values (12,'D',11);
insert into DOCUMENT (id_doc,datepublication, typedoc, nom, chemin) values(463,'2018-04-15','docx','Jeu de Phrases à mimer - D E - j','./Jeux/jeux de rôle/D/Jeu de Phrases à mimer - D E - j.docx')
insert into NODE_DOCUMENT (NODE_id_node, DOCUMENT_id_doc) values (11,463);
insert into DOCUMENT (id_doc,datepublication, typedoc, nom, chemin) values(464,'2013-11-12','docx','jeu annuler un rdv - D E A - j','./Jeux/jeux de rôle/D/jeu annuler un rdv - D E A - j.docx')
insert into NODE_DOCUMENT (NODE_id_node, DOCUMENT_id_doc) values (11,464);
insert into NODE (id_node,name, parent_node_id) values (13,'E',12);
insert into DOCUMENT (id_doc,datepublication, typedoc, nom, chemin) values(465,'2018-04-15','docx','Jeu de Phrases à mimer - D E - j','./Jeux/jeux de rôle/E/Jeu de Phrases à mimer - D E - j.docx')
insert into NODE_DOCUMENT (NODE_id_node, DOCUMENT_id_doc) values (12,465);
insert into DOCUMENT (id_doc,datepublication, typedoc, nom, chemin) values(466,'2013-11-12','docx','jeu annuler un rdv - D E A - j','./Jeux/jeux de rôle/E/jeu annuler un rdv - D E A - j.docx')
insert into NODE_DOCUMENT (NODE_id_node, DOCUMENT_id_doc) values (12,466);
insert into DOCUMENT (id_doc,datepublication, typedoc, nom, chemin) values(467,'2019-03-26','odt','jeu de rôle impératif - E A -j','./Jeux/jeux de rôle/E/jeu de rôle impératif - E A -j.odt')
insert into NODE_DOCUMENT (NODE_id_node, DOCUMENT_id_doc) values (12,467);
insert into DOCUMENT (id_doc,datepublication, typedoc, nom, chemin) values(468,'2013-11-12','docx','jeu des messages tel - E A - j','./Jeux/jeux de rôle/E/jeu des messages tel - E A - j.docx')
insert into NODE_DOCUMENT (NODE_id_node, DOCUMENT_id_doc) values (12,468);
insert into DOCUMENT (id_doc,datepublication, typedoc, nom, chemin) values(469,'2012-12-05','doc','jeux de rôle - E A -j','./Jeux/jeux de rôle/E/jeux de rôle - E A -j.doc')
insert into NODE_DOCUMENT (NODE_id_node, DOCUMENT_id_doc) values (12,469);
insert into NODE (id_node,name, parent_node_id) values (7,'La Santé',6);
insert into NODE (id_node,name, parent_node_id) values (7,'la maladie-les soins',6);
insert into NODE (id_node,name, parent_node_id) values (7,'A',6);
insert into DOCUMENT (id_doc,datepublication, typedoc, nom, chemin) values(470,'2012-12-05','pdf','4-1accidentsdom - E A - fp','./La Santé/la maladie-les soins/A/4-1accidentsdom - E A - fp.pdf')
insert into NODE_DOCUMENT (NODE_id_node, DOCUMENT_id_doc) values (6,470);
insert into DOCUMENT (id_doc,datepublication, typedoc, nom, chemin) values(471,'2020-02-09','docx','ATELIER SANTE ASL - E A - fp','./La Santé/la maladie-les soins/A/ATELIER SANTE ASL - E A - fp.docx')
insert into NODE_DOCUMENT (NODE_id_node, DOCUMENT_id_doc) values (6,471);
insert into DOCUMENT (id_doc,datepublication, typedoc, nom, chemin) values(472,'2020-04-01','odt','CARLI Santé et espaces de soin - A - fp','./La Santé/la maladie-les soins/A/CARLI Santé et espaces de soin - A - fp.odt')
insert into NODE_DOCUMENT (NODE_id_node, DOCUMENT_id_doc) values (6,472);
insert into DOCUMENT (id_doc,datepublication, typedoc, nom, chemin) values(473,'2020-03-24','odt','CARLI la santé au travail 1- A - fp','./La Santé/la maladie-les soins/A/CARLI la santé au travail 1- A - fp.odt')
insert into NODE_DOCUMENT (NODE_id_node, DOCUMENT_id_doc) values (6,473);
insert into DOCUMENT (id_doc,datepublication, typedoc, nom, chemin) values(474,'2020-03-24','odt','CARLI la santé au travail 2- A - fp','./La Santé/la maladie-les soins/A/CARLI la santé au travail 2- A - fp.odt')
insert into NODE_DOCUMENT (NODE_id_node, DOCUMENT_id_doc) values (6,474);
insert into DOCUMENT (id_doc,datepublication, typedoc, nom, chemin) values(475,'2020-04-08','pdf','Coronavirus Compr Ecr - E A - ea','./La Santé/la maladie-les soins/A/Coronavirus Compr Ecr - E A - ea.pdf')
insert into NODE_DOCUMENT (NODE_id_node, DOCUMENT_id_doc) values (6,475);
insert into DOCUMENT (id_doc,datepublication, typedoc, nom, chemin) values(476,'2020-03-19','odt','Ferrari santé - A - fp','./La Santé/la maladie-les soins/A/Ferrari santé - A - fp.odt')
insert into NODE_DOCUMENT (NODE_id_node, DOCUMENT_id_doc) values (6,476);
insert into DOCUMENT (id_doc,datepublication, typedoc, nom, chemin) values(477,'2019-12-09','docx','Lieux de soins Grenoble - D E A - t','./La Santé/la maladie-les soins/A/Lieux de soins Grenoble - D E A - t.docx')
insert into NODE_DOCUMENT (NODE_id_node, DOCUMENT_id_doc) values (6,477);
insert into DOCUMENT (id_doc,datepublication, typedoc, nom, chemin) values(478,'2019-05-12','pptx','PETIT GUIDE VACC - E A - fp','./La Santé/la maladie-les soins/A/PETIT GUIDE VACC - E A - fp.pptx')
insert into NODE_DOCUMENT (NODE_id_node, DOCUMENT_id_doc) values (6,478);
insert into DOCUMENT (id_doc,datepublication, typedoc, nom, chemin) values(479,'2020-01-30','pptx','PUMA - E A - fp','./La Santé/la maladie-les soins/A/PUMA - E A - fp.pptx')
insert into NODE_DOCUMENT (NODE_id_node, DOCUMENT_id_doc) values (6,479);
insert into DOCUMENT (id_doc,datepublication, typedoc, nom, chemin) values(480,'2020-01-30','pptx','Présentation Mutuelle Assurance - D E A - fp','./La Santé/la maladie-les soins/A/Présentation Mutuelle Assurance - D E A - fp.pptx')
insert into NODE_DOCUMENT (NODE_id_node, DOCUMENT_id_doc) values (6,480);
insert into DOCUMENT (id_doc,datepublication, typedoc, nom, chemin) values(481,'2020-01-07','pptx','Reforme AME - D E A - fp','./La Santé/la maladie-les soins/A/Reforme AME - D E A - fp.pptx')
insert into NODE_DOCUMENT (NODE_id_node, DOCUMENT_id_doc) values (6,481);
insert into DOCUMENT (id_doc,datepublication, typedoc, nom, chemin) values(482,'2019-12-19','pptx','Reforme CSS - E A - fp','./La Santé/la maladie-les soins/A/Reforme CSS - E A - fp.pptx')
insert into NODE_DOCUMENT (NODE_id_node, DOCUMENT_id_doc) values (6,482);
insert into DOCUMENT (id_doc,datepublication, typedoc, nom, chemin) values(483,'2018-12-13','doc','la-grippe-a-comprehension-orale- E A - ea','./La Santé/la maladie-les soins/A/la-grippe-a-comprehension-orale- E A - ea.doc')
insert into NODE_DOCUMENT (NODE_id_node, DOCUMENT_id_doc) values (6,483);
insert into NODE (id_node,name, parent_node_id) values (8,'D',7);
insert into DOCUMENT (id_doc,datepublication, typedoc, nom, chemin) values(484,'2020-04-01','odt','CARLI Santé et espaces de soin - D - fp','./La Santé/la maladie-les soins/D/CARLI Santé et espaces de soin - D - fp.odt')
insert into NODE_DOCUMENT (NODE_id_node, DOCUMENT_id_doc) values (7,484);
insert into DOCUMENT (id_doc,datepublication, typedoc, nom, chemin) values(485,'2020-03-19','odt','Ferrari espaces de soin - D - fp','./La Santé/la maladie-les soins/D/Ferrari espaces de soin - D - fp.odt')
insert into NODE_DOCUMENT (NODE_id_node, DOCUMENT_id_doc) values (7,485);
insert into DOCUMENT (id_doc,datepublication, typedoc, nom, chemin) values(486,'2020-04-01','odt','Illustrations Soins Symptômes - D E rév - ea','./La Santé/la maladie-les soins/D/Illustrations Soins Symptômes - D E rév - ea.odt')
insert into NODE_DOCUMENT (NODE_id_node, DOCUMENT_id_doc) values (7,486);
insert into DOCUMENT (id_doc,datepublication, typedoc, nom, chemin) values(487,'2019-12-09','docx','Lieux de soins Grenoble - D E A - t','./La Santé/la maladie-les soins/D/Lieux de soins Grenoble - D E A - t.docx')
insert into NODE_DOCUMENT (NODE_id_node, DOCUMENT_id_doc) values (7,487);
insert into DOCUMENT (id_doc,datepublication, typedoc, nom, chemin) values(488,'2019-11-29','odt','Malette pédagogique -santé - D E - fp ea','./La Santé/la maladie-les soins/D/Malette pédagogique -santé - D E - fp ea.odt')
insert into NODE_DOCUMENT (NODE_id_node, DOCUMENT_id_doc) values (7,488);
insert into DOCUMENT (id_doc,datepublication, typedoc, nom, chemin) values(489,'2020-01-30','pptx','Présentation Mutuelle Assurance - D E A - fp','./La Santé/la maladie-les soins/D/Présentation Mutuelle Assurance - D E A - fp.pptx')
insert into NODE_DOCUMENT (NODE_id_node, DOCUMENT_id_doc) values (7,489);
insert into DOCUMENT (id_doc,datepublication, typedoc, nom, chemin) values(490,'2020-01-07','pptx','Reforme AME - D E A - fp','./La Santé/la maladie-les soins/D/Reforme AME - D E A - fp.pptx')
insert into NODE_DOCUMENT (NODE_id_node, DOCUMENT_id_doc) values (7,490);
insert into DOCUMENT (id_doc,datepublication, typedoc, nom, chemin) values(491,'2020-03-30','odt','Se soigner - D E - ea','./La Santé/la maladie-les soins/D/Se soigner - D E - ea.odt')
insert into NODE_DOCUMENT (NODE_id_node, DOCUMENT_id_doc) values (7,491);
insert into DOCUMENT (id_doc,datepublication, typedoc, nom, chemin) values(492,'2017-05-10','doc','abécédaire - D E - t','./La Santé/la maladie-les soins/D/abécédaire - D E - t.doc')
insert into NODE_DOCUMENT (NODE_id_node, DOCUMENT_id_doc) values (7,492);
insert into DOCUMENT (id_doc,datepublication, typedoc, nom, chemin) values(493,'2018-12-13','doc','quoi-de-neuf-docteur-dictionnaire-visuel - D E - ea','./La Santé/la maladie-les soins/D/quoi-de-neuf-docteur-dictionnaire-visuel - D E - ea.doc')
insert into NODE_DOCUMENT (NODE_id_node, DOCUMENT_id_doc) values (7,493);
insert into NODE (id_node,name, parent_node_id) values (9,'E',8);
insert into DOCUMENT (id_doc,datepublication, typedoc, nom, chemin) values(494,'2012-12-05','pdf','4-1accidentsdom - E A - fp','./La Santé/la maladie-les soins/E/4-1accidentsdom - E A - fp.pdf')
insert into NODE_DOCUMENT (NODE_id_node, DOCUMENT_id_doc) values (8,494);
insert into DOCUMENT (id_doc,datepublication, typedoc, nom, chemin) values(495,'2020-02-09','docx','ATELIER SANTE ASL - E A - fp','./La Santé/la maladie-les soins/E/ATELIER SANTE ASL - E A - fp.docx')
insert into NODE_DOCUMENT (NODE_id_node, DOCUMENT_id_doc) values (8,495);
insert into DOCUMENT (id_doc,datepublication, typedoc, nom, chemin) values(496,'2020-04-01','odt','CARLI Santé et espaces de soin - E - fp','./La Santé/la maladie-les soins/E/CARLI Santé et espaces de soin - E - fp.odt')
insert into NODE_DOCUMENT (NODE_id_node, DOCUMENT_id_doc) values (8,496);
insert into DOCUMENT (id_doc,datepublication, typedoc, nom, chemin) values(497,'2020-03-24','odt','CARLI la santé au travail - E - fp','./La Santé/la maladie-les soins/E/CARLI la santé au travail - E - fp.odt')
insert into NODE_DOCUMENT (NODE_id_node, DOCUMENT_id_doc) values (8,497);
insert into DOCUMENT (id_doc,datepublication, typedoc, nom, chemin) values(498,'2020-04-08','pdf','Coronavirus Compr Ecr - E A - ea','./La Santé/la maladie-les soins/E/Coronavirus Compr Ecr - E A - ea.pdf')
insert into NODE_DOCUMENT (NODE_id_node, DOCUMENT_id_doc) values (8,498);
insert into DOCUMENT (id_doc,datepublication, typedoc, nom, chemin) values(499,'2020-03-19','odt','Ferrari la santé - E - fp','./La Santé/la maladie-les soins/E/Ferrari la santé - E - fp.odt')
insert into NODE_DOCUMENT (NODE_id_node, DOCUMENT_id_doc) values (8,499);
insert into DOCUMENT (id_doc,datepublication, typedoc, nom, chemin) values(500,'2019-12-09','docx','Lieux de soins Grenoble - D E A - t','./La Santé/la maladie-les soins/E/Lieux de soins Grenoble - D E A - t.docx')
insert into NODE_DOCUMENT (NODE_id_node, DOCUMENT_id_doc) values (8,500);
insert into DOCUMENT (id_doc,datepublication, typedoc, nom, chemin) values(501,'2019-11-29','odt','Malette pédagogique -santé - D E - fp ea','./La Santé/la maladie-les soins/E/Malette pédagogique -santé - D E - fp ea.odt')
insert into NODE_DOCUMENT (NODE_id_node, DOCUMENT_id_doc) values (8,501);
insert into DOCUMENT (id_doc,datepublication, typedoc, nom, chemin) values(502,'2019-05-12','pptx','PETIT GUIDE VACC - E A - fp','./La Santé/la maladie-les soins/E/PETIT GUIDE VACC - E A - fp.pptx')
insert into NODE_DOCUMENT (NODE_id_node, DOCUMENT_id_doc) values (8,502);
insert into DOCUMENT (id_doc,datepublication, typedoc, nom, chemin) values(503,'2020-01-30','pptx','PUMA - E A - fp','./La Santé/la maladie-les soins/E/PUMA - E A - fp.pptx')
insert into NODE_DOCUMENT (NODE_id_node, DOCUMENT_id_doc) values (8,503);
insert into DOCUMENT (id_doc,datepublication, typedoc, nom, chemin) values(504,'2020-01-30','pptx','Présentation Mutuelle Assurance - D E A - fp','./La Santé/la maladie-les soins/E/Présentation Mutuelle Assurance - D E A - fp.pptx')
insert into NODE_DOCUMENT (NODE_id_node, DOCUMENT_id_doc) values (8,504);
insert into DOCUMENT (id_doc,datepublication, typedoc, nom, chemin) values(505,'2020-01-07','pptx','Reforme AME - D E A - fp','./La Santé/la maladie-les soins/E/Reforme AME - D E A - fp.pptx')
insert into NODE_DOCUMENT (NODE_id_node, DOCUMENT_id_doc) values (8,505);
insert into DOCUMENT (id_doc,datepublication, typedoc, nom, chemin) values(506,'2019-12-19','pptx','Reforme CSS - E A - fp','./La Santé/la maladie-les soins/E/Reforme CSS - E A - fp.pptx')
insert into NODE_DOCUMENT (NODE_id_node, DOCUMENT_id_doc) values (8,506);
insert into DOCUMENT (id_doc,datepublication, typedoc, nom, chemin) values(507,'2020-03-30','odt','Se soigner - D E - ea','./La Santé/la maladie-les soins/E/Se soigner - D E - ea.odt')
insert into NODE_DOCUMENT (NODE_id_node, DOCUMENT_id_doc) values (8,507);
insert into DOCUMENT (id_doc,datepublication, typedoc, nom, chemin) values(508,'2017-05-10','doc','abécédaire - D E - t','./La Santé/la maladie-les soins/E/abécédaire - D E - t.doc')
insert into NODE_DOCUMENT (NODE_id_node, DOCUMENT_id_doc) values (8,508);
insert into DOCUMENT (id_doc,datepublication, typedoc, nom, chemin) values(509,'2018-12-13','doc','la-grippe-a-comprehension-orale- E A - ea','./La Santé/la maladie-les soins/E/la-grippe-a-comprehension-orale- E A - ea.doc')
insert into NODE_DOCUMENT (NODE_id_node, DOCUMENT_id_doc) values (8,509);
insert into DOCUMENT (id_doc,datepublication, typedoc, nom, chemin) values(510,'2018-12-13','doc','quoi-de-neuf-docteur-dictionnaire-visuel - D E - ea','./La Santé/la maladie-les soins/E/quoi-de-neuf-docteur-dictionnaire-visuel - D E - ea.doc')
insert into NODE_DOCUMENT (NODE_id_node, DOCUMENT_id_doc) values (8,510);
insert into DOCUMENT (id_doc,datepublication, typedoc, nom, chemin) values(511,'2019-12-09','docx','Lieux de soins Grenoble - D E A - t','./La Santé/la maladie-les soins/Lieux de soins Grenoble - D E A - t.docx')
insert into NODE_DOCUMENT (NODE_id_node, DOCUMENT_id_doc) values (9,511);
insert into DOCUMENT (id_doc,datepublication, typedoc, nom, chemin) values(512,'2020-01-30','pptx','Présentation Mutuelle Assurance - D E A - fp','./La Santé/la maladie-les soins/Présentation Mutuelle Assurance - D E A - fp.pptx')
insert into NODE_DOCUMENT (NODE_id_node, DOCUMENT_id_doc) values (9,512);
insert into DOCUMENT (id_doc,datepublication, typedoc, nom, chemin) values(513,'2020-01-07','pptx','Reforme AME - D E A - fp','./La Santé/la maladie-les soins/Reforme AME - D E A - fp.pptx')
insert into NODE_DOCUMENT (NODE_id_node, DOCUMENT_id_doc) values (9,513);
insert into DOCUMENT (id_doc,datepublication, typedoc, nom, chemin) values(514,'2017-01-31','pdf','Tuto Ameli version D E A -fp','./La Santé/la maladie-les soins/Tuto Ameli version D E A -fp.pdf')
insert into NODE_DOCUMENT (NODE_id_node, DOCUMENT_id_doc) values (9,514);
insert into NODE (id_node,name, parent_node_id) values (8,'le corps',7);
insert into NODE (id_node,name, parent_node_id) values (8,'D',7);
insert into DOCUMENT (id_doc,datepublication, typedoc, nom, chemin) values(515,'2020-04-01','odt','Illustrations squelette - corps - D - ea','./La Santé/le corps/D/Illustrations squelette - corps - D - ea.odt')
insert into NODE_DOCUMENT (NODE_id_node, DOCUMENT_id_doc) values (7,515);
insert into DOCUMENT (id_doc,datepublication, typedoc, nom, chemin) values(516,'2019-11-29','odt','Malette pédagogique Estelle Mallet Prog 3 santé D - E - fp','./La Santé/le corps/D/Malette pédagogique Estelle Mallet Prog 3 santé D - E - fp.odt')
insert into NODE_DOCUMENT (NODE_id_node, DOCUMENT_id_doc) values (7,516);
insert into DOCUMENT (id_doc,datepublication, typedoc, nom, chemin) values(517,'2012-12-05','doc','corps - D E - i','./La Santé/le corps/D/corps - D E - i.doc')
insert into NODE_DOCUMENT (NODE_id_node, DOCUMENT_id_doc) values (7,517);
insert into DOCUMENT (id_doc,datepublication, typedoc, nom, chemin) values(518,'2012-12-05','jpg','le visage - D E - i','./La Santé/le corps/D/le visage - D E - i.jpg')
insert into NODE_DOCUMENT (NODE_id_node, DOCUMENT_id_doc) values (7,518);
insert into DOCUMENT (id_doc,datepublication, typedoc, nom, chemin) values(519,'2016-07-05','doc','voc sante_base D - E - t','./La Santé/le corps/D/voc sante_base D - E - t.doc')
insert into NODE_DOCUMENT (NODE_id_node, DOCUMENT_id_doc) values (7,519);
insert into NODE (id_node,name, parent_node_id) values (9,'E',8);
insert into DOCUMENT (id_doc,datepublication, typedoc, nom, chemin) values(520,'2019-11-29','odt','Malette pédagogique Estelle Mallet Prog 3 santé D - E - fp','./La Santé/le corps/E/Malette pédagogique Estelle Mallet Prog 3 santé D - E - fp.odt')
insert into NODE_DOCUMENT (NODE_id_node, DOCUMENT_id_doc) values (8,520);
insert into DOCUMENT (id_doc,datepublication, typedoc, nom, chemin) values(521,'2012-12-05','doc','corps - D E - i','./La Santé/le corps/E/corps - D E - i.doc')
insert into NODE_DOCUMENT (NODE_id_node, DOCUMENT_id_doc) values (8,521);
insert into DOCUMENT (id_doc,datepublication, typedoc, nom, chemin) values(522,'2012-12-05','jpg','le visage - D E - i','./La Santé/le corps/E/le visage - D E - i.jpg')
insert into NODE_DOCUMENT (NODE_id_node, DOCUMENT_id_doc) values (8,522);
insert into DOCUMENT (id_doc,datepublication, typedoc, nom, chemin) values(523,'2016-07-05','doc','voc sante_base D - E - t','./La Santé/le corps/E/voc sante_base D - E - t.doc')
insert into NODE_DOCUMENT (NODE_id_node, DOCUMENT_id_doc) values (8,523);
insert into NODE (id_node,name, parent_node_id) values (8,'Pédagogie des ASL',7);
insert into NODE (id_node,name, parent_node_id) values (8,'Balise ALPHA',7);
insert into DOCUMENT (id_doc,datepublication, typedoc, nom, chemin) values(524,'2018-05-31','pdf','Balises - Bibliographie','./Pédagogie des ASL/Balise ALPHA/Balises - Bibliographie.pdf')
insert into NODE_DOCUMENT (NODE_id_node, DOCUMENT_id_doc) values (7,524);
insert into DOCUMENT (id_doc,datepublication, typedoc, nom, chemin) values(525,'2018-05-31','pdf','Balises pour l_alphabétisation populaire','./Pédagogie des ASL/Balise ALPHA/Balises pour l_alphabétisation populaire.pdf')
insert into NODE_DOCUMENT (NODE_id_node, DOCUMENT_id_doc) values (7,525);
insert into DOCUMENT (id_doc,datepublication, typedoc, nom, chemin) values(526,'2018-05-31','pdf','Charte de Lire et Écrire','./Pédagogie des ASL/Balise ALPHA/Charte de Lire et Écrire.pdf')
insert into NODE_DOCUMENT (NODE_id_node, DOCUMENT_id_doc) values (7,526);
insert into DOCUMENT (id_doc,datepublication, typedoc, nom, chemin) values(527,'2018-05-31','pdf','Chemins en Jeux','./Pédagogie des ASL/Balise ALPHA/Chemins en Jeux.pdf')
insert into NODE_DOCUMENT (NODE_id_node, DOCUMENT_id_doc) values (7,527);
insert into DOCUMENT (id_doc,datepublication, typedoc, nom, chemin) values(528,'2018-05-31','pdf','La Roue de l_alphabétisation populaire','./Pédagogie des ASL/Balise ALPHA/La Roue de l_alphabétisation populaire.pdf')
insert into NODE_DOCUMENT (NODE_id_node, DOCUMENT_id_doc) values (7,528);
insert into DOCUMENT (id_doc,datepublication, typedoc, nom, chemin) values(529,'2018-05-31','pdf','Les roues - outil d_analyse','./Pédagogie des ASL/Balise ALPHA/Les roues - outil d_analyse.pdf')
insert into NODE_DOCUMENT (NODE_id_node, DOCUMENT_id_doc) values (7,529);
insert into DOCUMENT (id_doc,datepublication, typedoc, nom, chemin) values(530,'2018-05-31','pdf','Mes chemins d_apprentissages - Présentation générale','./Pédagogie des ASL/Balise ALPHA/Mes chemins d_apprentissages - Présentation générale.pdf')
insert into NODE_DOCUMENT (NODE_id_node, DOCUMENT_id_doc) values (7,530);
insert into DOCUMENT (id_doc,datepublication, typedoc, nom, chemin) values(531,'2018-05-31','pdf','Mes chemins dÔÇÖapprentissage','./Pédagogie des ASL/Balise ALPHA/Mes chemins dÔÇÖapprentissage.pdf')
insert into NODE_DOCUMENT (NODE_id_node, DOCUMENT_id_doc) values (7,531);
insert into DOCUMENT (id_doc,datepublication, typedoc, nom, chemin) values(532,'2018-05-31','pdf','Rouages','./Pédagogie des ASL/Balise ALPHA/Rouages.pdf')
insert into NODE_DOCUMENT (NODE_id_node, DOCUMENT_id_doc) values (7,532);
insert into DOCUMENT (id_doc,datepublication, typedoc, nom, chemin) values(533,'2018-05-31','pdf','Toiles dÔÇÖauto- et co+®valuation','./Pédagogie des ASL/Balise ALPHA/Toiles dÔÇÖauto- et co+®valuation.pdf')
insert into NODE_DOCUMENT (NODE_id_node, DOCUMENT_id_doc) values (7,533);
insert into NODE (id_node,name, parent_node_id) values (8,'rouages PNG',7);
insert into DOCUMENT (id_doc,datepublication, typedoc, nom, chemin) values(534,'2018-05-16','png','rouage bleu Artistique','./Pédagogie des ASL/Balise ALPHA/rouages PNG/rouage bleu Artistique.png')
insert into NODE_DOCUMENT (NODE_id_node, DOCUMENT_id_doc) values (7,534);
insert into DOCUMENT (id_doc,datepublication, typedoc, nom, chemin) values(535,'2018-05-16','png','rouage bleu Ecouter','./Pédagogie des ASL/Balise ALPHA/rouages PNG/rouage bleu Ecouter.png')
insert into NODE_DOCUMENT (NODE_id_node, DOCUMENT_id_doc) values (7,535);
insert into DOCUMENT (id_doc,datepublication, typedoc, nom, chemin) values(536,'2018-05-16','png','rouage bleu Ecrire','./Pédagogie des ASL/Balise ALPHA/rouages PNG/rouage bleu Ecrire.png')
insert into NODE_DOCUMENT (NODE_id_node, DOCUMENT_id_doc) values (7,536);
insert into DOCUMENT (id_doc,datepublication, typedoc, nom, chemin) values(537,'2018-05-16','png','rouage bleu Langages','./Pédagogie des ASL/Balise ALPHA/rouages PNG/rouage bleu Langages.png')
insert into NODE_DOCUMENT (NODE_id_node, DOCUMENT_id_doc) values (7,537);
insert into DOCUMENT (id_doc,datepublication, typedoc, nom, chemin) values(538,'2018-05-16','png','rouage bleu Lire','./Pédagogie des ASL/Balise ALPHA/rouages PNG/rouage bleu Lire.png')
insert into NODE_DOCUMENT (NODE_id_node, DOCUMENT_id_doc) values (7,538);
insert into DOCUMENT (id_doc,datepublication, typedoc, nom, chemin) values(539,'2018-05-16','png','rouage bleu Mathematiques','./Pédagogie des ASL/Balise ALPHA/rouages PNG/rouage bleu Mathematiques.png')
insert into NODE_DOCUMENT (NODE_id_node, DOCUMENT_id_doc) values (7,539);
insert into DOCUMENT (id_doc,datepublication, typedoc, nom, chemin) values(540,'2018-05-16','png','rouage bleu Parler','./Pédagogie des ASL/Balise ALPHA/rouages PNG/rouage bleu Parler.png')
insert into NODE_DOCUMENT (NODE_id_node, DOCUMENT_id_doc) values (7,540);
insert into DOCUMENT (id_doc,datepublication, typedoc, nom, chemin) values(541,'2018-05-16','png','rouage bleu TIC','./Pédagogie des ASL/Balise ALPHA/rouages PNG/rouage bleu TIC.png')
insert into NODE_DOCUMENT (NODE_id_node, DOCUMENT_id_doc) values (7,541);
insert into DOCUMENT (id_doc,datepublication, typedoc, nom, chemin) values(542,'2018-05-16','png','rouage clair Informations','./Pédagogie des ASL/Balise ALPHA/rouages PNG/rouage clair Informations.png')
insert into NODE_DOCUMENT (NODE_id_node, DOCUMENT_id_doc) values (7,542);
insert into DOCUMENT (id_doc,datepublication, typedoc, nom, chemin) values(543,'2018-05-16','png','rouage clair Savoirs','./Pédagogie des ASL/Balise ALPHA/rouages PNG/rouage clair Savoirs.png')
insert into NODE_DOCUMENT (NODE_id_node, DOCUMENT_id_doc) values (7,543);
insert into DOCUMENT (id_doc,datepublication, typedoc, nom, chemin) values(544,'2018-05-16','png','rouage clair SavoirsInfos','./Pédagogie des ASL/Balise ALPHA/rouages PNG/rouage clair SavoirsInfos.png')
insert into NODE_DOCUMENT (NODE_id_node, DOCUMENT_id_doc) values (7,544);
insert into DOCUMENT (id_doc,datepublication, typedoc, nom, chemin) values(545,'2018-05-16','png','rouage gris Heart','./Pédagogie des ASL/Balise ALPHA/rouages PNG/rouage gris Heart.png')
insert into NODE_DOCUMENT (NODE_id_node, DOCUMENT_id_doc) values (7,545);
insert into DOCUMENT (id_doc,datepublication, typedoc, nom, chemin) values(546,'2018-05-16','png','rouage gris Mains','./Pédagogie des ASL/Balise ALPHA/rouages PNG/rouage gris Mains.png')
insert into NODE_DOCUMENT (NODE_id_node, DOCUMENT_id_doc) values (7,546);
insert into DOCUMENT (id_doc,datepublication, typedoc, nom, chemin) values(547,'2018-05-16','png','rouage gris Moi2','./Pédagogie des ASL/Balise ALPHA/rouages PNG/rouage gris Moi2.png')
insert into NODE_DOCUMENT (NODE_id_node, DOCUMENT_id_doc) values (7,547);
insert into DOCUMENT (id_doc,datepublication, typedoc, nom, chemin) values(548,'2018-05-16','png','rouage gris Pieds','./Pédagogie des ASL/Balise ALPHA/rouages PNG/rouage gris Pieds.png')
insert into NODE_DOCUMENT (NODE_id_node, DOCUMENT_id_doc) values (7,548);
insert into DOCUMENT (id_doc,datepublication, typedoc, nom, chemin) values(549,'2018-05-16','png','rouage gris Ressources','./Pédagogie des ASL/Balise ALPHA/rouages PNG/rouage gris Ressources.png')
insert into NODE_DOCUMENT (NODE_id_node, DOCUMENT_id_doc) values (7,549);
insert into DOCUMENT (id_doc,datepublication, typedoc, nom, chemin) values(550,'2018-05-16','png','rouage gris Tete','./Pédagogie des ASL/Balise ALPHA/rouages PNG/rouage gris Tete.png')
insert into NODE_DOCUMENT (NODE_id_node, DOCUMENT_id_doc) values (7,550);
insert into DOCUMENT (id_doc,datepublication, typedoc, nom, chemin) values(551,'2018-05-16','png','rouage gris Valise','./Pédagogie des ASL/Balise ALPHA/rouages PNG/rouage gris Valise.png')
insert into NODE_DOCUMENT (NODE_id_node, DOCUMENT_id_doc) values (7,551);
insert into DOCUMENT (id_doc,datepublication, typedoc, nom, chemin) values(552,'2018-05-16','png','rouage orange Action','./Pédagogie des ASL/Balise ALPHA/rouages PNG/rouage orange Action.png')
insert into NODE_DOCUMENT (NODE_id_node, DOCUMENT_id_doc) values (7,552);
insert into DOCUMENT (id_doc,datepublication, typedoc, nom, chemin) values(553,'2018-05-16','png','rouage orange Actions','./Pédagogie des ASL/Balise ALPHA/rouages PNG/rouage orange Actions.png')
insert into NODE_DOCUMENT (NODE_id_node, DOCUMENT_id_doc) values (7,553);
insert into DOCUMENT (id_doc,datepublication, typedoc, nom, chemin) values(554,'2018-05-16','png','rouage rouge Centre','./Pédagogie des ASL/Balise ALPHA/rouages PNG/rouage rouge Centre.png')
insert into NODE_DOCUMENT (NODE_id_node, DOCUMENT_id_doc) values (7,554);
insert into DOCUMENT (id_doc,datepublication, typedoc, nom, chemin) values(555,'2018-05-16','png','rouage rouge LeGroupe','./Pédagogie des ASL/Balise ALPHA/rouages PNG/rouage rouge LeGroupe.png')
insert into NODE_DOCUMENT (NODE_id_node, DOCUMENT_id_doc) values (7,555);
insert into DOCUMENT (id_doc,datepublication, typedoc, nom, chemin) values(556,'2018-05-16','png','rouage rouge Moi','./Pédagogie des ASL/Balise ALPHA/rouages PNG/rouage rouge Moi.png')
insert into NODE_DOCUMENT (NODE_id_node, DOCUMENT_id_doc) values (7,556);
insert into DOCUMENT (id_doc,datepublication, typedoc, nom, chemin) values(557,'2018-05-16','png','rouage rouge Question','./Pédagogie des ASL/Balise ALPHA/rouages PNG/rouage rouge Question.png')
insert into NODE_DOCUMENT (NODE_id_node, DOCUMENT_id_doc) values (7,557);
insert into DOCUMENT (id_doc,datepublication, typedoc, nom, chemin) values(558,'2018-05-16','png','rouage vert Buts','./Pédagogie des ASL/Balise ALPHA/rouages PNG/rouage vert Buts.png')
insert into NODE_DOCUMENT (NODE_id_node, DOCUMENT_id_doc) values (7,558);
insert into DOCUMENT (id_doc,datepublication, typedoc, nom, chemin) values(559,'2018-05-16','png','rouage vert Ensemble','./Pédagogie des ASL/Balise ALPHA/rouages PNG/rouage vert Ensemble.png')
insert into NODE_DOCUMENT (NODE_id_node, DOCUMENT_id_doc) values (7,559);
insert into DOCUMENT (id_doc,datepublication, typedoc, nom, chemin) values(560,'2018-05-16','png','rouage vert LeMonde','./Pédagogie des ASL/Balise ALPHA/rouages PNG/rouage vert LeMonde.png')
insert into NODE_DOCUMENT (NODE_id_node, DOCUMENT_id_doc) values (7,560);
insert into DOCUMENT (id_doc,datepublication, typedoc, nom, chemin) values(561,'2018-05-16','png','rouage vert Oser','./Pédagogie des ASL/Balise ALPHA/rouages PNG/rouage vert Oser.png')
insert into NODE_DOCUMENT (NODE_id_node, DOCUMENT_id_doc) values (7,561);
insert into DOCUMENT (id_doc,datepublication, typedoc, nom, chemin) values(562,'2018-05-16','png','rouage vert Reflechir','./Pédagogie des ASL/Balise ALPHA/rouages PNG/rouage vert Reflechir.png')
insert into NODE_DOCUMENT (NODE_id_node, DOCUMENT_id_doc) values (7,562);
insert into DOCUMENT (id_doc,datepublication, typedoc, nom, chemin) values(563,'2018-05-16','png','rouage vert SeSituer','./Pédagogie des ASL/Balise ALPHA/rouages PNG/rouage vert SeSituer.png')
insert into NODE_DOCUMENT (NODE_id_node, DOCUMENT_id_doc) values (7,563);
insert into DOCUMENT (id_doc,datepublication, typedoc, nom, chemin) values(564,'2018-05-16','png','rouage vert Transformer','./Pédagogie des ASL/Balise ALPHA/rouages PNG/rouage vert Transformer.png')
insert into NODE_DOCUMENT (NODE_id_node, DOCUMENT_id_doc) values (7,564);
insert into DOCUMENT (id_doc,datepublication, typedoc, nom, chemin) values(565,'2018-05-31','pdf','roue langages - Lire-Écrire','./Pédagogie des ASL/Balise ALPHA/roue langages - Lire-Écrire.pdf')
insert into NODE_DOCUMENT (NODE_id_node, DOCUMENT_id_doc) values (8,565);
insert into DOCUMENT (id_doc,datepublication, typedoc, nom, chemin) values(566,'2018-05-31','pdf','roue langages - Maths','./Pédagogie des ASL/Balise ALPHA/roue langages - Maths.pdf')
insert into NODE_DOCUMENT (NODE_id_node, DOCUMENT_id_doc) values (8,566);
insert into DOCUMENT (id_doc,datepublication, typedoc, nom, chemin) values(567,'2018-05-31','pdf','roue langages - Écouter-Parler','./Pédagogie des ASL/Balise ALPHA/roue langages - Écouter-Parler.pdf')
insert into NODE_DOCUMENT (NODE_id_node, DOCUMENT_id_doc) values (8,567);
insert into NODE (id_node,name, parent_node_id) values (9,'Ressources biblio',8);
insert into DOCUMENT (id_doc,datepublication, typedoc, nom, chemin) values(568,'2016-04-04','pdf','AN1 Marelle projet multilangue - Livres','./Pédagogie des ASL/Ressources biblio/AN1 Marelle projet multilangue - Livres.pdf')
insert into NODE_DOCUMENT (NODE_id_node, DOCUMENT_id_doc) values (8,568);
insert into DOCUMENT (id_doc,datepublication, typedoc, nom, chemin) values(569,'2017-05-09','pdf','Bibliographie commentée compétences clés','./Pédagogie des ASL/Ressources biblio/Bibliographie commentée compétences clés.pdf')
insert into NODE_DOCUMENT (NODE_id_node, DOCUMENT_id_doc) values (8,569);
insert into DOCUMENT (id_doc,datepublication, typedoc, nom, chemin) values(570,'2019-10-21','docx','Bibliothèque numérique Abbaye','./Pédagogie des ASL/Ressources biblio/Bibliothèque numérique Abbaye.docx')
insert into NODE_DOCUMENT (NODE_id_node, DOCUMENT_id_doc) values (8,570);
insert into DOCUMENT (id_doc,datepublication, typedoc, nom, chemin) values(571,'2016-10-03','docx','Catalogue juillet 2016','./Pédagogie des ASL/Ressources biblio/Catalogue juillet 2016.docx')
insert into NODE_DOCUMENT (NODE_id_node, DOCUMENT_id_doc) values (8,571);
insert into DOCUMENT (id_doc,datepublication, typedoc, nom, chemin) values(572,'2016-09-19','xls','Classeur Identité','./Pédagogie des ASL/Ressources biblio/Classeur Identité.xls')
insert into NODE_DOCUMENT (NODE_id_node, DOCUMENT_id_doc) values (8,572);
insert into DOCUMENT (id_doc,datepublication, typedoc, nom, chemin) values(573,'2014-01-08','pdf','RL_outils_pedagogiques','./Pédagogie des ASL/Ressources biblio/RL_outils_pedagogiques.pdf')
insert into NODE_DOCUMENT (NODE_id_node, DOCUMENT_id_doc) values (8,573);
insert into DOCUMENT (id_doc,datepublication, typedoc, nom, chemin) values(574,'2016-03-22','xlsx','les ressources biblio 2016','./Pédagogie des ASL/Ressources biblio/les ressources biblio 2016.xlsx')
insert into NODE_DOCUMENT (NODE_id_node, DOCUMENT_id_doc) values (8,574);
insert into NODE (id_node,name, parent_node_id) values (10,'cours master FLE',9);
insert into NODE (id_node,name, parent_node_id) values (10,'Master 1',9);
insert into DOCUMENT (id_doc,datepublication, typedoc, nom, chemin) values(575,'2013-11-12','pdf','Methodologie de l-observation de la classe','./Pédagogie des ASL/cours master FLE/Master 1/Methodologie de l-observation de la classe.pdf')
insert into NODE_DOCUMENT (NODE_id_node, DOCUMENT_id_doc) values (9,575);
insert into DOCUMENT (id_doc,datepublication, typedoc, nom, chemin) values(576,'2013-11-12','pdf','Pragmatique - analyse des interactions et didactique de loral - cours','./Pédagogie des ASL/cours master FLE/Master 1/Pragmatique - analyse des interactions et didactique de loral - cours.pdf')
insert into NODE_DOCUMENT (NODE_id_node, DOCUMENT_id_doc) values (9,576);
insert into DOCUMENT (id_doc,datepublication, typedoc, nom, chemin) values(577,'2013-11-12','pdf','Rapports inter-groupes -- exolinguisme et didactique des langues - cours','./Pédagogie des ASL/cours master FLE/Master 1/Rapports inter-groupes -- exolinguisme et didactique des langues - cours.pdf')
insert into NODE_DOCUMENT (NODE_id_node, DOCUMENT_id_doc) values (9,577);
insert into DOCUMENT (id_doc,datepublication, typedoc, nom, chemin) values(578,'2013-11-12','pdf','didactique de la grammaire - cours','./Pédagogie des ASL/cours master FLE/Master 1/didactique de la grammaire - cours.pdf')
insert into NODE_DOCUMENT (NODE_id_node, DOCUMENT_id_doc) values (9,578);
insert into DOCUMENT (id_doc,datepublication, typedoc, nom, chemin) values(579,'2013-11-12','pdf','didactique du lexique - cours','./Pédagogie des ASL/cours master FLE/Master 1/didactique du lexique - cours.pdf')
insert into NODE_DOCUMENT (NODE_id_node, DOCUMENT_id_doc) values (9,579);
insert into DOCUMENT (id_doc,datepublication, typedoc, nom, chemin) values(580,'2013-11-12','pdf','evolution des courants methodologiques','./Pédagogie des ASL/cours master FLE/Master 1/evolution des courants methodologiques.pdf')
insert into NODE_DOCUMENT (NODE_id_node, DOCUMENT_id_doc) values (9,580);
insert into DOCUMENT (id_doc,datepublication, typedoc, nom, chemin) values(581,'2013-11-12','pdf','lettres et arts contemporains - cours','./Pédagogie des ASL/cours master FLE/Master 1/lettres et arts contemporains - cours.pdf')
insert into NODE_DOCUMENT (NODE_id_node, DOCUMENT_id_doc) values (9,581);
insert into DOCUMENT (id_doc,datepublication, typedoc, nom, chemin) values(582,'2013-11-12','pdf','linguistique textuelle et didactique de lecrit - cours','./Pédagogie des ASL/cours master FLE/Master 1/linguistique textuelle et didactique de lecrit - cours.pdf')
insert into NODE_DOCUMENT (NODE_id_node, DOCUMENT_id_doc) values (9,582);
insert into DOCUMENT (id_doc,datepublication, typedoc, nom, chemin) values(583,'2013-11-12','pdf','phonetique et phonetique corrective - cours','./Pédagogie des ASL/cours master FLE/Master 1/phonetique et phonetique corrective - cours.pdf')
insert into NODE_DOCUMENT (NODE_id_node, DOCUMENT_id_doc) values (9,583);
insert into DOCUMENT (id_doc,datepublication, typedoc, nom, chemin) values(584,'2013-11-12','pdf','plurilinguisme et identite - cours','./Pédagogie des ASL/cours master FLE/Master 1/plurilinguisme et identite - cours.pdf')
insert into NODE_DOCUMENT (NODE_id_node, DOCUMENT_id_doc) values (9,584);
insert into NODE (id_node,name, parent_node_id) values (11,'Master2',10);
insert into NODE (id_node,name, parent_node_id) values (11,'ingénierie de formation',10);
insert into DOCUMENT (id_doc,datepublication, typedoc, nom, chemin) values(585,'2013-11-12','pdf','Intervention 1 Master','./Pédagogie des ASL/cours master FLE/Master2/ingénierie de formation/Intervention 1 Master.pdf')
insert into NODE_DOCUMENT (NODE_id_node, DOCUMENT_id_doc) values (10,585);
insert into DOCUMENT (id_doc,datepublication, typedoc, nom, chemin) values(586,'2013-11-12','pdf','Intervention 2 Master','./Pédagogie des ASL/cours master FLE/Master2/ingénierie de formation/Intervention 2 Master.pdf')
insert into NODE_DOCUMENT (NODE_id_node, DOCUMENT_id_doc) values (10,586);
insert into DOCUMENT (id_doc,datepublication, typedoc, nom, chemin) values(587,'2013-11-12','pdf','Intervention 3 Master','./Pédagogie des ASL/cours master FLE/Master2/ingénierie de formation/Intervention 3 Master.pdf')
insert into NODE_DOCUMENT (NODE_id_node, DOCUMENT_id_doc) values (10,587);
insert into DOCUMENT (id_doc,datepublication, typedoc, nom, chemin) values(588,'2013-11-12','pdf','Intervention 4 Master','./Pédagogie des ASL/cours master FLE/Master2/ingénierie de formation/Intervention 4 Master.pdf')
insert into NODE_DOCUMENT (NODE_id_node, DOCUMENT_id_doc) values (10,588);
insert into DOCUMENT (id_doc,datepublication, typedoc, nom, chemin) values(589,'2013-11-12','pdf','Methodologie de l-observation de la classe','./Pédagogie des ASL/cours master FLE/Methodologie de l-observation de la classe.pdf')
insert into NODE_DOCUMENT (NODE_id_node, DOCUMENT_id_doc) values (11,589);
insert into DOCUMENT (id_doc,datepublication, typedoc, nom, chemin) values(590,'2013-11-12','pdf','Pragmatique - analyse des interactions et didactique de loral - cours','./Pédagogie des ASL/cours master FLE/Pragmatique - analyse des interactions et didactique de loral - cours.pdf')
insert into NODE_DOCUMENT (NODE_id_node, DOCUMENT_id_doc) values (11,590);
insert into DOCUMENT (id_doc,datepublication, typedoc, nom, chemin) values(591,'2013-11-12','pdf','Rapports inter-groupes -- exolinguisme et didactique des langues - cours','./Pédagogie des ASL/cours master FLE/Rapports inter-groupes -- exolinguisme et didactique des langues - cours.pdf')
insert into NODE_DOCUMENT (NODE_id_node, DOCUMENT_id_doc) values (11,591);
insert into DOCUMENT (id_doc,datepublication, typedoc, nom, chemin) values(592,'2013-11-12','pdf','evolution des courants methodologiques','./Pédagogie des ASL/cours master FLE/evolution des courants methodologiques.pdf')
insert into NODE_DOCUMENT (NODE_id_node, DOCUMENT_id_doc) values (11,592);
insert into DOCUMENT (id_doc,datepublication, typedoc, nom, chemin) values(593,'2013-11-12','pdf','lettres et arts contemporains - cours','./Pédagogie des ASL/cours master FLE/lettres et arts contemporains - cours.pdf')
insert into NODE_DOCUMENT (NODE_id_node, DOCUMENT_id_doc) values (11,593);
insert into DOCUMENT (id_doc,datepublication, typedoc, nom, chemin) values(594,'2013-11-12','pdf','linguistique textuelle et didactique de lecrit - cours','./Pédagogie des ASL/cours master FLE/linguistique textuelle et didactique de lecrit - cours.pdf')
insert into NODE_DOCUMENT (NODE_id_node, DOCUMENT_id_doc) values (11,594);
insert into DOCUMENT (id_doc,datepublication, typedoc, nom, chemin) values(595,'2013-11-12','pdf','phonetique et phonetique corrective - cours','./Pédagogie des ASL/cours master FLE/phonetique et phonetique corrective - cours.pdf')
insert into NODE_DOCUMENT (NODE_id_node, DOCUMENT_id_doc) values (11,595);
insert into DOCUMENT (id_doc,datepublication, typedoc, nom, chemin) values(596,'2013-11-12','pdf','plurilinguisme et identite - cours','./Pédagogie des ASL/cours master FLE/plurilinguisme et identite - cours.pdf')
insert into NODE_DOCUMENT (NODE_id_node, DOCUMENT_id_doc) values (11,596);
insert into NODE (id_node,name, parent_node_id) values (11,'démarche - infos ASL',10);
insert into DOCUMENT (id_doc,datepublication, typedoc, nom, chemin) values(597,'2013-11-12','pdf','Alphabétisation_pour_immigrants_adultes','./Pédagogie des ASL/démarche - infos ASL/Alphabétisation_pour_immigrants_adultes.pdf')
insert into NODE_DOCUMENT (NODE_id_node, DOCUMENT_id_doc) values (10,597);
insert into DOCUMENT (id_doc,datepublication, typedoc, nom, chemin) values(598,'2018-07-08','pdf','CahierdeLiaisonpourTous','./Pédagogie des ASL/démarche - infos ASL/CahierdeLiaisonpourTous.pdf')
insert into NODE_DOCUMENT (NODE_id_node, DOCUMENT_id_doc) values (10,598);
insert into DOCUMENT (id_doc,datepublication, typedoc, nom, chemin) values(599,'2017-01-24','pdf','Carte des competences ASL','./Pédagogie des ASL/démarche - infos ASL/Carte des competences ASL.pdf')
insert into NODE_DOCUMENT (NODE_id_node, DOCUMENT_id_doc) values (10,599);
insert into DOCUMENT (id_doc,datepublication, typedoc, nom, chemin) values(600,'2016-06-08','pdf','Charte des ASL','./Pédagogie des ASL/démarche - infos ASL/Charte des ASL.pdf')
insert into NODE_DOCUMENT (NODE_id_node, DOCUMENT_id_doc) values (10,600);
insert into DOCUMENT (id_doc,datepublication, typedoc, nom, chemin) values(601,'2013-11-12','pdf','Description_de_l_heterogeneite_des_publics','./Pédagogie des ASL/démarche - infos ASL/Description_de_l_heterogeneite_des_publics.pdf')
insert into NODE_DOCUMENT (NODE_id_node, DOCUMENT_id_doc) values (10,601);
insert into DOCUMENT (id_doc,datepublication, typedoc, nom, chemin) values(602,'2013-11-12','pdf','FLI_LABEL_V20-1-1','./Pédagogie des ASL/démarche - infos ASL/FLI_LABEL_V20-1-1.pdf')
insert into NODE_DOCUMENT (NODE_id_node, DOCUMENT_id_doc) values (10,602);
insert into DOCUMENT (id_doc,datepublication, typedoc, nom, chemin) values(603,'2012-12-05','pdf','Français langue d_intégration','./Pédagogie des ASL/démarche - infos ASL/Français langue d_intégration.pdf')
insert into NODE_DOCUMENT (NODE_id_node, DOCUMENT_id_doc) values (10,603);
insert into DOCUMENT (id_doc,datepublication, typedoc, nom, chemin) values(604,'2016-03-24','pdf','Guide animateur FLIP','./Pédagogie des ASL/démarche - infos ASL/Guide animateur FLIP.pdf')
insert into NODE_DOCUMENT (NODE_id_node, DOCUMENT_id_doc) values (10,604);
insert into DOCUMENT (id_doc,datepublication, typedoc, nom, chemin) values(605,'2013-11-12','docx','Jargon des ateliers de français','./Pédagogie des ASL/démarche - infos ASL/Jargon des ateliers de français.docx')
insert into NODE_DOCUMENT (NODE_id_node, DOCUMENT_id_doc) values (10,605);
insert into DOCUMENT (id_doc,datepublication, typedoc, nom, chemin) values(606,'2012-12-05','pdf','Jeux communicatifs','./Pédagogie des ASL/démarche - infos ASL/Jeux communicatifs.pdf')
insert into NODE_DOCUMENT (NODE_id_node, DOCUMENT_id_doc) values (10,606);
insert into DOCUMENT (id_doc,datepublication, typedoc, nom, chemin) values(607,'2013-11-12','pdf','Leslie_Molostoff_M-moire_M2 FLE pro 2','./Pédagogie des ASL/démarche - infos ASL/Leslie_Molostoff_M-moire_M2 FLE pro 2.pdf')
insert into NODE_DOCUMENT (NODE_id_node, DOCUMENT_id_doc) values (10,607);
insert into DOCUMENT (id_doc,datepublication, typedoc, nom, chemin) values(608,'2012-12-05','pdf','Lexicologie','./Pédagogie des ASL/démarche - infos ASL/Lexicologie.pdf')
insert into NODE_DOCUMENT (NODE_id_node, DOCUMENT_id_doc) values (10,608);
insert into DOCUMENT (id_doc,datepublication, typedoc, nom, chemin) values(609,'2013-11-12','pdf','Pratiques_education_populaire_quartiers_prioritaires_ IDF_20092','./Pédagogie des ASL/démarche - infos ASL/Pratiques_education_populaire_quartiers_prioritaires_ IDF_20092.pdf')
insert into NODE_DOCUMENT (NODE_id_node, DOCUMENT_id_doc) values (10,609);
insert into DOCUMENT (id_doc,datepublication, typedoc, nom, chemin) values(610,'2014-09-01','docx','Quelques pistes pour des sorties culturelles en ASL','./Pédagogie des ASL/démarche - infos ASL/Quelques pistes pour des sorties culturelles en ASL.docx')
insert into NODE_DOCUMENT (NODE_id_node, DOCUMENT_id_doc) values (10,610);
insert into DOCUMENT (id_doc,datepublication, typedoc, nom, chemin) values(611,'2013-11-12','pdf','Repères-linguistique','./Pédagogie des ASL/démarche - infos ASL/Repères-linguistique.pdf')
insert into NODE_DOCUMENT (NODE_id_node, DOCUMENT_id_doc) values (10,611);
insert into DOCUMENT (id_doc,datepublication, typedoc, nom, chemin) values(612,'2019-04-08','pdf','Trame 5','./Pédagogie des ASL/démarche - infos ASL/Trame 5.pdf')
insert into NODE_DOCUMENT (NODE_id_node, DOCUMENT_id_doc) values (10,612);
insert into DOCUMENT (id_doc,datepublication, typedoc, nom, chemin) values(613,'2013-11-12','pdf','cahier des charges ASL 09 2011','./Pédagogie des ASL/démarche - infos ASL/cahier des charges ASL 09 2011.pdf')
insert into NODE_DOCUMENT (NODE_id_node, DOCUMENT_id_doc) values (10,613);
insert into DOCUMENT (id_doc,datepublication, typedoc, nom, chemin) values(614,'2012-12-05','pdf','express orale','./Pédagogie des ASL/démarche - infos ASL/express orale.pdf')
insert into NODE_DOCUMENT (NODE_id_node, DOCUMENT_id_doc) values (10,614);
insert into DOCUMENT (id_doc,datepublication, typedoc, nom, chemin) values(615,'2012-12-05','pdf','gramm et comm','./Pédagogie des ASL/démarche - infos ASL/gramm et comm.pdf')
insert into NODE_DOCUMENT (NODE_id_node, DOCUMENT_id_doc) values (10,615);
insert into DOCUMENT (id_doc,datepublication, typedoc, nom, chemin) values(616,'2012-12-05','odt','guide pédagogique FLP','./Pédagogie des ASL/démarche - infos ASL/guide pédagogique FLP.odt')
insert into NODE_DOCUMENT (NODE_id_node, DOCUMENT_id_doc) values (10,616);
insert into DOCUMENT (id_doc,datepublication, typedoc, nom, chemin) values(617,'2018-03-27','doc','kit_fli_pedago_061014','./Pédagogie des ASL/démarche - infos ASL/kit_fli_pedago_061014.doc')
insert into NODE_DOCUMENT (NODE_id_node, DOCUMENT_id_doc) values (10,617);
insert into NODE (id_node,name, parent_node_id) values (11,'référentiels',10);
insert into DOCUMENT (id_doc,datepublication, typedoc, nom, chemin) values(618,'2013-11-12','pdf','Du-niveau-A1.1-au-niveau-A1','./Pédagogie des ASL/démarche - infos ASL/référentiels/Du-niveau-A1.1-au-niveau-A1.pdf')
insert into NODE_DOCUMENT (NODE_id_node, DOCUMENT_id_doc) values (10,618);
insert into DOCUMENT (id_doc,datepublication, typedoc, nom, chemin) values(619,'2013-11-12','pdf','Référentiel Français langue d-insertion professionnelle et français - visée professionnelle','./Pédagogie des ASL/démarche - infos ASL/référentiels/Référentiel Français langue d-insertion professionnelle et français - visée professionnelle.pdf')
insert into NODE_DOCUMENT (NODE_id_node, DOCUMENT_id_doc) values (10,619);
insert into DOCUMENT (id_doc,datepublication, typedoc, nom, chemin) values(620,'2012-12-05','pdf','Référentiel Français langue d_insertion professionnelle et français à visée professionnelle','./Pédagogie des ASL/démarche - infos ASL/référentiels/Référentiel Français langue d_insertion professionnelle et français à visée professionnelle.pdf')
insert into NODE_DOCUMENT (NODE_id_node, DOCUMENT_id_doc) values (10,620);
insert into DOCUMENT (id_doc,datepublication, typedoc, nom, chemin) values(621,'2017-01-02','pdf','referentiel-fli','./Pédagogie des ASL/démarche - infos ASL/référentiels/referentiel-fli.pdf')
insert into NODE_DOCUMENT (NODE_id_node, DOCUMENT_id_doc) values (10,621);
insert into DOCUMENT (id_doc,datepublication, typedoc, nom, chemin) values(622,'2013-11-12','pdf','tableau_niveau_cecr','./Pédagogie des ASL/démarche - infos ASL/référentiels/tableau_niveau_cecr.pdf')
insert into NODE_DOCUMENT (NODE_id_node, DOCUMENT_id_doc) values (10,622);
insert into NODE (id_node,name, parent_node_id) values (12,'methode borel maisonny',11);
insert into DOCUMENT (id_doc,datepublication, typedoc, nom, chemin) values(623,'2012-12-05','PDF','001a','./Pédagogie des ASL/methode borel maisonny/001a.PDF')
insert into NODE_DOCUMENT (NODE_id_node, DOCUMENT_id_doc) values (11,623);
insert into DOCUMENT (id_doc,datepublication, typedoc, nom, chemin) values(624,'2012-12-05','PDF','002i','./Pédagogie des ASL/methode borel maisonny/002i.PDF')
insert into NODE_DOCUMENT (NODE_id_node, DOCUMENT_id_doc) values (11,624);
insert into DOCUMENT (id_doc,datepublication, typedoc, nom, chemin) values(625,'2012-12-05','PDF','003r','./Pédagogie des ASL/methode borel maisonny/003r.PDF')
insert into NODE_DOCUMENT (NODE_id_node, DOCUMENT_id_doc) values (11,625);
insert into DOCUMENT (id_doc,datepublication, typedoc, nom, chemin) values(626,'2012-12-05','PDF','004l','./Pédagogie des ASL/methode borel maisonny/004l.PDF')
insert into NODE_DOCUMENT (NODE_id_node, DOCUMENT_id_doc) values (11,626);
insert into DOCUMENT (id_doc,datepublication, typedoc, nom, chemin) values(627,'2012-12-05','PDF','005u','./Pédagogie des ASL/methode borel maisonny/005u.PDF')
insert into NODE_DOCUMENT (NODE_id_node, DOCUMENT_id_doc) values (11,627);
insert into DOCUMENT (id_doc,datepublication, typedoc, nom, chemin) values(628,'2012-12-05','PDF','006synthèse','./Pédagogie des ASL/methode borel maisonny/006synthèse.PDF')
insert into NODE_DOCUMENT (NODE_id_node, DOCUMENT_id_doc) values (11,628);
insert into DOCUMENT (id_doc,datepublication, typedoc, nom, chemin) values(629,'2012-12-05','PDF','007m','./Pédagogie des ASL/methode borel maisonny/007m.PDF')
insert into NODE_DOCUMENT (NODE_id_node, DOCUMENT_id_doc) values (11,629);
insert into DOCUMENT (id_doc,datepublication, typedoc, nom, chemin) values(630,'2012-12-05','PDF','008p','./Pédagogie des ASL/methode borel maisonny/008p.PDF')
insert into NODE_DOCUMENT (NODE_id_node, DOCUMENT_id_doc) values (11,630);
insert into DOCUMENT (id_doc,datepublication, typedoc, nom, chemin) values(631,'2012-12-05','PDF','009synthèse','./Pédagogie des ASL/methode borel maisonny/009synthèse.PDF')
insert into NODE_DOCUMENT (NODE_id_node, DOCUMENT_id_doc) values (11,631);
insert into DOCUMENT (id_doc,datepublication, typedoc, nom, chemin) values(632,'2012-12-05','PDF','010ou','./Pédagogie des ASL/methode borel maisonny/010ou.PDF')
insert into NODE_DOCUMENT (NODE_id_node, DOCUMENT_id_doc) values (11,632);
insert into DOCUMENT (id_doc,datepublication, typedoc, nom, chemin) values(633,'2012-12-05','PDF','011t','./Pédagogie des ASL/methode borel maisonny/011t.PDF')
insert into NODE_DOCUMENT (NODE_id_node, DOCUMENT_id_doc) values (11,633);
insert into DOCUMENT (id_doc,datepublication, typedoc, nom, chemin) values(634,'2012-12-05','PDF','012synthèse','./Pédagogie des ASL/methode borel maisonny/012synthèse.PDF')
insert into NODE_DOCUMENT (NODE_id_node, DOCUMENT_id_doc) values (11,634);
insert into DOCUMENT (id_doc,datepublication, typedoc, nom, chemin) values(635,'2012-12-05','PDF','013n','./Pédagogie des ASL/methode borel maisonny/013n.PDF')
insert into NODE_DOCUMENT (NODE_id_node, DOCUMENT_id_doc) values (11,635);
insert into DOCUMENT (id_doc,datepublication, typedoc, nom, chemin) values(636,'2012-12-05','PDF','014f','./Pédagogie des ASL/methode borel maisonny/014f.PDF')
insert into NODE_DOCUMENT (NODE_id_node, DOCUMENT_id_doc) values (11,636);
insert into DOCUMENT (id_doc,datepublication, typedoc, nom, chemin) values(637,'2012-12-05','PDF','015synthèse','./Pédagogie des ASL/methode borel maisonny/015synthèse.PDF')
insert into NODE_DOCUMENT (NODE_id_node, DOCUMENT_id_doc) values (11,637);
insert into DOCUMENT (id_doc,datepublication, typedoc, nom, chemin) values(638,'2012-12-05','PDF','016d','./Pédagogie des ASL/methode borel maisonny/016d.PDF')
insert into NODE_DOCUMENT (NODE_id_node, DOCUMENT_id_doc) values (11,638);
insert into DOCUMENT (id_doc,datepublication, typedoc, nom, chemin) values(639,'2012-12-05','PDF','017on','./Pédagogie des ASL/methode borel maisonny/017on.PDF')
insert into NODE_DOCUMENT (NODE_id_node, DOCUMENT_id_doc) values (11,639);
insert into DOCUMENT (id_doc,datepublication, typedoc, nom, chemin) values(640,'2012-12-05','PDF','018v','./Pédagogie des ASL/methode borel maisonny/018v.PDF')
insert into NODE_DOCUMENT (NODE_id_node, DOCUMENT_id_doc) values (11,640);
insert into DOCUMENT (id_doc,datepublication, typedoc, nom, chemin) values(641,'2012-12-05','PDF','019o','./Pédagogie des ASL/methode borel maisonny/019o.PDF')
insert into NODE_DOCUMENT (NODE_id_node, DOCUMENT_id_doc) values (11,641);
insert into DOCUMENT (id_doc,datepublication, typedoc, nom, chemin) values(642,'2012-12-05','PDF','020c','./Pédagogie des ASL/methode borel maisonny/020c.PDF')
insert into NODE_DOCUMENT (NODE_id_node, DOCUMENT_id_doc) values (11,642);
insert into DOCUMENT (id_doc,datepublication, typedoc, nom, chemin) values(643,'2012-12-05','PDF','021oi','./Pédagogie des ASL/methode borel maisonny/021oi.PDF')
insert into NODE_DOCUMENT (NODE_id_node, DOCUMENT_id_doc) values (11,643);
insert into DOCUMENT (id_doc,datepublication, typedoc, nom, chemin) values(644,'2012-12-05','PDF','022éerez','./Pédagogie des ASL/methode borel maisonny/022éerez.PDF')
insert into NODE_DOCUMENT (NODE_id_node, DOCUMENT_id_doc) values (11,644);
insert into DOCUMENT (id_doc,datepublication, typedoc, nom, chemin) values(645,'2012-12-05','PDF','023ch','./Pédagogie des ASL/methode borel maisonny/023ch.PDF')
insert into NODE_DOCUMENT (NODE_id_node, DOCUMENT_id_doc) values (11,645);
insert into DOCUMENT (id_doc,datepublication, typedoc, nom, chemin) values(646,'2012-12-05','PDF','024ckqu','./Pédagogie des ASL/methode borel maisonny/024ckqu.PDF')
insert into NODE_DOCUMENT (NODE_id_node, DOCUMENT_id_doc) values (11,646);
insert into DOCUMENT (id_doc,datepublication, typedoc, nom, chemin) values(647,'2012-12-05','PDF','025b','./Pédagogie des ASL/methode borel maisonny/025b.PDF')
insert into NODE_DOCUMENT (NODE_id_node, DOCUMENT_id_doc) values (11,647);
insert into DOCUMENT (id_doc,datepublication, typedoc, nom, chemin) values(648,'2012-12-05','PDF','026synthèse','./Pédagogie des ASL/methode borel maisonny/026synthèse.PDF')
insert into NODE_DOCUMENT (NODE_id_node, DOCUMENT_id_doc) values (11,648);
insert into DOCUMENT (id_doc,datepublication, typedoc, nom, chemin) values(649,'2012-12-05','PDF','027enan','./Pédagogie des ASL/methode borel maisonny/027enan.PDF')
insert into NODE_DOCUMENT (NODE_id_node, DOCUMENT_id_doc) values (11,649);
insert into DOCUMENT (id_doc,datepublication, typedoc, nom, chemin) values(650,'2012-12-05','PDF','028èaiei','./Pédagogie des ASL/methode borel maisonny/028èaiei.PDF')
insert into NODE_DOCUMENT (NODE_id_node, DOCUMENT_id_doc) values (11,650);
insert into DOCUMENT (id_doc,datepublication, typedoc, nom, chemin) values(651,'2012-12-05','PDF','029o','./Pédagogie des ASL/methode borel maisonny/029o.PDF')
insert into NODE_DOCUMENT (NODE_id_node, DOCUMENT_id_doc) values (11,651);
insert into DOCUMENT (id_doc,datepublication, typedoc, nom, chemin) values(652,'2012-12-05','PDF','030oeu','./Pédagogie des ASL/methode borel maisonny/030oeu.PDF')
insert into NODE_DOCUMENT (NODE_id_node, DOCUMENT_id_doc) values (11,652);
insert into DOCUMENT (id_doc,datepublication, typedoc, nom, chemin) values(653,'2012-12-05','PDF','031jg','./Pédagogie des ASL/methode borel maisonny/031jg.PDF')
insert into NODE_DOCUMENT (NODE_id_node, DOCUMENT_id_doc) values (11,653);
insert into DOCUMENT (id_doc,datepublication, typedoc, nom, chemin) values(654,'2012-12-05','PDF','032in','./Pédagogie des ASL/methode borel maisonny/032in.PDF')
insert into NODE_DOCUMENT (NODE_id_node, DOCUMENT_id_doc) values (11,654);
insert into DOCUMENT (id_doc,datepublication, typedoc, nom, chemin) values(655,'2012-12-05','PDF','033oin','./Pédagogie des ASL/methode borel maisonny/033oin.PDF')
insert into NODE_DOCUMENT (NODE_id_node, DOCUMENT_id_doc) values (11,655);
insert into DOCUMENT (id_doc,datepublication, typedoc, nom, chemin) values(656,'2012-12-05','PDF','034sz','./Pédagogie des ASL/methode borel maisonny/034sz.PDF')
insert into NODE_DOCUMENT (NODE_id_node, DOCUMENT_id_doc) values (11,656);
insert into DOCUMENT (id_doc,datepublication, typedoc, nom, chemin) values(657,'2013-11-12','gif','BOREL_MAISONY','./Pédagogie des ASL/methode borel maisonny/BOREL_MAISONY.gif')
insert into NODE_DOCUMENT (NODE_id_node, DOCUMENT_id_doc) values (11,657);
insert into DOCUMENT (id_doc,datepublication, typedoc, nom, chemin) values(658,'2013-11-12','doc','Borel Maisonny 125 x 200','./Pédagogie des ASL/methode borel maisonny/Borel Maisonny 125 x 200.doc')
insert into NODE_DOCUMENT (NODE_id_node, DOCUMENT_id_doc) values (11,658);
insert into NODE (id_node,name, parent_node_id) values (9,'Ressources Numériques',8);
insert into NODE (id_node,name, parent_node_id) values (9,'Banque d_images',8);
insert into NODE (id_node,name, parent_node_id) values (9,'Alimentation _ courses',8);
insert into DOCUMENT (id_doc,datepublication, typedoc, nom, chemin) values(659,'2020-04-01','odt','Cuisine restaurant repas - D E - i ea','./Ressources Numériques/Banque d_images/Alimentation _ courses/Cuisine restaurant repas - D E - i ea.odt')
insert into NODE_DOCUMENT (NODE_id_node, DOCUMENT_id_doc) values (8,659);
insert into DOCUMENT (id_doc,datepublication, typedoc, nom, chemin) values(660,'2012-12-05','pdf','Imagiers sports - animaux - alimentation','./Ressources Numériques/Banque d_images/Alimentation _ courses/Imagiers sports - animaux - alimentation.pdf')
insert into NODE_DOCUMENT (NODE_id_node, DOCUMENT_id_doc) values (8,660);
insert into DOCUMENT (id_doc,datepublication, typedoc, nom, chemin) values(661,'2013-11-12','doc','Les legumes imagier - D - i','./Ressources Numériques/Banque d_images/Alimentation _ courses/Les legumes imagier - D - i.doc')
insert into NODE_DOCUMENT (NODE_id_node, DOCUMENT_id_doc) values (8,661);
insert into DOCUMENT (id_doc,datepublication, typedoc, nom, chemin) values(662,'2013-11-13','jpg','alimentation','./Ressources Numériques/Banque d_images/Alimentation _ courses/alimentation.jpg')
insert into NODE_DOCUMENT (NODE_id_node, DOCUMENT_id_doc) values (8,662);
insert into DOCUMENT (id_doc,datepublication, typedoc, nom, chemin) values(663,'2013-11-12','docx','aliments','./Ressources Numériques/Banque d_images/Alimentation _ courses/aliments.docx')
insert into NODE_DOCUMENT (NODE_id_node, DOCUMENT_id_doc) values (8,663);
insert into DOCUMENT (id_doc,datepublication, typedoc, nom, chemin) values(664,'2013-11-12','docx','commerces quartier','./Ressources Numériques/Banque d_images/Alimentation _ courses/commerces quartier.docx')
insert into NODE_DOCUMENT (NODE_id_node, DOCUMENT_id_doc) values (8,664);
insert into DOCUMENT (id_doc,datepublication, typedoc, nom, chemin) values(665,'2013-11-12','docx','images quartier','./Ressources Numériques/Banque d_images/Alimentation _ courses/images quartier.docx')
insert into NODE_DOCUMENT (NODE_id_node, DOCUMENT_id_doc) values (8,665);
insert into DOCUMENT (id_doc,datepublication, typedoc, nom, chemin) values(666,'2013-11-12','doc','les fruits imagier - D - i','./Ressources Numériques/Banque d_images/Alimentation _ courses/les fruits imagier - D - i.doc')
insert into NODE_DOCUMENT (NODE_id_node, DOCUMENT_id_doc) values (8,666);
insert into DOCUMENT (id_doc,datepublication, typedoc, nom, chemin) values(667,'2013-11-13','png','pyramide_alimentaire','./Ressources Numériques/Banque d_images/Alimentation _ courses/pyramide_alimentaire.png')
insert into NODE_DOCUMENT (NODE_id_node, DOCUMENT_id_doc) values (8,667);
insert into DOCUMENT (id_doc,datepublication, typedoc, nom, chemin) values(668,'2013-11-13','jpg','voc aliment','./Ressources Numériques/Banque d_images/Alimentation _ courses/voc aliment.jpg')
insert into NODE_DOCUMENT (NODE_id_node, DOCUMENT_id_doc) values (8,668);
insert into DOCUMENT (id_doc,datepublication, typedoc, nom, chemin) values(669,'2013-11-13','jpg','voc_recettes_mots','./Ressources Numériques/Banque d_images/Alimentation _ courses/voc_recettes_mots.jpg')
insert into NODE_DOCUMENT (NODE_id_node, DOCUMENT_id_doc) values (8,669);
insert into DOCUMENT (id_doc,datepublication, typedoc, nom, chemin) values(670,'2013-11-13','jpg','vocaliment','./Ressources Numériques/Banque d_images/Alimentation _ courses/vocaliment.jpg')
insert into NODE_DOCUMENT (NODE_id_node, DOCUMENT_id_doc) values (8,670);
insert into NODE (id_node,name, parent_node_id) values (10,'Animaux',9);
insert into DOCUMENT (id_doc,datepublication, typedoc, nom, chemin) values(671,'2012-12-05','pdf','Imagiers sports - animaux - alimentation - D E - i','./Ressources Numériques/Banque d_images/Animaux/Imagiers sports - animaux - alimentation - D E - i.pdf')
insert into NODE_DOCUMENT (NODE_id_node, DOCUMENT_id_doc) values (9,671);
insert into DOCUMENT (id_doc,datepublication, typedoc, nom, chemin) values(672,'2013-11-12','doc','les animaux imagier - D - E - i','./Ressources Numériques/Banque d_images/Animaux/les animaux imagier - D - E - i.doc')
insert into NODE_DOCUMENT (NODE_id_node, DOCUMENT_id_doc) values (9,672);
insert into DOCUMENT (id_doc,datepublication, typedoc, nom, chemin) values(673,'2013-11-13','jpg','vocanimaux','./Ressources Numériques/Banque d_images/Animaux/vocanimaux.jpg')
insert into NODE_DOCUMENT (NODE_id_node, DOCUMENT_id_doc) values (9,673);
insert into DOCUMENT (id_doc,datepublication, typedoc, nom, chemin) values(674,'2013-11-13','jpg','vocanimaux2','./Ressources Numériques/Banque d_images/Animaux/vocanimaux2.jpg')
insert into NODE_DOCUMENT (NODE_id_node, DOCUMENT_id_doc) values (9,674);
insert into DOCUMENT (id_doc,datepublication, typedoc, nom, chemin) values(675,'2013-11-13','jpg','vocanimaux3','./Ressources Numériques/Banque d_images/Animaux/vocanimaux3.jpg')
insert into NODE_DOCUMENT (NODE_id_node, DOCUMENT_id_doc) values (9,675);
insert into NODE (id_node,name, parent_node_id) values (11,'Corps Santé',10);
insert into DOCUMENT (id_doc,datepublication, typedoc, nom, chemin) values(676,'2016-04-25','jpg','carte_vitale2 - i','./Ressources Numériques/Banque d_images/Corps Santé/carte_vitale2 - i.jpg')
insert into NODE_DOCUMENT (NODE_id_node, DOCUMENT_id_doc) values (10,676);
insert into DOCUMENT (id_doc,datepublication, typedoc, nom, chemin) values(677,'2013-11-13','jpg','le visage','./Ressources Numériques/Banque d_images/Corps Santé/le visage.jpg')
insert into NODE_DOCUMENT (NODE_id_node, DOCUMENT_id_doc) values (10,677);
insert into DOCUMENT (id_doc,datepublication, typedoc, nom, chemin) values(678,'2013-11-12','docx','risques domestiques','./Ressources Numériques/Banque d_images/Corps Santé/risques domestiques.docx')
insert into NODE_DOCUMENT (NODE_id_node, DOCUMENT_id_doc) values (10,678);
insert into DOCUMENT (id_doc,datepublication, typedoc, nom, chemin) values(679,'2013-11-12','docx','voc du corps','./Ressources Numériques/Banque d_images/Corps Santé/voc du corps.docx')
insert into NODE_DOCUMENT (NODE_id_node, DOCUMENT_id_doc) values (10,679);
insert into NODE (id_node,name, parent_node_id) values (12,'Divers',11);
insert into DOCUMENT (id_doc,datepublication, typedoc, nom, chemin) values(680,'2019-11-07','jpg','Alphabet - ALPHA - i','./Ressources Numériques/Banque d_images/Divers/Alphabet - ALPHA - i.jpg')
insert into NODE_DOCUMENT (NODE_id_node, DOCUMENT_id_doc) values (11,680);
insert into DOCUMENT (id_doc,datepublication, typedoc, nom, chemin) values(681,'2012-12-05','pdf','Imagier verbes action - D E - i','./Ressources Numériques/Banque d_images/Divers/Imagier verbes action - D E - i.pdf')
insert into NODE_DOCUMENT (NODE_id_node, DOCUMENT_id_doc) values (11,681);
insert into DOCUMENT (id_doc,datepublication, typedoc, nom, chemin) values(682,'2020-04-01','odt','Logement meubles - D E - i ea','./Ressources Numériques/Banque d_images/Divers/Logement meubles - D E - i ea.odt')
insert into NODE_DOCUMENT (NODE_id_node, DOCUMENT_id_doc) values (11,682);
insert into DOCUMENT (id_doc,datepublication, typedoc, nom, chemin) values(683,'2020-04-01','odt','Métiers- D E - i ea','./Ressources Numériques/Banque d_images/Divers/Métiers- D E - i ea.odt')
insert into NODE_DOCUMENT (NODE_id_node, DOCUMENT_id_doc) values (11,683);
insert into DOCUMENT (id_doc,datepublication, typedoc, nom, chemin) values(684,'2017-09-25','jpg','Plan détaillé Logement - i','./Ressources Numériques/Banque d_images/Divers/Plan détaillé Logement - i.jpg')
insert into NODE_DOCUMENT (NODE_id_node, DOCUMENT_id_doc) values (11,684);
insert into DOCUMENT (id_doc,datepublication, typedoc, nom, chemin) values(685,'2020-04-01','odt','Signes du Zodiaque - i','./Ressources Numériques/Banque d_images/Divers/Signes du Zodiaque - i.odt')
insert into NODE_DOCUMENT (NODE_id_node, DOCUMENT_id_doc) values (11,685);
insert into DOCUMENT (id_doc,datepublication, typedoc, nom, chemin) values(686,'2013-11-13','doc','images alpha','./Ressources Numériques/Banque d_images/Divers/images alpha.doc')
insert into NODE_DOCUMENT (NODE_id_node, DOCUMENT_id_doc) values (11,686);
insert into DOCUMENT (id_doc,datepublication, typedoc, nom, chemin) values(687,'2013-11-12','docx','images insolites','./Ressources Numériques/Banque d_images/Divers/images insolites.docx')
insert into NODE_DOCUMENT (NODE_id_node, DOCUMENT_id_doc) values (11,687);
insert into DOCUMENT (id_doc,datepublication, typedoc, nom, chemin) values(688,'2020-03-23','odt','images oral dilf logement','./Ressources Numériques/Banque d_images/Divers/images oral dilf logement.odt')
insert into NODE_DOCUMENT (NODE_id_node, DOCUMENT_id_doc) values (11,688);
insert into DOCUMENT (id_doc,datepublication, typedoc, nom, chemin) values(689,'2020-03-20','odt','journée de la femme images à décrire - E A - i','./Ressources Numériques/Banque d_images/Divers/journée de la femme images à décrire - E A - i.odt')
insert into NODE_DOCUMENT (NODE_id_node, DOCUMENT_id_doc) values (11,689);
insert into DOCUMENT (id_doc,datepublication, typedoc, nom, chemin) values(690,'2013-11-12','doc','les animaux','./Ressources Numériques/Banque d_images/Divers/les animaux.doc')
insert into NODE_DOCUMENT (NODE_id_node, DOCUMENT_id_doc) values (11,690);
insert into DOCUMENT (id_doc,datepublication, typedoc, nom, chemin) values(691,'2013-11-12','pptx','paysages pr description','./Ressources Numériques/Banque d_images/Divers/paysages pr description.pptx')
insert into NODE_DOCUMENT (NODE_id_node, DOCUMENT_id_doc) values (11,691);
insert into DOCUMENT (id_doc,datepublication, typedoc, nom, chemin) values(692,'2013-11-12','pptx','voisins images','./Ressources Numériques/Banque d_images/Divers/voisins images.pptx')
insert into NODE_DOCUMENT (NODE_id_node, DOCUMENT_id_doc) values (11,692);
insert into DOCUMENT (id_doc,datepublication, typedoc, nom, chemin) values(693,'2018-11-30','pdf','HELLO-Guide_du_Routard_pour_les_refugies','./Ressources Numériques/Banque d_images/HELLO-Guide_du_Routard_pour_les_refugies.pdf')
insert into NODE_DOCUMENT (NODE_id_node, DOCUMENT_id_doc) values (12,693);
insert into NODE (id_node,name, parent_node_id) values (13,'Identité Famille',12);
insert into DOCUMENT (id_doc,datepublication, typedoc, nom, chemin) values(694,'2020-04-01','odt','Arbre généalogique à remplir - i','./Ressources Numériques/Banque d_images/Identité Famille/Arbre généalogique à remplir - i.odt')
insert into NODE_DOCUMENT (NODE_id_node, DOCUMENT_id_doc) values (12,694);
insert into DOCUMENT (id_doc,datepublication, typedoc, nom, chemin) values(695,'2020-03-23','odt','famille','./Ressources Numériques/Banque d_images/Identité Famille/famille.odt')
insert into NODE_DOCUMENT (NODE_id_node, DOCUMENT_id_doc) values (12,695);
insert into NODE (id_node,name, parent_node_id) values (14,'Images Culture française',13);
insert into DOCUMENT (id_doc,datepublication, typedoc, nom, chemin) values(696,'2012-12-05','jpg','240px-Vosges_val_munster','./Ressources Numériques/Banque d_images/Images Culture française/240px-Vosges_val_munster.jpg')
insert into NODE_DOCUMENT (NODE_id_node, DOCUMENT_id_doc) values (13,696);
insert into DOCUMENT (id_doc,datepublication, typedoc, nom, chemin) values(697,'2012-12-05','jpg','61198-1','./Ressources Numériques/Banque d_images/Images Culture française/61198-1.jpg')
insert into NODE_DOCUMENT (NODE_id_node, DOCUMENT_id_doc) values (13,697);
insert into DOCUMENT (id_doc,datepublication, typedoc, nom, chemin) values(698,'2012-12-05','jpg','800px-Pétanque_players_in_Cannes__28France_29_2003','./Ressources Numériques/Banque d_images/Images Culture française/800px-Pétanque_players_in_Cannes__28France_29_2003.jpg')
insert into NODE_DOCUMENT (NODE_id_node, DOCUMENT_id_doc) values (13,698);
insert into DOCUMENT (id_doc,datepublication, typedoc, nom, chemin) values(699,'2012-12-05','jpg','Grand_Pic_de_Belledonne_10535','./Ressources Numériques/Banque d_images/Images Culture française/Grand_Pic_de_Belledonne_10535.jpg')
insert into NODE_DOCUMENT (NODE_id_node, DOCUMENT_id_doc) values (13,699);
insert into DOCUMENT (id_doc,datepublication, typedoc, nom, chemin) values(700,'2012-12-05','jpg','RTEmagicC_hn-02b-Vache-normande_jpg','./Ressources Numériques/Banque d_images/Images Culture française/RTEmagicC_hn-02b-Vache-normande_jpg.jpg')
insert into NODE_DOCUMENT (NODE_id_node, DOCUMENT_id_doc) values (13,700);
insert into DOCUMENT (id_doc,datepublication, typedoc, nom, chemin) values(701,'2012-12-05','jpg','alsace','./Ressources Numériques/Banque d_images/Images Culture française/alsace.jpg')
insert into NODE_DOCUMENT (NODE_id_node, DOCUMENT_id_doc) values (13,701);
insert into DOCUMENT (id_doc,datepublication, typedoc, nom, chemin) values(702,'2012-12-05','jpg','barquette-de-champignons-de-paris-zLE56','./Ressources Numériques/Banque d_images/Images Culture française/barquette-de-champignons-de-paris-zLE56.jpg')
insert into NODE_DOCUMENT (NODE_id_node, DOCUMENT_id_doc) values (13,702);
insert into DOCUMENT (id_doc,datepublication, typedoc, nom, chemin) values(703,'2012-12-05','jpg','basse-normandie0','./Ressources Numériques/Banque d_images/Images Culture française/basse-normandie0.jpg')
insert into NODE_DOCUMENT (NODE_id_node, DOCUMENT_id_doc) values (13,703);
insert into DOCUMENT (id_doc,datepublication, typedoc, nom, chemin) values(704,'2012-12-05','jpg','chartreuse-274141','./Ressources Numériques/Banque d_images/Images Culture française/chartreuse-274141.jpg')
insert into NODE_DOCUMENT (NODE_id_node, DOCUMENT_id_doc) values (13,704);
insert into DOCUMENT (id_doc,datepublication, typedoc, nom, chemin) values(705,'2012-12-05','jpg','crepes 2','./Ressources Numériques/Banque d_images/Images Culture française/crepes 2.jpg')
insert into NODE_DOCUMENT (NODE_id_node, DOCUMENT_id_doc) values (13,705);
insert into DOCUMENT (id_doc,datepublication, typedoc, nom, chemin) values(706,'2012-12-05','jpg','dyn007_original_440_344_pjpeg_2678223_951f64e3b33a2e8e1998f927ee70df90','./Ressources Numériques/Banque d_images/Images Culture française/dyn007_original_440_344_pjpeg_2678223_951f64e3b33a2e8e1998f927ee70df90.jpg')
insert into NODE_DOCUMENT (NODE_id_node, DOCUMENT_id_doc) values (13,706);
insert into DOCUMENT (id_doc,datepublication, typedoc, nom, chemin) values(707,'2012-12-05','jpg','flammekueche','./Ressources Numériques/Banque d_images/Images Culture française/flammekueche.jpg')
insert into NODE_DOCUMENT (NODE_id_node, DOCUMENT_id_doc) values (13,707);
insert into DOCUMENT (id_doc,datepublication, typedoc, nom, chemin) values(708,'2012-12-05','jpg','haute_normandie','./Ressources Numériques/Banque d_images/Images Culture française/haute_normandie.jpg')
insert into NODE_DOCUMENT (NODE_id_node, DOCUMENT_id_doc) values (13,708);
insert into DOCUMENT (id_doc,datepublication, typedoc, nom, chemin) values(709,'2020-03-20','odt','journée de la femme images à décrire - E A - i','./Ressources Numériques/Banque d_images/Images Culture française/journée de la femme images à décrire - E A - i.odt')
insert into NODE_DOCUMENT (NODE_id_node, DOCUMENT_id_doc) values (13,709);
insert into DOCUMENT (id_doc,datepublication, typedoc, nom, chemin) values(710,'2012-12-05','jpg','moucherotte2','./Ressources Numériques/Banque d_images/Images Culture française/moucherotte2.jpg')
insert into NODE_DOCUMENT (NODE_id_node, DOCUMENT_id_doc) values (13,710);
insert into DOCUMENT (id_doc,datepublication, typedoc, nom, chemin) values(711,'2012-12-05','jpg','nice-aeroport-marche-fleurs','./Ressources Numériques/Banque d_images/Images Culture française/nice-aeroport-marche-fleurs.jpg')
insert into NODE_DOCUMENT (NODE_id_node, DOCUMENT_id_doc) values (13,711);
insert into DOCUMENT (id_doc,datepublication, typedoc, nom, chemin) values(712,'2012-12-05','jpg','noix_ouverte','./Ressources Numériques/Banque d_images/Images Culture française/noix_ouverte.jpg')
insert into NODE_DOCUMENT (NODE_id_node, DOCUMENT_id_doc) values (13,712);
insert into DOCUMENT (id_doc,datepublication, typedoc, nom, chemin) values(713,'2012-12-05','jpg','p1-produits-423','./Ressources Numériques/Banque d_images/Images Culture française/p1-produits-423.jpg')
insert into NODE_DOCUMENT (NODE_id_node, DOCUMENT_id_doc) values (13,713);
insert into DOCUMENT (id_doc,datepublication, typedoc, nom, chemin) values(714,'2012-12-05','jpg','photo_lyon','./Ressources Numériques/Banque d_images/Images Culture française/photo_lyon.jpg')
insert into NODE_DOCUMENT (NODE_id_node, DOCUMENT_id_doc) values (13,714);
insert into DOCUMENT (id_doc,datepublication, typedoc, nom, chemin) values(715,'2012-12-05','gif','saint-malo_vueduciel','./Ressources Numériques/Banque d_images/Images Culture française/saint-malo_vueduciel.gif')
insert into NODE_DOCUMENT (NODE_id_node, DOCUMENT_id_doc) values (13,715);
insert into DOCUMENT (id_doc,datepublication, typedoc, nom, chemin) values(716,'2012-12-05','jpg','saint-tropez','./Ressources Numériques/Banque d_images/Images Culture française/saint-tropez.jpg')
insert into NODE_DOCUMENT (NODE_id_node, DOCUMENT_id_doc) values (13,716);
insert into DOCUMENT (id_doc,datepublication, typedoc, nom, chemin) values(717,'2020-03-20','odt','stéréotypes - E A - i','./Ressources Numériques/Banque d_images/Images Culture française/stéréotypes - E A - i.odt')
insert into NODE_DOCUMENT (NODE_id_node, DOCUMENT_id_doc) values (13,717);
insert into DOCUMENT (id_doc,datepublication, typedoc, nom, chemin) values(718,'2019-11-06','pdf','Livret MIMNA_vf','./Ressources Numériques/Banque d_images/Livret MIMNA_vf.pdf')
insert into NODE_DOCUMENT (NODE_id_node, DOCUMENT_id_doc) values (14,718);
insert into DOCUMENT (id_doc,datepublication, typedoc, nom, chemin) values(719,'2019-11-06','pdf','MIMNA_Guide d_utilisation_vf','./Ressources Numériques/Banque d_images/MIMNA_Guide d_utilisation_vf.pdf')
insert into NODE_DOCUMENT (NODE_id_node, DOCUMENT_id_doc) values (14,719);
insert into NODE (id_node,name, parent_node_id) values (15,'Sports _ loisirs',14);
insert into DOCUMENT (id_doc,datepublication, typedoc, nom, chemin) values(720,'2012-12-05','pdf','Imagiers sports - animaux - alimentation','./Ressources Numériques/Banque d_images/Sports _ loisirs/Imagiers sports - animaux - alimentation.pdf')
insert into NODE_DOCUMENT (NODE_id_node, DOCUMENT_id_doc) values (14,720);
insert into DOCUMENT (id_doc,datepublication, typedoc, nom, chemin) values(721,'2013-11-12','docx','Les sports','./Ressources Numériques/Banque d_images/Sports _ loisirs/Les sports.docx')
insert into NODE_DOCUMENT (NODE_id_node, DOCUMENT_id_doc) values (14,721);
insert into DOCUMENT (id_doc,datepublication, typedoc, nom, chemin) values(722,'2013-11-12','docx','Sports','./Ressources Numériques/Banque d_images/Sports _ loisirs/Sports.docx')
insert into NODE_DOCUMENT (NODE_id_node, DOCUMENT_id_doc) values (14,722);
insert into DOCUMENT (id_doc,datepublication, typedoc, nom, chemin) values(723,'2013-11-12','docx','images sports','./Ressources Numériques/Banque d_images/Sports _ loisirs/images sports.docx')
insert into NODE_DOCUMENT (NODE_id_node, DOCUMENT_id_doc) values (14,723);
insert into NODE (id_node,name, parent_node_id) values (16,'Temps _ Espace',15);
insert into DOCUMENT (id_doc,datepublication, typedoc, nom, chemin) values(724,'2020-04-01','odt','Infos Météo à remplir - i','./Ressources Numériques/Banque d_images/Temps _ Espace/Infos Météo à remplir - i.odt')
insert into NODE_DOCUMENT (NODE_id_node, DOCUMENT_id_doc) values (15,724);
insert into DOCUMENT (id_doc,datepublication, typedoc, nom, chemin) values(725,'2013-11-12','docx','agenda mars','./Ressources Numériques/Banque d_images/Temps _ Espace/agenda mars.docx')
insert into NODE_DOCUMENT (NODE_id_node, DOCUMENT_id_doc) values (15,725);
insert into DOCUMENT (id_doc,datepublication, typedoc, nom, chemin) values(726,'2013-11-12','docx','calendrier','./Ressources Numériques/Banque d_images/Temps _ Espace/calendrier.docx')
insert into NODE_DOCUMENT (NODE_id_node, DOCUMENT_id_doc) values (15,726);
insert into DOCUMENT (id_doc,datepublication, typedoc, nom, chemin) values(727,'2013-11-12','docx','code route gpe O2','./Ressources Numériques/Banque d_images/Temps _ Espace/code route gpe O2.docx')
insert into NODE_DOCUMENT (NODE_id_node, DOCUMENT_id_doc) values (15,727);
insert into DOCUMENT (id_doc,datepublication, typedoc, nom, chemin) values(728,'2013-11-12','docx','fiches transports','./Ressources Numériques/Banque d_images/Temps _ Espace/fiches transports.docx')
insert into NODE_DOCUMENT (NODE_id_node, DOCUMENT_id_doc) values (15,728);
insert into DOCUMENT (id_doc,datepublication, typedoc, nom, chemin) values(729,'2013-11-12','docx','images transports','./Ressources Numériques/Banque d_images/Temps _ Espace/images transports.docx')
insert into NODE_DOCUMENT (NODE_id_node, DOCUMENT_id_doc) values (15,729);
insert into DOCUMENT (id_doc,datepublication, typedoc, nom, chemin) values(730,'2013-11-12','docx','les horloges','./Ressources Numériques/Banque d_images/Temps _ Espace/les horloges.docx')
insert into NODE_DOCUMENT (NODE_id_node, DOCUMENT_id_doc) values (15,730);
insert into NODE (id_node,name, parent_node_id) values (17,'docs authentiques',16);
insert into DOCUMENT (id_doc,datepublication, typedoc, nom, chemin) values(731,'2020-03-19','odt','CALENDRIER TRI','./Ressources Numériques/Banque d_images/docs authentiques/CALENDRIER TRI.odt')
insert into NODE_DOCUMENT (NODE_id_node, DOCUMENT_id_doc) values (16,731);
insert into DOCUMENT (id_doc,datepublication, typedoc, nom, chemin) values(732,'2020-03-19','odt','INSCRIPTION MAIRIE','./Ressources Numériques/Banque d_images/docs authentiques/INSCRIPTION MAIRIE.odt')
insert into NODE_DOCUMENT (NODE_id_node, DOCUMENT_id_doc) values (16,732);
insert into DOCUMENT (id_doc,datepublication, typedoc, nom, chemin) values(733,'2020-03-19','odt','SERVICES MAIRIE - E -da','./Ressources Numériques/Banque d_images/docs authentiques/SERVICES MAIRIE - E -da.odt')
insert into NODE_DOCUMENT (NODE_id_node, DOCUMENT_id_doc) values (16,733);
insert into DOCUMENT (id_doc,datepublication, typedoc, nom, chemin) values(734,'2020-03-19','odt','TRI DES DECHETS 2','./Ressources Numériques/Banque d_images/docs authentiques/TRI DES DECHETS 2.odt')
insert into NODE_DOCUMENT (NODE_id_node, DOCUMENT_id_doc) values (16,734);
insert into DOCUMENT (id_doc,datepublication, typedoc, nom, chemin) values(735,'2020-03-19','odt','TRI DES DECHETS 3','./Ressources Numériques/Banque d_images/docs authentiques/TRI DES DECHETS 3.odt')
insert into NODE_DOCUMENT (NODE_id_node, DOCUMENT_id_doc) values (16,735);
insert into DOCUMENT (id_doc,datepublication, typedoc, nom, chemin) values(736,'2020-03-19','odt','TRI DES DECHETS','./Ressources Numériques/Banque d_images/docs authentiques/TRI DES DECHETS.odt')
insert into NODE_DOCUMENT (NODE_id_node, DOCUMENT_id_doc) values (16,736);
insert into NODE (id_node,name, parent_node_id) values (10,'Formation Informatique',9);
insert into DOCUMENT (id_doc,datepublication, typedoc, nom, chemin) values(737,'2016-07-17','pdf','ASL et Multimédia (2)','./Ressources Numériques/Formation Informatique/ASL et Multimédia (2).pdf')
insert into NODE_DOCUMENT (NODE_id_node, DOCUMENT_id_doc) values (9,737);
insert into DOCUMENT (id_doc,datepublication, typedoc, nom, chemin) values(738,'2013-11-12','pdf','creer_une_adresse_e-mail-2','./Ressources Numériques/Formation Informatique/creer_une_adresse_e-mail-2.pdf')
insert into NODE_DOCUMENT (NODE_id_node, DOCUMENT_id_doc) values (9,738);
insert into DOCUMENT (id_doc,datepublication, typedoc, nom, chemin) values(739,'2013-11-12','pdf','decouverte_de_l_ordinateur','./Ressources Numériques/Formation Informatique/decouverte_de_l_ordinateur.pdf')
insert into NODE_DOCUMENT (NODE_id_node, DOCUMENT_id_doc) values (9,739);
insert into DOCUMENT (id_doc,datepublication, typedoc, nom, chemin) values(740,'2013-11-12','pdf','parametrer_word_debutants','./Ressources Numériques/Formation Informatique/parametrer_word_debutants.pdf')
insert into NODE_DOCUMENT (NODE_id_node, DOCUMENT_id_doc) values (9,740);
insert into DOCUMENT (id_doc,datepublication, typedoc, nom, chemin) values(741,'2013-11-12','pdf','premier_texte_sur_la_machine_a_ecrire','./Ressources Numériques/Formation Informatique/premier_texte_sur_la_machine_a_ecrire.pdf')
insert into NODE_DOCUMENT (NODE_id_node, DOCUMENT_id_doc) values (9,741);
insert into DOCUMENT (id_doc,datepublication, typedoc, nom, chemin) values(742,'2013-11-12','pdf','recherche_d_1_photo_sur_le_net','./Ressources Numériques/Formation Informatique/recherche_d_1_photo_sur_le_net.pdf')
insert into NODE_DOCUMENT (NODE_id_node, DOCUMENT_id_doc) values (9,742);
insert into DOCUMENT (id_doc,datepublication, typedoc, nom, chemin) values(743,'2013-11-12','pdf','referentiel_lee','./Ressources Numériques/Formation Informatique/referentiel_lee.pdf')
insert into NODE_DOCUMENT (NODE_id_node, DOCUMENT_id_doc) values (9,743);
insert into DOCUMENT (id_doc,datepublication, typedoc, nom, chemin) values(744,'2013-11-12','pdf','scenario 1','./Ressources Numériques/Formation Informatique/scenario 1.pdf')
insert into NODE_DOCUMENT (NODE_id_node, DOCUMENT_id_doc) values (9,744);
insert into DOCUMENT (id_doc,datepublication, typedoc, nom, chemin) values(745,'2013-11-12','pdf','scenario 2','./Ressources Numériques/Formation Informatique/scenario 2.pdf')
insert into NODE_DOCUMENT (NODE_id_node, DOCUMENT_id_doc) values (9,745);
insert into DOCUMENT (id_doc,datepublication, typedoc, nom, chemin) values(746,'2013-11-12','pdf','scenario 3','./Ressources Numériques/Formation Informatique/scenario 3.pdf')
insert into NODE_DOCUMENT (NODE_id_node, DOCUMENT_id_doc) values (9,746);
insert into DOCUMENT (id_doc,datepublication, typedoc, nom, chemin) values(747,'2013-11-12','pdf','scenario 4','./Ressources Numériques/Formation Informatique/scenario 4.pdf')
insert into NODE_DOCUMENT (NODE_id_node, DOCUMENT_id_doc) values (9,747);
insert into DOCUMENT (id_doc,datepublication, typedoc, nom, chemin) values(748,'2013-11-12','pdf','scenario 5','./Ressources Numériques/Formation Informatique/scenario 5.pdf')
insert into NODE_DOCUMENT (NODE_id_node, DOCUMENT_id_doc) values (9,748);
insert into DOCUMENT (id_doc,datepublication, typedoc, nom, chemin) values(749,'2013-11-12','pdf','scenario 6','./Ressources Numériques/Formation Informatique/scenario 6.pdf')
insert into NODE_DOCUMENT (NODE_id_node, DOCUMENT_id_doc) values (9,749);
insert into DOCUMENT (id_doc,datepublication, typedoc, nom, chemin) values(750,'2013-11-12','pdf','scenario 7','./Ressources Numériques/Formation Informatique/scenario 7.pdf')
insert into NODE_DOCUMENT (NODE_id_node, DOCUMENT_id_doc) values (9,750);
insert into DOCUMENT (id_doc,datepublication, typedoc, nom, chemin) values(751,'2013-11-12','pdf','scenario 8','./Ressources Numériques/Formation Informatique/scenario 8.pdf')
insert into NODE_DOCUMENT (NODE_id_node, DOCUMENT_id_doc) values (9,751);
insert into DOCUMENT (id_doc,datepublication, typedoc, nom, chemin) values(752,'2013-11-12','pdf','scenario 9','./Ressources Numériques/Formation Informatique/scenario 9.pdf')
insert into NODE_DOCUMENT (NODE_id_node, DOCUMENT_id_doc) values (9,752);
insert into DOCUMENT (id_doc,datepublication, typedoc, nom, chemin) values(753,'2013-11-12','docx','utilisation cartes','./Ressources Numériques/Formation Informatique/utilisation cartes.docx')
insert into NODE_DOCUMENT (NODE_id_node, DOCUMENT_id_doc) values (9,753);
insert into NODE (id_node,name, parent_node_id) values (11,'Formations numériques ASL',10);
insert into DOCUMENT (id_doc,datepublication, typedoc, nom, chemin) values(754,'2017-01-31','pdf','Consulter son compte CAF version 2015 - DEA - fp','./Ressources Numériques/Formations numériques ASL/Consulter son compte CAF version 2015 - DEA - fp.pdf')
insert into NODE_DOCUMENT (NODE_id_node, DOCUMENT_id_doc) values (10,754);
insert into DOCUMENT (id_doc,datepublication, typedoc, nom, chemin) values(755,'2017-01-31','pdf','Naviguer sur le Kiosque version 12 2015 - DEA -fp','./Ressources Numériques/Formations numériques ASL/Naviguer sur le Kiosque version 12 2015 - DEA -fp.pdf')
insert into NODE_DOCUMENT (NODE_id_node, DOCUMENT_id_doc) values (10,755);
insert into DOCUMENT (id_doc,datepublication, typedoc, nom, chemin) values(756,'2017-01-31','pdf','Remplir ses impots en ligne - DEA - fp','./Ressources Numériques/Formations numériques ASL/Remplir ses impots en ligne - DEA - fp.pdf')
insert into NODE_DOCUMENT (NODE_id_node, DOCUMENT_id_doc) values (10,756);
insert into DOCUMENT (id_doc,datepublication, typedoc, nom, chemin) values(757,'2017-01-31','pdf','Tuto Ameli version 12 2016 - DEA - fp','./Ressources Numériques/Formations numériques ASL/Tuto Ameli version 12 2016 - DEA - fp.pdf')
insert into NODE_DOCUMENT (NODE_id_node, DOCUMENT_id_doc) values (10,757);
insert into DOCUMENT (id_doc,datepublication, typedoc, nom, chemin) values(758,'2017-01-31','pdf','activités numériques thématiques - D E A - vsm','./Ressources Numériques/Formations numériques ASL/activités numériques thématiques - D E A - vsm.pdf')
insert into NODE_DOCUMENT (NODE_id_node, DOCUMENT_id_doc) values (10,758);
insert into NODE (id_node,name, parent_node_id) values (12,'Ressources en ligne',11);
insert into DOCUMENT (id_doc,datepublication, typedoc, nom, chemin) values(759,'2017-03-28','doc','Exercices en ligne - tous niveaux - D E A -vsm','./Ressources Numériques/Ressources en ligne/Exercices en ligne - tous niveaux - D E A -vsm.doc')
insert into NODE_DOCUMENT (NODE_id_node, DOCUMENT_id_doc) values (11,759);
insert into DOCUMENT (id_doc,datepublication, typedoc, nom, chemin) values(760,'2018-04-05','docx','Internet pour le FLE_v1 5','./Ressources Numériques/Ressources en ligne/Internet pour le FLE_v1 5.docx')
insert into NODE_DOCUMENT (NODE_id_node, DOCUMENT_id_doc) values (11,760);
insert into DOCUMENT (id_doc,datepublication, typedoc, nom, chemin) values(761,'2017-02-07','pdf','Sitographie 2017','./Ressources Numériques/Ressources en ligne/Sitographie 2017.pdf')
insert into NODE_DOCUMENT (NODE_id_node, DOCUMENT_id_doc) values (11,761);
insert into DOCUMENT (id_doc,datepublication, typedoc, nom, chemin) values(762,'2019-02-12','pdf','Sitographie Alpha-FLE','./Ressources Numériques/Ressources en ligne/Sitographie Alpha-FLE.pdf')
insert into NODE_DOCUMENT (NODE_id_node, DOCUMENT_id_doc) values (11,762);
insert into NODE (id_node,name, parent_node_id) values (10,'Ressources linguistiques',9);
insert into NODE (id_node,name, parent_node_id) values (10,'Alphabetisation',9);
insert into NODE (id_node,name, parent_node_id) values (10,'Alphabet',9);
insert into DOCUMENT (id_doc,datepublication, typedoc, nom, chemin) values(763,'2019-11-07','jpg','Alphabet - ALPHA - i','./Ressources linguistiques/Alphabetisation/Alphabet/Alphabet - ALPHA - i.jpg')
insert into NODE_DOCUMENT (NODE_id_node, DOCUMENT_id_doc) values (9,763);
insert into DOCUMENT (id_doc,datepublication, typedoc, nom, chemin) values(764,'2018-11-15','jpg','Alphabet des sons - ALPHA - fp','./Ressources linguistiques/Alphabetisation/Alphabet/Alphabet des sons - ALPHA - fp.jpg')
insert into NODE_DOCUMENT (NODE_id_node, DOCUMENT_id_doc) values (9,764);
insert into DOCUMENT (id_doc,datepublication, typedoc, nom, chemin) values(765,'2020-03-30','odt','Alphabet maj min sons - ALPHA - fp','./Ressources linguistiques/Alphabetisation/Alphabet/Alphabet maj min sons - ALPHA - fp.odt')
insert into NODE_DOCUMENT (NODE_id_node, DOCUMENT_id_doc) values (9,765);
insert into DOCUMENT (id_doc,datepublication, typedoc, nom, chemin) values(766,'2012-12-05','doc','Exo 1ere lettre du mot - ALPHA - ea','./Ressources linguistiques/Alphabetisation/Alphabet/Exo 1ere lettre du mot - ALPHA - ea.doc')
insert into NODE_DOCUMENT (NODE_id_node, DOCUMENT_id_doc) values (9,766);
insert into DOCUMENT (id_doc,datepublication, typedoc, nom, chemin) values(767,'2020-03-30','doc','Lettres et sons base - ALPHA - fp','./Ressources linguistiques/Alphabetisation/Alphabet/Lettres et sons base - ALPHA - fp.doc')
insert into NODE_DOCUMENT (NODE_id_node, DOCUMENT_id_doc) values (9,767);
insert into DOCUMENT (id_doc,datepublication, typedoc, nom, chemin) values(768,'2012-12-05','doc','Lettres une par une - ALPHA - t','./Ressources linguistiques/Alphabetisation/Alphabet/Lettres une par une - ALPHA - t.doc')
insert into NODE_DOCUMENT (NODE_id_node, DOCUMENT_id_doc) values (9,768);
insert into DOCUMENT (id_doc,datepublication, typedoc, nom, chemin) values(769,'2012-12-05','pdf','Premiers pas lecture -écritre - ALPHA - fp ea','./Ressources linguistiques/Alphabetisation/Alphabet/Premiers pas lecture -écritre - ALPHA - fp ea.pdf')
insert into NODE_DOCUMENT (NODE_id_node, DOCUMENT_id_doc) values (9,769);
insert into DOCUMENT (id_doc,datepublication, typedoc, nom, chemin) values(770,'2012-12-05','pdf','lalphabetdessons - ALPHA - fp','./Ressources linguistiques/Alphabetisation/Alphabet/lalphabetdessons - ALPHA - fp.pdf')
insert into NODE_DOCUMENT (NODE_id_node, DOCUMENT_id_doc) values (9,770);
insert into NODE (id_node,name, parent_node_id) values (11,'Fiches péda',10);
insert into DOCUMENT (id_doc,datepublication, typedoc, nom, chemin) values(771,'2017-04-09','pdf','Activités en alphabétisation - ALPHA - ea','./Ressources linguistiques/Alphabetisation/Fiches péda/Activités en alphabétisation - ALPHA - ea.pdf')
insert into NODE_DOCUMENT (NODE_id_node, DOCUMENT_id_doc) values (10,771);
insert into NODE (id_node,name, parent_node_id) values (11,'Fiches Denis ALPHA',10);
insert into DOCUMENT (id_doc,datepublication, typedoc, nom, chemin) values(772,'2018-10-15','docx','Déroulé de séance type ALPHA','./Ressources linguistiques/Alphabetisation/Fiches péda/Fiches Denis ALPHA/Déroulé de séance type ALPHA.docx')
insert into NODE_DOCUMENT (NODE_id_node, DOCUMENT_id_doc) values (10,772);
insert into DOCUMENT (id_doc,datepublication, typedoc, nom, chemin) values(773,'2019-10-17','doc','Ecrit_list_sons (2)','./Ressources linguistiques/Alphabetisation/Fiches péda/Fiches Denis ALPHA/Ecrit_list_sons (2).doc')
insert into NODE_DOCUMENT (NODE_id_node, DOCUMENT_id_doc) values (10,773);
insert into DOCUMENT (id_doc,datepublication, typedoc, nom, chemin) values(774,'2019-11-07','doc','Fiche D - ALPHA - fp (1)','./Ressources linguistiques/Alphabetisation/Fiches péda/Fiches Denis ALPHA/Fiche D - ALPHA - fp (1).doc')
insert into NODE_DOCUMENT (NODE_id_node, DOCUMENT_id_doc) values (10,774);
insert into DOCUMENT (id_doc,datepublication, typedoc, nom, chemin) values(775,'2019-02-11','odt','Fiche D - ALPHA - fp (1)','./Ressources linguistiques/Alphabetisation/Fiches péda/Fiches Denis ALPHA/Fiche D - ALPHA - fp (1).odt')
insert into NODE_DOCUMENT (NODE_id_node, DOCUMENT_id_doc) values (10,775);
insert into DOCUMENT (id_doc,datepublication, typedoc, nom, chemin) values(776,'2018-11-13','pdf','Fiche D - ALPHA - fp (1)','./Ressources linguistiques/Alphabetisation/Fiches péda/Fiches Denis ALPHA/Fiche D - ALPHA - fp (1).pdf')
insert into NODE_DOCUMENT (NODE_id_node, DOCUMENT_id_doc) values (10,776);
insert into DOCUMENT (id_doc,datepublication, typedoc, nom, chemin) values(777,'2019-01-14','doc','Fiche D - ALPHA - fp (10)','./Ressources linguistiques/Alphabetisation/Fiches péda/Fiches Denis ALPHA/Fiche D - ALPHA - fp (10).doc')
insert into NODE_DOCUMENT (NODE_id_node, DOCUMENT_id_doc) values (10,777);
insert into DOCUMENT (id_doc,datepublication, typedoc, nom, chemin) values(778,'2019-01-22','doc','Fiche D - ALPHA - fp (11)','./Ressources linguistiques/Alphabetisation/Fiches péda/Fiches Denis ALPHA/Fiche D - ALPHA - fp (11).doc')
insert into NODE_DOCUMENT (NODE_id_node, DOCUMENT_id_doc) values (10,778);
insert into DOCUMENT (id_doc,datepublication, typedoc, nom, chemin) values(779,'2019-02-01','doc','Fiche D - ALPHA - fp (12)','./Ressources linguistiques/Alphabetisation/Fiches péda/Fiches Denis ALPHA/Fiche D - ALPHA - fp (12).doc')
insert into NODE_DOCUMENT (NODE_id_node, DOCUMENT_id_doc) values (10,779);
insert into DOCUMENT (id_doc,datepublication, typedoc, nom, chemin) values(780,'2019-05-05','doc','Fiche D - ALPHA - fp (13)','./Ressources linguistiques/Alphabetisation/Fiches péda/Fiches Denis ALPHA/Fiche D - ALPHA - fp (13).doc')
insert into NODE_DOCUMENT (NODE_id_node, DOCUMENT_id_doc) values (10,780);
insert into DOCUMENT (id_doc,datepublication, typedoc, nom, chemin) values(781,'2019-05-12','doc','Fiche D - ALPHA - fp (14)','./Ressources linguistiques/Alphabetisation/Fiches péda/Fiches Denis ALPHA/Fiche D - ALPHA - fp (14).doc')
insert into NODE_DOCUMENT (NODE_id_node, DOCUMENT_id_doc) values (10,781);
insert into DOCUMENT (id_doc,datepublication, typedoc, nom, chemin) values(782,'2019-05-20','doc','Fiche D - ALPHA - fp (15)','./Ressources linguistiques/Alphabetisation/Fiches péda/Fiches Denis ALPHA/Fiche D - ALPHA - fp (15).doc')
insert into NODE_DOCUMENT (NODE_id_node, DOCUMENT_id_doc) values (10,782);
insert into DOCUMENT (id_doc,datepublication, typedoc, nom, chemin) values(783,'2019-11-07','doc','Fiche D - ALPHA - fp (2)','./Ressources linguistiques/Alphabetisation/Fiches péda/Fiches Denis ALPHA/Fiche D - ALPHA - fp (2).doc')
insert into NODE_DOCUMENT (NODE_id_node, DOCUMENT_id_doc) values (10,783);
insert into DOCUMENT (id_doc,datepublication, typedoc, nom, chemin) values(784,'2018-11-13','odt','Fiche D - ALPHA - fp (2)','./Ressources linguistiques/Alphabetisation/Fiches péda/Fiches Denis ALPHA/Fiche D - ALPHA - fp (2).odt')
insert into NODE_DOCUMENT (NODE_id_node, DOCUMENT_id_doc) values (10,784);
insert into DOCUMENT (id_doc,datepublication, typedoc, nom, chemin) values(785,'2019-10-17','doc','Fiche D - ALPHA - fp (3)','./Ressources linguistiques/Alphabetisation/Fiches péda/Fiches Denis ALPHA/Fiche D - ALPHA - fp (3).doc')
insert into NODE_DOCUMENT (NODE_id_node, DOCUMENT_id_doc) values (10,785);
insert into DOCUMENT (id_doc,datepublication, typedoc, nom, chemin) values(786,'2018-11-13','doc','Fiche D - ALPHA - fp (4)','./Ressources linguistiques/Alphabetisation/Fiches péda/Fiches Denis ALPHA/Fiche D - ALPHA - fp (4).doc')
insert into NODE_DOCUMENT (NODE_id_node, DOCUMENT_id_doc) values (10,786);
insert into DOCUMENT (id_doc,datepublication, typedoc, nom, chemin) values(787,'2020-01-09','doc','Fiche D - ALPHA - fp (5)','./Ressources linguistiques/Alphabetisation/Fiches péda/Fiches Denis ALPHA/Fiche D - ALPHA - fp (5).doc')
insert into NODE_DOCUMENT (NODE_id_node, DOCUMENT_id_doc) values (10,787);
insert into DOCUMENT (id_doc,datepublication, typedoc, nom, chemin) values(788,'2018-11-13','doc','Fiche D - ALPHA - fp (6)','./Ressources linguistiques/Alphabetisation/Fiches péda/Fiches Denis ALPHA/Fiche D - ALPHA - fp (6).doc')
insert into NODE_DOCUMENT (NODE_id_node, DOCUMENT_id_doc) values (10,788);
insert into DOCUMENT (id_doc,datepublication, typedoc, nom, chemin) values(789,'2019-11-17','doc','Fiche D - ALPHA - fp (7)','./Ressources linguistiques/Alphabetisation/Fiches péda/Fiches Denis ALPHA/Fiche D - ALPHA - fp (7).doc')
insert into NODE_DOCUMENT (NODE_id_node, DOCUMENT_id_doc) values (10,789);
insert into DOCUMENT (id_doc,datepublication, typedoc, nom, chemin) values(790,'2019-11-17','doc','Fiche D - ALPHA - fp (8)','./Ressources linguistiques/Alphabetisation/Fiches péda/Fiches Denis ALPHA/Fiche D - ALPHA - fp (8).doc')
insert into NODE_DOCUMENT (NODE_id_node, DOCUMENT_id_doc) values (10,790);
insert into DOCUMENT (id_doc,datepublication, typedoc, nom, chemin) values(791,'2020-01-09','doc','Fiche D - ALPHA - fp (9)','./Ressources linguistiques/Alphabetisation/Fiches péda/Fiches Denis ALPHA/Fiche D - ALPHA - fp (9).doc')
insert into NODE_DOCUMENT (NODE_id_node, DOCUMENT_id_doc) values (10,791);
insert into DOCUMENT (id_doc,datepublication, typedoc, nom, chemin) values(792,'2018-11-05','doc','plan_sonA (Enregistré automatiquement)','./Ressources linguistiques/Alphabetisation/Fiches péda/Fiches Denis ALPHA/plan_sonA (Enregistré automatiquement).doc')
insert into NODE_DOCUMENT (NODE_id_node, DOCUMENT_id_doc) values (10,792);
insert into NODE (id_node,name, parent_node_id) values (11,'Oral - Phonétique',10);
insert into NODE (id_node,name, parent_node_id) values (11,'A',10);
insert into DOCUMENT (id_doc,datepublication, typedoc, nom, chemin) values(793,'2020-03-31','pdf','Activite-2-pour-travailler-le-R - E A - ea','./Ressources linguistiques/Oral - Phonétique/A/Activite-2-pour-travailler-le-R - E A - ea.pdf')
insert into NODE_DOCUMENT (NODE_id_node, DOCUMENT_id_doc) values (10,793);
insert into DOCUMENT (id_doc,datepublication, typedoc, nom, chemin) values(794,'2020-03-31','pdf','Activite-jeu-du-bac-nasales - E A - j','./Ressources linguistiques/Oral - Phonétique/A/Activite-jeu-du-bac-nasales - E A - j.pdf')
insert into NODE_DOCUMENT (NODE_id_node, DOCUMENT_id_doc) values (10,794);
insert into DOCUMENT (id_doc,datepublication, typedoc, nom, chemin) values(795,'2020-03-31','pdf','Les lettres muettes - E A - fp','./Ressources linguistiques/Oral - Phonétique/A/Les lettres muettes - E A - fp.pdf')
insert into NODE_DOCUMENT (NODE_id_node, DOCUMENT_id_doc) values (10,795);
insert into DOCUMENT (id_doc,datepublication, typedoc, nom, chemin) values(796,'2020-03-31','pdf','Lettres qui ne se prononcent pas - E A - j','./Ressources linguistiques/Oral - Phonétique/A/Lettres qui ne se prononcent pas - E A - j.pdf')
insert into NODE_DOCUMENT (NODE_id_node, DOCUMENT_id_doc) values (10,796);
insert into DOCUMENT (id_doc,datepublication, typedoc, nom, chemin) values(797,'2020-03-31','pdf','Phrases difficiles à prononcer - E A - j','./Ressources linguistiques/Oral - Phonétique/A/Phrases difficiles à prononcer - E A - j.pdf')
insert into NODE_DOCUMENT (NODE_id_node, DOCUMENT_id_doc) values (10,797);
insert into DOCUMENT (id_doc,datepublication, typedoc, nom, chemin) values(798,'2020-03-31','pdf','activites-consonnes. - E A - ea','./Ressources linguistiques/Oral - Phonétique/A/activites-consonnes. - E A - ea.pdf')
insert into NODE_DOCUMENT (NODE_id_node, DOCUMENT_id_doc) values (10,798);
insert into DOCUMENT (id_doc,datepublication, typedoc, nom, chemin) values(799,'2020-03-31','pdf','activites-nasales- A - ea','./Ressources linguistiques/Oral - Phonétique/A/activites-nasales- A - ea.pdf')
insert into NODE_DOCUMENT (NODE_id_node, DOCUMENT_id_doc) values (10,799);
insert into DOCUMENT (id_doc,datepublication, typedoc, nom, chemin) values(800,'2020-03-31','pdf','ch contre k - E A - j','./Ressources linguistiques/Oral - Phonétique/A/ch contre k - E A - j.pdf')
insert into NODE_DOCUMENT (NODE_id_node, DOCUMENT_id_doc) values (10,800);
insert into DOCUMENT (id_doc,datepublication, typedoc, nom, chemin) values(801,'2020-03-31','pdf','exos-articulation-nasales - E A - ea','./Ressources linguistiques/Oral - Phonétique/A/exos-articulation-nasales - E A - ea.pdf')
insert into NODE_DOCUMENT (NODE_id_node, DOCUMENT_id_doc) values (10,801);
insert into DOCUMENT (id_doc,datepublication, typedoc, nom, chemin) values(802,'2020-03-31','pdf','les-sons-ks-gz - E A - ea','./Ressources linguistiques/Oral - Phonétique/A/les-sons-ks-gz - E A - ea.pdf')
insert into NODE_DOCUMENT (NODE_id_node, DOCUMENT_id_doc) values (10,802);
insert into DOCUMENT (id_doc,datepublication, typedoc, nom, chemin) values(803,'2020-03-31','pdf','qui-a-disparu - E A - j','./Ressources linguistiques/Oral - Phonétique/A/qui-a-disparu - E A - j.pdf')
insert into NODE_DOCUMENT (NODE_id_node, DOCUMENT_id_doc) values (10,803);
insert into NODE (id_node,name, parent_node_id) values (12,'D',11);
insert into DOCUMENT (id_doc,datepublication, typedoc, nom, chemin) values(804,'2020-03-31','pdf','Domino-des-nasales - D E - j','./Ressources linguistiques/Oral - Phonétique/D/Domino-des-nasales - D E - j.pdf')
insert into NODE_DOCUMENT (NODE_id_node, DOCUMENT_id_doc) values (11,804);
insert into DOCUMENT (id_doc,datepublication, typedoc, nom, chemin) values(805,'2020-03-31','pdf','Fruits-et-l--gumes-contenant-le-sonR - D E - j','./Ressources linguistiques/Oral - Phonétique/D/Fruits-et-l--gumes-contenant-le-sonR - D E - j.pdf')
insert into NODE_DOCUMENT (NODE_id_node, DOCUMENT_id_doc) values (11,805);
insert into DOCUMENT (id_doc,datepublication, typedoc, nom, chemin) values(806,'2020-03-31','pdf','La-voyelle-o - D E - fp','./Ressources linguistiques/Oral - Phonétique/D/La-voyelle-o - D E - fp.pdf')
insert into NODE_DOCUMENT (NODE_id_node, DOCUMENT_id_doc) values (11,806);
insert into DOCUMENT (id_doc,datepublication, typedoc, nom, chemin) values(807,'2020-03-31','pdf','Les-consonnes-ch-je - D E - fp','./Ressources linguistiques/Oral - Phonétique/D/Les-consonnes-ch-je - D E - fp.pdf')
insert into NODE_DOCUMENT (NODE_id_node, DOCUMENT_id_doc) values (11,807);
insert into DOCUMENT (id_doc,datepublication, typedoc, nom, chemin) values(808,'2020-03-31','odt','U - ou + accents - D E - ea','./Ressources linguistiques/Oral - Phonétique/D/U - ou + accents - D E - ea.odt')
insert into NODE_DOCUMENT (NODE_id_node, DOCUMENT_id_doc) values (11,808);
insert into DOCUMENT (id_doc,datepublication, typedoc, nom, chemin) values(809,'2020-03-31','pdf','activit---3-pour-travailler-le-R - D E - ea','./Ressources linguistiques/Oral - Phonétique/D/activit---3-pour-travailler-le-R - D E - ea.pdf')
insert into NODE_DOCUMENT (NODE_id_node, DOCUMENT_id_doc) values (11,809);
insert into DOCUMENT (id_doc,datepublication, typedoc, nom, chemin) values(810,'2020-03-31','pdf','activite-je-z - D E - ea','./Ressources linguistiques/Oral - Phonétique/D/activite-je-z - D E - ea.pdf')
insert into NODE_DOCUMENT (NODE_id_node, DOCUMENT_id_doc) values (11,810);
insert into DOCUMENT (id_doc,datepublication, typedoc, nom, chemin) values(811,'2020-03-31','pdf','activite-s-et-z - D E - ea ','./Ressources linguistiques/Oral - Phonétique/D/activite-s-et-z - D E - ea .pdf')
insert into NODE_DOCUMENT (NODE_id_node, DOCUMENT_id_doc) values (11,811);
insert into DOCUMENT (id_doc,datepublication, typedoc, nom, chemin) values(812,'2020-03-31','pdf','exos-de-repetition-et-articulation-pour-le-R - D E - ea','./Ressources linguistiques/Oral - Phonétique/D/exos-de-repetition-et-articulation-pour-le-R - D E - ea.pdf')
insert into NODE_DOCUMENT (NODE_id_node, DOCUMENT_id_doc) values (11,812);
insert into DOCUMENT (id_doc,datepublication, typedoc, nom, chemin) values(813,'2020-03-31','pdf','la-vache - D E - ea','./Ressources linguistiques/Oral - Phonétique/D/la-vache - D E - ea.pdf')
insert into NODE_DOCUMENT (NODE_id_node, DOCUMENT_id_doc) values (11,813);
insert into DOCUMENT (id_doc,datepublication, typedoc, nom, chemin) values(814,'2020-03-31','pdf','loto-des-r - D E - j','./Ressources linguistiques/Oral - Phonétique/D/loto-des-r - D E - j.pdf')
insert into NODE_DOCUMENT (NODE_id_node, DOCUMENT_id_doc) values (11,814);
insert into DOCUMENT (id_doc,datepublication, typedoc, nom, chemin) values(815,'2020-03-31','pdf','quelquun-a-dit - D E - j','./Ressources linguistiques/Oral - Phonétique/D/quelquun-a-dit - D E - j.pdf')
insert into NODE_DOCUMENT (NODE_id_node, DOCUMENT_id_doc) values (11,815);
insert into NODE (id_node,name, parent_node_id) values (13,'E',12);
insert into DOCUMENT (id_doc,datepublication, typedoc, nom, chemin) values(816,'2020-03-31','pdf','Activite-2-pour-travailler-le-R - E A - ea','./Ressources linguistiques/Oral - Phonétique/E/Activite-2-pour-travailler-le-R - E A - ea.pdf')
insert into NODE_DOCUMENT (NODE_id_node, DOCUMENT_id_doc) values (12,816);
insert into DOCUMENT (id_doc,datepublication, typedoc, nom, chemin) values(817,'2020-03-31','pdf','Activite-jeu-du-bac-nasales - E A - j','./Ressources linguistiques/Oral - Phonétique/E/Activite-jeu-du-bac-nasales - E A - j.pdf')
insert into NODE_DOCUMENT (NODE_id_node, DOCUMENT_id_doc) values (12,817);
insert into DOCUMENT (id_doc,datepublication, typedoc, nom, chemin) values(818,'2020-03-31','pdf','Domino-des-nasales - D E - j','./Ressources linguistiques/Oral - Phonétique/E/Domino-des-nasales - D E - j.pdf')
insert into NODE_DOCUMENT (NODE_id_node, DOCUMENT_id_doc) values (12,818);
insert into DOCUMENT (id_doc,datepublication, typedoc, nom, chemin) values(819,'2020-03-31','pdf','Fruits-et-l--gumes-contenant-le-sonR - D E - j','./Ressources linguistiques/Oral - Phonétique/E/Fruits-et-l--gumes-contenant-le-sonR - D E - j.pdf')
insert into NODE_DOCUMENT (NODE_id_node, DOCUMENT_id_doc) values (12,819);
insert into DOCUMENT (id_doc,datepublication, typedoc, nom, chemin) values(820,'2020-03-31','pdf','La-voyelle-eu-eur - E - ea','./Ressources linguistiques/Oral - Phonétique/E/La-voyelle-eu-eur - E - ea.pdf')
insert into NODE_DOCUMENT (NODE_id_node, DOCUMENT_id_doc) values (12,820);
insert into DOCUMENT (id_doc,datepublication, typedoc, nom, chemin) values(821,'2020-03-31','pdf','La-voyelle-o - D E - fp','./Ressources linguistiques/Oral - Phonétique/E/La-voyelle-o - D E - fp.pdf')
insert into NODE_DOCUMENT (NODE_id_node, DOCUMENT_id_doc) values (12,821);
insert into DOCUMENT (id_doc,datepublication, typedoc, nom, chemin) values(822,'2020-03-31','pdf','Les lettres muettes - E A - fp','./Ressources linguistiques/Oral - Phonétique/E/Les lettres muettes - E A - fp.pdf')
insert into NODE_DOCUMENT (NODE_id_node, DOCUMENT_id_doc) values (12,822);
insert into DOCUMENT (id_doc,datepublication, typedoc, nom, chemin) values(823,'2020-03-31','pdf','Les-consonnes-ch-je - D E - fp','./Ressources linguistiques/Oral - Phonétique/E/Les-consonnes-ch-je - D E - fp.pdf')
insert into NODE_DOCUMENT (NODE_id_node, DOCUMENT_id_doc) values (12,823);
insert into DOCUMENT (id_doc,datepublication, typedoc, nom, chemin) values(824,'2020-03-31','pdf','Lettres qui ne se prononcent pas - E A - j','./Ressources linguistiques/Oral - Phonétique/E/Lettres qui ne se prononcent pas - E A - j.pdf')
insert into NODE_DOCUMENT (NODE_id_node, DOCUMENT_id_doc) values (12,824);
insert into DOCUMENT (id_doc,datepublication, typedoc, nom, chemin) values(825,'2020-03-31','pdf','Phrases difficiles à prononcer - E A - j','./Ressources linguistiques/Oral - Phonétique/E/Phrases difficiles à prononcer - E A - j.pdf')
insert into NODE_DOCUMENT (NODE_id_node, DOCUMENT_id_doc) values (12,825);
insert into DOCUMENT (id_doc,datepublication, typedoc, nom, chemin) values(826,'2020-03-31','odt','U - ou + accents - D E - ea','./Ressources linguistiques/Oral - Phonétique/E/U - ou + accents - D E - ea.odt')
insert into NODE_DOCUMENT (NODE_id_node, DOCUMENT_id_doc) values (12,826);
insert into DOCUMENT (id_doc,datepublication, typedoc, nom, chemin) values(827,'2020-03-31','pdf','activit---3-pour-travailler-le-R - D E - ea','./Ressources linguistiques/Oral - Phonétique/E/activit---3-pour-travailler-le-R - D E - ea.pdf')
insert into NODE_DOCUMENT (NODE_id_node, DOCUMENT_id_doc) values (12,827);
insert into DOCUMENT (id_doc,datepublication, typedoc, nom, chemin) values(828,'2020-03-31','pdf','activite-je-z - D E - ea','./Ressources linguistiques/Oral - Phonétique/E/activite-je-z - D E - ea.pdf')
insert into NODE_DOCUMENT (NODE_id_node, DOCUMENT_id_doc) values (12,828);
insert into DOCUMENT (id_doc,datepublication, typedoc, nom, chemin) values(829,'2020-03-31','pdf','activite-s-et-z - D E - ea ','./Ressources linguistiques/Oral - Phonétique/E/activite-s-et-z - D E - ea .pdf')
insert into NODE_DOCUMENT (NODE_id_node, DOCUMENT_id_doc) values (12,829);
insert into DOCUMENT (id_doc,datepublication, typedoc, nom, chemin) values(830,'2020-03-31','pdf','activites-consonnes. - E A - ea','./Ressources linguistiques/Oral - Phonétique/E/activites-consonnes. - E A - ea.pdf')
insert into NODE_DOCUMENT (NODE_id_node, DOCUMENT_id_doc) values (12,830);
insert into DOCUMENT (id_doc,datepublication, typedoc, nom, chemin) values(831,'2020-03-31','pdf','ch contre k - E A - j','./Ressources linguistiques/Oral - Phonétique/E/ch contre k - E A - j.pdf')
insert into NODE_DOCUMENT (NODE_id_node, DOCUMENT_id_doc) values (12,831);
insert into DOCUMENT (id_doc,datepublication, typedoc, nom, chemin) values(832,'2020-03-31','pdf','exos-articulation-nasales - E A - ea','./Ressources linguistiques/Oral - Phonétique/E/exos-articulation-nasales - E A - ea.pdf')
insert into NODE_DOCUMENT (NODE_id_node, DOCUMENT_id_doc) values (12,832);
insert into DOCUMENT (id_doc,datepublication, typedoc, nom, chemin) values(833,'2020-03-31','pdf','exos-de-repetition-et-articulation-pour-le-R - D E - ea','./Ressources linguistiques/Oral - Phonétique/E/exos-de-repetition-et-articulation-pour-le-R - D E - ea.pdf')
insert into NODE_DOCUMENT (NODE_id_node, DOCUMENT_id_doc) values (12,833);
insert into DOCUMENT (id_doc,datepublication, typedoc, nom, chemin) values(834,'2020-03-31','pdf','la-vache - D E - ea','./Ressources linguistiques/Oral - Phonétique/E/la-vache - D E - ea.pdf')
insert into NODE_DOCUMENT (NODE_id_node, DOCUMENT_id_doc) values (12,834);
insert into DOCUMENT (id_doc,datepublication, typedoc, nom, chemin) values(835,'2020-03-31','pdf','les-sons-ks-gz - E A - ea','./Ressources linguistiques/Oral - Phonétique/E/les-sons-ks-gz - E A - ea.pdf')
insert into NODE_DOCUMENT (NODE_id_node, DOCUMENT_id_doc) values (12,835);
insert into DOCUMENT (id_doc,datepublication, typedoc, nom, chemin) values(836,'2020-03-31','pdf','loto-des-r - D E - j','./Ressources linguistiques/Oral - Phonétique/E/loto-des-r - D E - j.pdf')
insert into NODE_DOCUMENT (NODE_id_node, DOCUMENT_id_doc) values (12,836);
insert into DOCUMENT (id_doc,datepublication, typedoc, nom, chemin) values(837,'2020-03-31','pdf','quelquun-a-dit - D E - j','./Ressources linguistiques/Oral - Phonétique/E/quelquun-a-dit - D E - j.pdf')
insert into NODE_DOCUMENT (NODE_id_node, DOCUMENT_id_doc) values (12,837);
insert into DOCUMENT (id_doc,datepublication, typedoc, nom, chemin) values(838,'2020-03-31','pdf','qui-a-disparu - E A - j','./Ressources linguistiques/Oral - Phonétique/E/qui-a-disparu - E A - j.pdf')
insert into NODE_DOCUMENT (NODE_id_node, DOCUMENT_id_doc) values (12,838);
insert into DOCUMENT (id_doc,datepublication, typedoc, nom, chemin) values(839,'2020-03-31','pdf','Ecrire les sons de la langue française dossier péda - D E A rév- fp','./Ressources linguistiques/Oral - Phonétique/Ecrire les sons de la langue française dossier péda - D E A rév- fp.pdf')
insert into NODE_DOCUMENT (NODE_id_node, DOCUMENT_id_doc) values (13,839);
insert into NODE (id_node,name, parent_node_id) values (14,'Péda phonétique',13);
insert into DOCUMENT (id_doc,datepublication, typedoc, nom, chemin) values(840,'2017-01-09','pdf','Formation phonétique IRIS','./Ressources linguistiques/Oral - Phonétique/Péda phonétique/Formation phonétique IRIS.pdf')
insert into NODE_DOCUMENT (NODE_id_node, DOCUMENT_id_doc) values (13,840);
insert into DOCUMENT (id_doc,datepublication, typedoc, nom, chemin) values(841,'2018-03-05','pdf','Prendre en compte la phonétique - IRIS','./Ressources linguistiques/Oral - Phonétique/Péda phonétique/Prendre en compte la phonétique - IRIS.pdf')
insert into NODE_DOCUMENT (NODE_id_node, DOCUMENT_id_doc) values (13,841);
insert into DOCUMENT (id_doc,datepublication, typedoc, nom, chemin) values(842,'2018-12-07','pdf','melodie-FLE-phonetique-cimade','./Ressources linguistiques/Oral - Phonétique/Péda phonétique/melodie-FLE-phonetique-cimade.pdf')
insert into NODE_DOCUMENT (NODE_id_node, DOCUMENT_id_doc) values (13,842);
insert into DOCUMENT (id_doc,datepublication, typedoc, nom, chemin) values(843,'2018-12-07','pdf','webinaire-dockenstock-biblio-ressources-didactiques-phonetique-pdf','./Ressources linguistiques/Oral - Phonétique/Péda phonétique/webinaire-dockenstock-biblio-ressources-didactiques-phonetique-pdf.pdf')
insert into NODE_DOCUMENT (NODE_id_node, DOCUMENT_id_doc) values (13,843);
insert into DOCUMENT (id_doc,datepublication, typedoc, nom, chemin) values(844,'2019-02-08','pdf','lalphabetdessons - D E A rév - fp','./Ressources linguistiques/Oral - Phonétique/lalphabetdessons - D E A rév - fp.pdf')
insert into NODE_DOCUMENT (NODE_id_node, DOCUMENT_id_doc) values (14,844);
insert into NODE (id_node,name, parent_node_id) values (12,'grammaire et conjugaison',11);
insert into DOCUMENT (id_doc,datepublication, typedoc, nom, chemin) values(845,'2012-12-05','DOC','Fichier pour l_autocorrection - D E A - fp','./Ressources linguistiques/grammaire et conjugaison/Fichier pour l_autocorrection - D E A - fp.DOC')
insert into NODE_DOCUMENT (NODE_id_node, DOCUMENT_id_doc) values (11,845);
insert into NODE (id_node,name, parent_node_id) values (12,'Genre et nb',11);
insert into NODE (id_node,name, parent_node_id) values (12,'A',11);
insert into DOCUMENT (id_doc,datepublication, typedoc, nom, chemin) values(846,'2020-03-30','doc','Le pluriel des noms composés leçon + exo - A - fp','./Ressources linguistiques/grammaire et conjugaison/Genre et nb/A/Le pluriel des noms composés leçon + exo - A - fp.doc')
insert into NODE_DOCUMENT (NODE_id_node, DOCUMENT_id_doc) values (11,846);
insert into DOCUMENT (id_doc,datepublication, typedoc, nom, chemin) values(847,'2012-12-05','doc','Le pluriel des noms simples leçon - E A - fp','./Ressources linguistiques/grammaire et conjugaison/Genre et nb/A/Le pluriel des noms simples leçon - E A - fp.doc')
insert into NODE_DOCUMENT (NODE_id_node, DOCUMENT_id_doc) values (11,847);
insert into DOCUMENT (id_doc,datepublication, typedoc, nom, chemin) values(848,'2016-07-05','pdf','Mascu fém - E A - i','./Ressources linguistiques/grammaire et conjugaison/Genre et nb/A/Mascu fém - E A - i.pdf')
insert into NODE_DOCUMENT (NODE_id_node, DOCUMENT_id_doc) values (11,848);
insert into NODE (id_node,name, parent_node_id) values (13,'D',12);
insert into DOCUMENT (id_doc,datepublication, typedoc, nom, chemin) values(849,'2012-12-05','doc','L_adjectif qualificatif leçon - D E - fp','./Ressources linguistiques/grammaire et conjugaison/Genre et nb/D/L_adjectif qualificatif leçon - D E - fp.doc')
insert into NODE_DOCUMENT (NODE_id_node, DOCUMENT_id_doc) values (12,849);
insert into DOCUMENT (id_doc,datepublication, typedoc, nom, chemin) values(850,'2012-12-05','doc','Le féminin des noms exos - D E - ea','./Ressources linguistiques/grammaire et conjugaison/Genre et nb/D/Le féminin des noms exos - D E - ea.doc')
insert into NODE_DOCUMENT (NODE_id_node, DOCUMENT_id_doc) values (12,850);
insert into DOCUMENT (id_doc,datepublication, typedoc, nom, chemin) values(851,'2012-12-05','doc','Le pluriel des noms le çon + exo - D E - fp','./Ressources linguistiques/grammaire et conjugaison/Genre et nb/D/Le pluriel des noms le çon + exo - D E - fp.doc')
insert into NODE_DOCUMENT (NODE_id_node, DOCUMENT_id_doc) values (12,851);
insert into DOCUMENT (id_doc,datepublication, typedoc, nom, chemin) values(852,'2012-12-05','doc','accord des adjectifs leçon - D E - fp','./Ressources linguistiques/grammaire et conjugaison/Genre et nb/D/accord des adjectifs leçon - D E - fp.doc')
insert into NODE_DOCUMENT (NODE_id_node, DOCUMENT_id_doc) values (12,852);
insert into NODE (id_node,name, parent_node_id) values (14,'E',13);
insert into DOCUMENT (id_doc,datepublication, typedoc, nom, chemin) values(853,'2012-12-05','doc','L_adjectif qualificatif leçon - D E - fp','./Ressources linguistiques/grammaire et conjugaison/Genre et nb/E/L_adjectif qualificatif leçon - D E - fp.doc')
insert into NODE_DOCUMENT (NODE_id_node, DOCUMENT_id_doc) values (13,853);
insert into DOCUMENT (id_doc,datepublication, typedoc, nom, chemin) values(854,'2012-12-05','doc','Le féminin des noms exos - D E - ea','./Ressources linguistiques/grammaire et conjugaison/Genre et nb/E/Le féminin des noms exos - D E - ea.doc')
insert into NODE_DOCUMENT (NODE_id_node, DOCUMENT_id_doc) values (13,854);
insert into DOCUMENT (id_doc,datepublication, typedoc, nom, chemin) values(855,'2012-12-05','doc','Le pluriel des noms le çon + exo - D E - fp','./Ressources linguistiques/grammaire et conjugaison/Genre et nb/E/Le pluriel des noms le çon + exo - D E - fp.doc')
insert into NODE_DOCUMENT (NODE_id_node, DOCUMENT_id_doc) values (13,855);
insert into DOCUMENT (id_doc,datepublication, typedoc, nom, chemin) values(856,'2012-12-05','doc','Le pluriel des noms simples leçon - E A - fp','./Ressources linguistiques/grammaire et conjugaison/Genre et nb/E/Le pluriel des noms simples leçon - E A - fp.doc')
insert into NODE_DOCUMENT (NODE_id_node, DOCUMENT_id_doc) values (13,856);
insert into DOCUMENT (id_doc,datepublication, typedoc, nom, chemin) values(857,'2016-07-05','pdf','Mascu fém - E A - i','./Ressources linguistiques/grammaire et conjugaison/Genre et nb/E/Mascu fém - E A - i.pdf')
insert into NODE_DOCUMENT (NODE_id_node, DOCUMENT_id_doc) values (13,857);
insert into DOCUMENT (id_doc,datepublication, typedoc, nom, chemin) values(858,'2012-12-05','doc','accord des adjectifs leçon - D E - fp','./Ressources linguistiques/grammaire et conjugaison/Genre et nb/E/accord des adjectifs leçon - D E - fp.doc')
insert into NODE_DOCUMENT (NODE_id_node, DOCUMENT_id_doc) values (13,858);
insert into NODE (id_node,name, parent_node_id) values (13,'Grammaire',12);
insert into NODE (id_node,name, parent_node_id) values (13,'A',12);
insert into DOCUMENT (id_doc,datepublication, typedoc, nom, chemin) values(859,'2012-12-05','doc','16.FPLesnouvelles accord PP - A - j','./Ressources linguistiques/grammaire et conjugaison/Grammaire/A/16.FPLesnouvelles accord PP - A - j.doc')
insert into NODE_DOCUMENT (NODE_id_node, DOCUMENT_id_doc) values (12,859);
insert into DOCUMENT (id_doc,datepublication, typedoc, nom, chemin) values(860,'2012-12-05','doc','Accorder les participes passés - A - fp','./Ressources linguistiques/grammaire et conjugaison/Grammaire/A/Accorder les participes passés - A - fp.doc')
insert into NODE_DOCUMENT (NODE_id_node, DOCUMENT_id_doc) values (12,860);
insert into DOCUMENT (id_doc,datepublication, typedoc, nom, chemin) values(861,'2020-03-30','odt','Connecteurs - E A - fp','./Ressources linguistiques/grammaire et conjugaison/Grammaire/A/Connecteurs - E A - fp.odt')
insert into NODE_DOCUMENT (NODE_id_node, DOCUMENT_id_doc) values (12,861);
insert into DOCUMENT (id_doc,datepublication, typedoc, nom, chemin) values(862,'2020-03-25','ppt','Connecteurs logiques - E A - fp','./Ressources linguistiques/grammaire et conjugaison/Grammaire/A/Connecteurs logiques - E A - fp.ppt')
insert into NODE_DOCUMENT (NODE_id_node, DOCUMENT_id_doc) values (12,862);
insert into DOCUMENT (id_doc,datepublication, typedoc, nom, chemin) values(863,'2020-03-30','doc','Homonymes - E A - ea','./Ressources linguistiques/grammaire et conjugaison/Grammaire/A/Homonymes - E A - ea.doc')
insert into NODE_DOCUMENT (NODE_id_node, DOCUMENT_id_doc) values (12,863);
insert into DOCUMENT (id_doc,datepublication, typedoc, nom, chemin) values(864,'2020-03-30','odt','Homophones - E A - fp','./Ressources linguistiques/grammaire et conjugaison/Grammaire/A/Homophones - E A - fp.odt')
insert into NODE_DOCUMENT (NODE_id_node, DOCUMENT_id_doc) values (12,864);
insert into DOCUMENT (id_doc,datepublication, typedoc, nom, chemin) values(865,'2012-12-05','doc','La phrase leçon - E A - fp','./Ressources linguistiques/grammaire et conjugaison/Grammaire/A/La phrase leçon - E A - fp.doc')
insert into NODE_DOCUMENT (NODE_id_node, DOCUMENT_id_doc) values (12,865);
insert into DOCUMENT (id_doc,datepublication, typedoc, nom, chemin) values(866,'2012-12-05','docx','La place des adverbes - E A - fp','./Ressources linguistiques/grammaire et conjugaison/Grammaire/A/La place des adverbes - E A - fp.docx')
insert into NODE_DOCUMENT (NODE_id_node, DOCUMENT_id_doc) values (12,866);
insert into DOCUMENT (id_doc,datepublication, typedoc, nom, chemin) values(867,'2012-12-05','doc','Le trait d_union - E A -fp','./Ressources linguistiques/grammaire et conjugaison/Grammaire/A/Le trait d_union - E A -fp.doc')
insert into NODE_DOCUMENT (NODE_id_node, DOCUMENT_id_doc) values (12,867);
insert into DOCUMENT (id_doc,datepublication, typedoc, nom, chemin) values(868,'2020-02-09','pdf','Les-connecteurs-logiques - A - fp','./Ressources linguistiques/grammaire et conjugaison/Grammaire/A/Les-connecteurs-logiques - A - fp.pdf')
insert into NODE_DOCUMENT (NODE_id_node, DOCUMENT_id_doc) values (12,868);
insert into DOCUMENT (id_doc,datepublication, typedoc, nom, chemin) values(869,'2020-03-30','odt','Liaisons - E A - fp','./Ressources linguistiques/grammaire et conjugaison/Grammaire/A/Liaisons - E A - fp.odt')
insert into NODE_DOCUMENT (NODE_id_node, DOCUMENT_id_doc) values (12,869);
insert into DOCUMENT (id_doc,datepublication, typedoc, nom, chemin) values(870,'2020-03-30','odt','Possessifs - E A - fp','./Ressources linguistiques/grammaire et conjugaison/Grammaire/A/Possessifs - E A - fp.odt')
insert into NODE_DOCUMENT (NODE_id_node, DOCUMENT_id_doc) values (12,870);
insert into DOCUMENT (id_doc,datepublication, typedoc, nom, chemin) values(871,'2016-09-05','docx','SAVOIR ou CONNAÎTRE - E A - fp','./Ressources linguistiques/grammaire et conjugaison/Grammaire/A/SAVOIR ou CONNAÎTRE - E A - fp.docx')
insert into NODE_DOCUMENT (NODE_id_node, DOCUMENT_id_doc) values (12,871);
insert into DOCUMENT (id_doc,datepublication, typedoc, nom, chemin) values(872,'2012-12-05','docx','place des adjectifs - E A - fp','./Ressources linguistiques/grammaire et conjugaison/Grammaire/A/place des adjectifs - E A - fp.docx')
insert into NODE_DOCUMENT (NODE_id_node, DOCUMENT_id_doc) values (12,872);
insert into DOCUMENT (id_doc,datepublication, typedoc, nom, chemin) values(873,'2012-12-05','doc','synonymes-anaphores.exercices - E A - ea','./Ressources linguistiques/grammaire et conjugaison/Grammaire/A/synonymes-anaphores.exercices - E A - ea.doc')
insert into NODE_DOCUMENT (NODE_id_node, DOCUMENT_id_doc) values (12,873);
insert into NODE (id_node,name, parent_node_id) values (14,'D',13);
insert into DOCUMENT (id_doc,datepublication, typedoc, nom, chemin) values(874,'2020-03-30','doc','Forme interrogative - D E - fp','./Ressources linguistiques/grammaire et conjugaison/Grammaire/D/Forme interrogative - D E - fp.doc')
insert into NODE_DOCUMENT (NODE_id_node, DOCUMENT_id_doc) values (13,874);
insert into DOCUMENT (id_doc,datepublication, typedoc, nom, chemin) values(875,'2012-12-05','doc','La phrase + accords exos - D E - ea','./Ressources linguistiques/grammaire et conjugaison/Grammaire/D/La phrase + accords exos - D E - ea.doc')
insert into NODE_DOCUMENT (NODE_id_node, DOCUMENT_id_doc) values (13,875);
insert into DOCUMENT (id_doc,datepublication, typedoc, nom, chemin) values(876,'2012-12-05','doc','La phrase + accords leçon - D E - fp','./Ressources linguistiques/grammaire et conjugaison/Grammaire/D/La phrase + accords leçon - D E - fp.doc')
insert into NODE_DOCUMENT (NODE_id_node, DOCUMENT_id_doc) values (13,876);
insert into DOCUMENT (id_doc,datepublication, typedoc, nom, chemin) values(877,'2012-12-05','pdf','a au en - D E - fp','./Ressources linguistiques/grammaire et conjugaison/Grammaire/D/a au en - D E - fp.pdf')
insert into NODE_DOCUMENT (NODE_id_node, DOCUMENT_id_doc) values (13,877);
insert into DOCUMENT (id_doc,datepublication, typedoc, nom, chemin) values(878,'2019-09-30','docx','possessifs - D - fp','./Ressources linguistiques/grammaire et conjugaison/Grammaire/D/possessifs - D - fp.docx')
insert into NODE_DOCUMENT (NODE_id_node, DOCUMENT_id_doc) values (13,878);
insert into DOCUMENT (id_doc,datepublication, typedoc, nom, chemin) values(879,'2020-03-30','doc','possessifs D - E - fp','./Ressources linguistiques/grammaire et conjugaison/Grammaire/D/possessifs D - E - fp.doc')
insert into NODE_DOCUMENT (NODE_id_node, DOCUMENT_id_doc) values (13,879);
insert into DOCUMENT (id_doc,datepublication, typedoc, nom, chemin) values(880,'2019-04-11','pdf','À ou chez - D E - fp','./Ressources linguistiques/grammaire et conjugaison/Grammaire/D/À ou chez - D E - fp.pdf')
insert into NODE_DOCUMENT (NODE_id_node, DOCUMENT_id_doc) values (13,880);
insert into NODE (id_node,name, parent_node_id) values (15,'E',14);
insert into DOCUMENT (id_doc,datepublication, typedoc, nom, chemin) values(881,'2020-03-30','odt','Connecteurs - E A - fp','./Ressources linguistiques/grammaire et conjugaison/Grammaire/E/Connecteurs - E A - fp.odt')
insert into NODE_DOCUMENT (NODE_id_node, DOCUMENT_id_doc) values (14,881);
insert into DOCUMENT (id_doc,datepublication, typedoc, nom, chemin) values(882,'2020-03-25','ppt','Connecteurs logiques - E A - fp','./Ressources linguistiques/grammaire et conjugaison/Grammaire/E/Connecteurs logiques - E A - fp.ppt')
insert into NODE_DOCUMENT (NODE_id_node, DOCUMENT_id_doc) values (14,882);
insert into DOCUMENT (id_doc,datepublication, typedoc, nom, chemin) values(883,'2020-03-25','odt','Expressions de temps - E - fp','./Ressources linguistiques/grammaire et conjugaison/Grammaire/E/Expressions de temps - E - fp.odt')
insert into NODE_DOCUMENT (NODE_id_node, DOCUMENT_id_doc) values (14,883);
insert into DOCUMENT (id_doc,datepublication, typedoc, nom, chemin) values(884,'2020-03-30','doc','Forme interrogative - D E - fp','./Ressources linguistiques/grammaire et conjugaison/Grammaire/E/Forme interrogative - D E - fp.doc')
insert into NODE_DOCUMENT (NODE_id_node, DOCUMENT_id_doc) values (14,884);
insert into DOCUMENT (id_doc,datepublication, typedoc, nom, chemin) values(885,'2020-03-30','doc','Homonymes - E A - ea','./Ressources linguistiques/grammaire et conjugaison/Grammaire/E/Homonymes - E A - ea.doc')
insert into NODE_DOCUMENT (NODE_id_node, DOCUMENT_id_doc) values (14,885);
insert into DOCUMENT (id_doc,datepublication, typedoc, nom, chemin) values(886,'2020-03-30','odt','Homophones - E A - fp','./Ressources linguistiques/grammaire et conjugaison/Grammaire/E/Homophones - E A - fp.odt')
insert into NODE_DOCUMENT (NODE_id_node, DOCUMENT_id_doc) values (14,886);
insert into DOCUMENT (id_doc,datepublication, typedoc, nom, chemin) values(887,'2012-12-05','doc','La phrase + accords exos - D E - ea','./Ressources linguistiques/grammaire et conjugaison/Grammaire/E/La phrase + accords exos - D E - ea.doc')
insert into NODE_DOCUMENT (NODE_id_node, DOCUMENT_id_doc) values (14,887);
insert into DOCUMENT (id_doc,datepublication, typedoc, nom, chemin) values(888,'2012-12-05','doc','La phrase + accords leçon - D E - fp','./Ressources linguistiques/grammaire et conjugaison/Grammaire/E/La phrase + accords leçon - D E - fp.doc')
insert into NODE_DOCUMENT (NODE_id_node, DOCUMENT_id_doc) values (14,888);
insert into DOCUMENT (id_doc,datepublication, typedoc, nom, chemin) values(889,'2012-12-05','doc','La phrase leçon - E A - fp','./Ressources linguistiques/grammaire et conjugaison/Grammaire/E/La phrase leçon - E A - fp.doc')
insert into NODE_DOCUMENT (NODE_id_node, DOCUMENT_id_doc) values (14,889);
insert into DOCUMENT (id_doc,datepublication, typedoc, nom, chemin) values(890,'2012-12-05','docx','La place des adverbes - E A - fp','./Ressources linguistiques/grammaire et conjugaison/Grammaire/E/La place des adverbes - E A - fp.docx')
insert into NODE_DOCUMENT (NODE_id_node, DOCUMENT_id_doc) values (14,890);
insert into DOCUMENT (id_doc,datepublication, typedoc, nom, chemin) values(891,'2012-12-05','doc','Le trait d_union - E A -fp','./Ressources linguistiques/grammaire et conjugaison/Grammaire/E/Le trait d_union - E A -fp.doc')
insert into NODE_DOCUMENT (NODE_id_node, DOCUMENT_id_doc) values (14,891);
insert into DOCUMENT (id_doc,datepublication, typedoc, nom, chemin) values(892,'2020-03-30','odt','Liaisons - E A - fp','./Ressources linguistiques/grammaire et conjugaison/Grammaire/E/Liaisons - E A - fp.odt')
insert into NODE_DOCUMENT (NODE_id_node, DOCUMENT_id_doc) values (14,892);
insert into DOCUMENT (id_doc,datepublication, typedoc, nom, chemin) values(893,'2020-03-30','odt','Possessifs - E A - fp','./Ressources linguistiques/grammaire et conjugaison/Grammaire/E/Possessifs - E A - fp.odt')
insert into NODE_DOCUMENT (NODE_id_node, DOCUMENT_id_doc) values (14,893);
insert into DOCUMENT (id_doc,datepublication, typedoc, nom, chemin) values(894,'2019-06-16','doc','Prépositions - E - ea','./Ressources linguistiques/grammaire et conjugaison/Grammaire/E/Prépositions - E - ea.doc')
insert into NODE_DOCUMENT (NODE_id_node, DOCUMENT_id_doc) values (14,894);
insert into DOCUMENT (id_doc,datepublication, typedoc, nom, chemin) values(895,'2016-09-05','docx','SAVOIR ou CONNAÎTRE - E A - fp','./Ressources linguistiques/grammaire et conjugaison/Grammaire/E/SAVOIR ou CONNAÎTRE - E A - fp.docx')
insert into NODE_DOCUMENT (NODE_id_node, DOCUMENT_id_doc) values (14,895);
insert into DOCUMENT (id_doc,datepublication, typedoc, nom, chemin) values(896,'2019-04-11','pdf','Synonymes - E - ea','./Ressources linguistiques/grammaire et conjugaison/Grammaire/E/Synonymes - E - ea.pdf')
insert into NODE_DOCUMENT (NODE_id_node, DOCUMENT_id_doc) values (14,896);
insert into DOCUMENT (id_doc,datepublication, typedoc, nom, chemin) values(897,'2012-12-05','pdf','a au en - D E - fp','./Ressources linguistiques/grammaire et conjugaison/Grammaire/E/a au en - D E - fp.pdf')
insert into NODE_DOCUMENT (NODE_id_node, DOCUMENT_id_doc) values (14,897);
insert into DOCUMENT (id_doc,datepublication, typedoc, nom, chemin) values(898,'2012-12-05','docx','place des adjectifs - E A - fp','./Ressources linguistiques/grammaire et conjugaison/Grammaire/E/place des adjectifs - E A - fp.docx')
insert into NODE_DOCUMENT (NODE_id_node, DOCUMENT_id_doc) values (14,898);
insert into DOCUMENT (id_doc,datepublication, typedoc, nom, chemin) values(899,'2020-03-30','doc','possessifs D - E - fp','./Ressources linguistiques/grammaire et conjugaison/Grammaire/E/possessifs D - E - fp.doc')
insert into NODE_DOCUMENT (NODE_id_node, DOCUMENT_id_doc) values (14,899);
insert into DOCUMENT (id_doc,datepublication, typedoc, nom, chemin) values(900,'2012-12-05','doc','synonymes-anaphores.exercices - E A - ea','./Ressources linguistiques/grammaire et conjugaison/Grammaire/E/synonymes-anaphores.exercices - E A - ea.doc')
insert into NODE_DOCUMENT (NODE_id_node, DOCUMENT_id_doc) values (14,900);
insert into DOCUMENT (id_doc,datepublication, typedoc, nom, chemin) values(901,'2019-04-11','pdf','À ou chez - D E - fp','./Ressources linguistiques/grammaire et conjugaison/Grammaire/E/À ou chez - D E - fp.pdf')
insert into NODE_DOCUMENT (NODE_id_node, DOCUMENT_id_doc) values (14,901);
insert into DOCUMENT (id_doc,datepublication, typedoc, nom, chemin) values(902,'2012-12-05','pdf','Grammaire-conjugaison - E A - ea','./Ressources linguistiques/grammaire et conjugaison/Grammaire-conjugaison - E A - ea.pdf')
insert into NODE_DOCUMENT (NODE_id_node, DOCUMENT_id_doc) values (13,902);
insert into DOCUMENT (id_doc,datepublication, typedoc, nom, chemin) values(903,'2012-12-05','pdf','Grammaire-conjugaison ts nvx - DEA - ea','./Ressources linguistiques/grammaire et conjugaison/Grammaire-conjugaison ts nvx - DEA - ea.pdf')
insert into NODE_DOCUMENT (NODE_id_node, DOCUMENT_id_doc) values (13,903);
insert into NODE (id_node,name, parent_node_id) values (14,'Orthographe',13);
insert into NODE (id_node,name, parent_node_id) values (14,'A',13);
insert into DOCUMENT (id_doc,datepublication, typedoc, nom, chemin) values(904,'2020-03-30','doc','Ecrire la fin des mots - E A - fp','./Ressources linguistiques/grammaire et conjugaison/Orthographe/A/Ecrire la fin des mots - E A - fp.doc')
insert into NODE_DOCUMENT (NODE_id_node, DOCUMENT_id_doc) values (13,904);
insert into DOCUMENT (id_doc,datepublication, typedoc, nom, chemin) values(905,'2012-12-05','doc','Règles d_orthographe 2 exos - E A - fp','./Ressources linguistiques/grammaire et conjugaison/Orthographe/A/Règles d_orthographe 2 exos - E A - fp.doc')
insert into NODE_DOCUMENT (NODE_id_node, DOCUMENT_id_doc) values (13,905);
insert into DOCUMENT (id_doc,datepublication, typedoc, nom, chemin) values(906,'2012-12-05','doc','Règles d_orthographe 2 leçon - E A - fp','./Ressources linguistiques/grammaire et conjugaison/Orthographe/A/Règles d_orthographe 2 leçon - E A - fp.doc')
insert into NODE_DOCUMENT (NODE_id_node, DOCUMENT_id_doc) values (13,906);
insert into NODE (id_node,name, parent_node_id) values (15,'D',14);
insert into DOCUMENT (id_doc,datepublication, typedoc, nom, chemin) values(907,'2012-12-05','doc','Bases de l_orthographe exos - D E - ea','./Ressources linguistiques/grammaire et conjugaison/Orthographe/D/Bases de l_orthographe exos - D E - ea.doc')
insert into NODE_DOCUMENT (NODE_id_node, DOCUMENT_id_doc) values (14,907);
insert into DOCUMENT (id_doc,datepublication, typedoc, nom, chemin) values(908,'2012-12-05','doc','bases de l_orthographe - D E - fp','./Ressources linguistiques/grammaire et conjugaison/Orthographe/D/bases de l_orthographe - D E - fp.doc')
insert into NODE_DOCUMENT (NODE_id_node, DOCUMENT_id_doc) values (14,908);
insert into NODE (id_node,name, parent_node_id) values (16,'E',15);
insert into DOCUMENT (id_doc,datepublication, typedoc, nom, chemin) values(909,'2012-12-05','doc','Bases de l_orthographe exos - D E - ea','./Ressources linguistiques/grammaire et conjugaison/Orthographe/E/Bases de l_orthographe exos - D E - ea.doc')
insert into NODE_DOCUMENT (NODE_id_node, DOCUMENT_id_doc) values (15,909);
insert into DOCUMENT (id_doc,datepublication, typedoc, nom, chemin) values(910,'2020-03-30','doc','Ecrire la fin des mots - E A - fp','./Ressources linguistiques/grammaire et conjugaison/Orthographe/E/Ecrire la fin des mots - E A - fp.doc')
insert into NODE_DOCUMENT (NODE_id_node, DOCUMENT_id_doc) values (15,910);
insert into DOCUMENT (id_doc,datepublication, typedoc, nom, chemin) values(911,'2012-12-05','doc','Règles d_orthographe 2 exos - E A - fp','./Ressources linguistiques/grammaire et conjugaison/Orthographe/E/Règles d_orthographe 2 exos - E A - fp.doc')
insert into NODE_DOCUMENT (NODE_id_node, DOCUMENT_id_doc) values (15,911);
insert into DOCUMENT (id_doc,datepublication, typedoc, nom, chemin) values(912,'2012-12-05','doc','Règles d_orthographe 2 leçon - E A - fp','./Ressources linguistiques/grammaire et conjugaison/Orthographe/E/Règles d_orthographe 2 leçon - E A - fp.doc')
insert into NODE_DOCUMENT (NODE_id_node, DOCUMENT_id_doc) values (15,912);
insert into DOCUMENT (id_doc,datepublication, typedoc, nom, chemin) values(913,'2012-12-05','doc','bases de l_orthographe - D E - fp','./Ressources linguistiques/grammaire et conjugaison/Orthographe/E/bases de l_orthographe - D E - fp.doc')
insert into NODE_DOCUMENT (NODE_id_node, DOCUMENT_id_doc) values (15,913);
insert into NODE (id_node,name, parent_node_id) values (15,'Verbes et conjugaison',14);
insert into NODE (id_node,name, parent_node_id) values (15,'Divers',14);
insert into NODE (id_node,name, parent_node_id) values (15,'A',14);
insert into DOCUMENT (id_doc,datepublication, typedoc, nom, chemin) values(914,'2012-12-05','doc','Concordance des temps leçon - A - fp','./Ressources linguistiques/grammaire et conjugaison/Verbes et conjugaison/Divers/A/Concordance des temps leçon - A - fp.doc')
insert into NODE_DOCUMENT (NODE_id_node, DOCUMENT_id_doc) values (14,914);
insert into DOCUMENT (id_doc,datepublication, typedoc, nom, chemin) values(915,'2020-02-25','doc','Conditionnel présent et passé_exercices av correction - A - ea','./Ressources linguistiques/grammaire et conjugaison/Verbes et conjugaison/Divers/A/Conditionnel présent et passé_exercices av correction - A - ea.doc')
insert into NODE_DOCUMENT (NODE_id_node, DOCUMENT_id_doc) values (14,915);
insert into DOCUMENT (id_doc,datepublication, typedoc, nom, chemin) values(916,'2012-12-05','pdf','Formation du subjonctif - A - fp','./Ressources linguistiques/grammaire et conjugaison/Verbes et conjugaison/Divers/A/Formation du subjonctif - A - fp.pdf')
insert into NODE_DOCUMENT (NODE_id_node, DOCUMENT_id_doc) values (14,916);
insert into DOCUMENT (id_doc,datepublication, typedoc, nom, chemin) values(917,'2012-12-05','docx','Formation du subjonctif 2 - A - fp','./Ressources linguistiques/grammaire et conjugaison/Verbes et conjugaison/Divers/A/Formation du subjonctif 2 - A - fp.docx')
insert into NODE_DOCUMENT (NODE_id_node, DOCUMENT_id_doc) values (14,917);
insert into DOCUMENT (id_doc,datepublication, typedoc, nom, chemin) values(918,'2020-04-02','pdf','Impératif-subjonctif-Affiche précautions coronavirus - E A -fp','./Ressources linguistiques/grammaire et conjugaison/Verbes et conjugaison/Divers/A/Impératif-subjonctif-Affiche précautions coronavirus - E A -fp.pdf')
insert into NODE_DOCUMENT (NODE_id_node, DOCUMENT_id_doc) values (14,918);
insert into DOCUMENT (id_doc,datepublication, typedoc, nom, chemin) values(919,'2012-12-05','docx','LE CONDITIONNEL leçon + exo - A - fp','./Ressources linguistiques/grammaire et conjugaison/Verbes et conjugaison/Divers/A/LE CONDITIONNEL leçon + exo - A - fp.docx')
insert into NODE_DOCUMENT (NODE_id_node, DOCUMENT_id_doc) values (14,919);
insert into DOCUMENT (id_doc,datepublication, typedoc, nom, chemin) values(920,'2012-12-05','doc','Passé présent futur exos - D E A révisions - ea','./Ressources linguistiques/grammaire et conjugaison/Verbes et conjugaison/Divers/A/Passé présent futur exos - D E A révisions - ea.doc')
insert into NODE_DOCUMENT (NODE_id_node, DOCUMENT_id_doc) values (14,920);
insert into DOCUMENT (id_doc,datepublication, typedoc, nom, chemin) values(921,'2020-02-18','odt','Subjonctif exercices - A - ea','./Ressources linguistiques/grammaire et conjugaison/Verbes et conjugaison/Divers/A/Subjonctif exercices - A - ea.odt')
insert into NODE_DOCUMENT (NODE_id_node, DOCUMENT_id_doc) values (14,921);
insert into DOCUMENT (id_doc,datepublication, typedoc, nom, chemin) values(922,'2012-12-05','doc','Utilisation des temps et modes leçon - E A - fp','./Ressources linguistiques/grammaire et conjugaison/Verbes et conjugaison/Divers/A/Utilisation des temps et modes leçon - E A - fp.doc')
insert into NODE_DOCUMENT (NODE_id_node, DOCUMENT_id_doc) values (14,922);
insert into DOCUMENT (id_doc,datepublication, typedoc, nom, chemin) values(923,'2012-12-05','docx','impératif le çon - E A - fp','./Ressources linguistiques/grammaire et conjugaison/Verbes et conjugaison/Divers/A/impératif le çon - E A - fp.docx')
insert into NODE_DOCUMENT (NODE_id_node, DOCUMENT_id_doc) values (14,923);
insert into DOCUMENT (id_doc,datepublication, typedoc, nom, chemin) values(924,'2020-03-30','odt','l_impératif leçon + exos - E A - fp','./Ressources linguistiques/grammaire et conjugaison/Verbes et conjugaison/Divers/A/l_impératif leçon + exos - E A - fp.odt')
insert into NODE_DOCUMENT (NODE_id_node, DOCUMENT_id_doc) values (14,924);
insert into DOCUMENT (id_doc,datepublication, typedoc, nom, chemin) values(925,'2018-11-07','pdf','sous-main_conjugaison - D E A - fp','./Ressources linguistiques/grammaire et conjugaison/Verbes et conjugaison/Divers/A/sous-main_conjugaison - D E A - fp.pdf')
insert into NODE_DOCUMENT (NODE_id_node, DOCUMENT_id_doc) values (14,925);
insert into NODE (id_node,name, parent_node_id) values (16,'D',15);
insert into DOCUMENT (id_doc,datepublication, typedoc, nom, chemin) values(926,'2016-03-06','docx','Etre Avoir Aller - D - E - fp','./Ressources linguistiques/grammaire et conjugaison/Verbes et conjugaison/Divers/D/Etre Avoir Aller - D - E - fp.docx')
insert into NODE_DOCUMENT (NODE_id_node, DOCUMENT_id_doc) values (15,926);
insert into DOCUMENT (id_doc,datepublication, typedoc, nom, chemin) values(927,'2012-12-05','doc','Passé présent futur exos - D E A révisions - ea','./Ressources linguistiques/grammaire et conjugaison/Verbes et conjugaison/Divers/D/Passé présent futur exos - D E A révisions - ea.doc')
insert into NODE_DOCUMENT (NODE_id_node, DOCUMENT_id_doc) values (15,927);
insert into DOCUMENT (id_doc,datepublication, typedoc, nom, chemin) values(928,'2012-12-05','doc','conjugaison régles de base - D E - fp','./Ressources linguistiques/grammaire et conjugaison/Verbes et conjugaison/Divers/D/conjugaison régles de base - D E - fp.doc')
insert into NODE_DOCUMENT (NODE_id_node, DOCUMENT_id_doc) values (15,928);
insert into DOCUMENT (id_doc,datepublication, typedoc, nom, chemin) values(929,'2012-12-05','doc','mot croisé passé présent futur - D E - ea','./Ressources linguistiques/grammaire et conjugaison/Verbes et conjugaison/Divers/D/mot croisé passé présent futur - D E - ea.doc')
insert into NODE_DOCUMENT (NODE_id_node, DOCUMENT_id_doc) values (15,929);
insert into DOCUMENT (id_doc,datepublication, typedoc, nom, chemin) values(930,'2018-11-07','pdf','sous-main_conjugaison - D E A - fp','./Ressources linguistiques/grammaire et conjugaison/Verbes et conjugaison/Divers/D/sous-main_conjugaison - D E A - fp.pdf')
insert into NODE_DOCUMENT (NODE_id_node, DOCUMENT_id_doc) values (15,930);
insert into NODE (id_node,name, parent_node_id) values (17,'E',16);
insert into DOCUMENT (id_doc,datepublication, typedoc, nom, chemin) values(931,'2016-03-06','docx','Etre Avoir Aller - D - E - fp','./Ressources linguistiques/grammaire et conjugaison/Verbes et conjugaison/Divers/E/Etre Avoir Aller - D - E - fp.docx')
insert into NODE_DOCUMENT (NODE_id_node, DOCUMENT_id_doc) values (16,931);
insert into DOCUMENT (id_doc,datepublication, typedoc, nom, chemin) values(932,'2020-04-02','pdf','Impératif-subjonctif-Affiche précautions coronavirus - E A -fp','./Ressources linguistiques/grammaire et conjugaison/Verbes et conjugaison/Divers/E/Impératif-subjonctif-Affiche précautions coronavirus - E A -fp.pdf')
insert into NODE_DOCUMENT (NODE_id_node, DOCUMENT_id_doc) values (16,932);
insert into DOCUMENT (id_doc,datepublication, typedoc, nom, chemin) values(933,'2012-12-05','doc','Passé présent futur exos - D E A révisions - ea','./Ressources linguistiques/grammaire et conjugaison/Verbes et conjugaison/Divers/E/Passé présent futur exos - D E A révisions - ea.doc')
insert into NODE_DOCUMENT (NODE_id_node, DOCUMENT_id_doc) values (16,933);
insert into DOCUMENT (id_doc,datepublication, typedoc, nom, chemin) values(934,'2012-12-05','doc','Utilisation des temps et modes leçon - E A - fp','./Ressources linguistiques/grammaire et conjugaison/Verbes et conjugaison/Divers/E/Utilisation des temps et modes leçon - E A - fp.doc')
insert into NODE_DOCUMENT (NODE_id_node, DOCUMENT_id_doc) values (16,934);
insert into DOCUMENT (id_doc,datepublication, typedoc, nom, chemin) values(935,'2012-12-05','doc','conjugaison régles de base - D E - fp','./Ressources linguistiques/grammaire et conjugaison/Verbes et conjugaison/Divers/E/conjugaison régles de base - D E - fp.doc')
insert into NODE_DOCUMENT (NODE_id_node, DOCUMENT_id_doc) values (16,935);
insert into DOCUMENT (id_doc,datepublication, typedoc, nom, chemin) values(936,'2012-12-05','docx','exo impératif - E - ea','./Ressources linguistiques/grammaire et conjugaison/Verbes et conjugaison/Divers/E/exo impératif - E - ea.docx')
insert into NODE_DOCUMENT (NODE_id_node, DOCUMENT_id_doc) values (16,936);
insert into DOCUMENT (id_doc,datepublication, typedoc, nom, chemin) values(937,'2012-12-05','docx','impératif le çon - E A - fp','./Ressources linguistiques/grammaire et conjugaison/Verbes et conjugaison/Divers/E/impératif le çon - E A - fp.docx')
insert into NODE_DOCUMENT (NODE_id_node, DOCUMENT_id_doc) values (16,937);
insert into DOCUMENT (id_doc,datepublication, typedoc, nom, chemin) values(938,'2020-03-30','odt','l_impératif leçon + exos - E A - fp','./Ressources linguistiques/grammaire et conjugaison/Verbes et conjugaison/Divers/E/l_impératif leçon + exos - E A - fp.odt')
insert into NODE_DOCUMENT (NODE_id_node, DOCUMENT_id_doc) values (16,938);
insert into DOCUMENT (id_doc,datepublication, typedoc, nom, chemin) values(939,'2012-12-05','doc','mot croisé passé présent futur - D E - ea','./Ressources linguistiques/grammaire et conjugaison/Verbes et conjugaison/Divers/E/mot croisé passé présent futur - D E - ea.doc')
insert into NODE_DOCUMENT (NODE_id_node, DOCUMENT_id_doc) values (16,939);
insert into DOCUMENT (id_doc,datepublication, typedoc, nom, chemin) values(940,'2018-11-07','pdf','sous-main_conjugaison - D E A - fp','./Ressources linguistiques/grammaire et conjugaison/Verbes et conjugaison/Divers/E/sous-main_conjugaison - D E A - fp.pdf')
insert into NODE_DOCUMENT (NODE_id_node, DOCUMENT_id_doc) values (16,940);
insert into NODE (id_node,name, parent_node_id) values (16,'Futur',15);
insert into DOCUMENT (id_doc,datepublication, typedoc, nom, chemin) values(941,'2012-12-05','pdf','Futur leçon - E A - fp','./Ressources linguistiques/grammaire et conjugaison/Verbes et conjugaison/Futur/Futur leçon - E A - fp.pdf')
insert into NODE_DOCUMENT (NODE_id_node, DOCUMENT_id_doc) values (15,941);
insert into DOCUMENT (id_doc,datepublication, typedoc, nom, chemin) values(942,'2012-12-05','doc','LE FUTUR PROCHE - D E - fp','./Ressources linguistiques/grammaire et conjugaison/Verbes et conjugaison/Futur/LE FUTUR PROCHE - D E - fp.doc')
insert into NODE_DOCUMENT (NODE_id_node, DOCUMENT_id_doc) values (15,942);
insert into NODE (id_node,name, parent_node_id) values (17,'Passé',16);
insert into DOCUMENT (id_doc,datepublication, typedoc, nom, chemin) values(943,'2014-01-06','pdf','DELF A2 PC-Imparfait - E A - ea','./Ressources linguistiques/grammaire et conjugaison/Verbes et conjugaison/Passé/DELF A2 PC-Imparfait - E A - ea.pdf')
insert into NODE_DOCUMENT (NODE_id_node, DOCUMENT_id_doc) values (16,943);
insert into DOCUMENT (id_doc,datepublication, typedoc, nom, chemin) values(944,'2020-03-30','odt','Exo Passé composé - E A - ea','./Ressources linguistiques/grammaire et conjugaison/Verbes et conjugaison/Passé/Exo Passé composé - E A - ea.odt')
insert into NODE_DOCUMENT (NODE_id_node, DOCUMENT_id_doc) values (16,944);
insert into DOCUMENT (id_doc,datepublication, typedoc, nom, chemin) values(945,'2019-10-03','docx','Imparfait ou passé composé exo - E A - ea','./Ressources linguistiques/grammaire et conjugaison/Verbes et conjugaison/Passé/Imparfait ou passé composé exo - E A - ea.docx')
insert into NODE_DOCUMENT (NODE_id_node, DOCUMENT_id_doc) values (16,945);
insert into DOCUMENT (id_doc,datepublication, typedoc, nom, chemin) values(946,'2012-12-05','doc','Le passé composé leçon - E A rév. - fp','./Ressources linguistiques/grammaire et conjugaison/Verbes et conjugaison/Passé/Le passé composé leçon - E A rév. - fp.doc')
insert into NODE_DOCUMENT (NODE_id_node, DOCUMENT_id_doc) values (16,946);
insert into DOCUMENT (id_doc,datepublication, typedoc, nom, chemin) values(947,'2012-12-05','docx','PC av auxiliaire être - E A - fp','./Ressources linguistiques/grammaire et conjugaison/Verbes et conjugaison/Passé/PC av auxiliaire être - E A - fp.docx')
insert into NODE_DOCUMENT (NODE_id_node, DOCUMENT_id_doc) values (16,947);
insert into DOCUMENT (id_doc,datepublication, typedoc, nom, chemin) values(948,'2020-03-25','odt','Passé Composé-Imparfait - E A - fp','./Ressources linguistiques/grammaire et conjugaison/Verbes et conjugaison/Passé/Passé Composé-Imparfait - E A - fp.odt')
insert into NODE_DOCUMENT (NODE_id_node, DOCUMENT_id_doc) values (16,948);
insert into DOCUMENT (id_doc,datepublication, typedoc, nom, chemin) values(949,'2019-02-01','pdf','Passé choix des temps - A - ea','./Ressources linguistiques/grammaire et conjugaison/Verbes et conjugaison/Passé/Passé choix des temps - A - ea.pdf')
insert into NODE_DOCUMENT (NODE_id_node, DOCUMENT_id_doc) values (16,949);
insert into DOCUMENT (id_doc,datepublication, typedoc, nom, chemin) values(950,'2012-12-05','doc','imparfait ex - E A - ea','./Ressources linguistiques/grammaire et conjugaison/Verbes et conjugaison/Passé/imparfait ex - E A - ea.doc')
insert into NODE_DOCUMENT (NODE_id_node, DOCUMENT_id_doc) values (16,950);
insert into DOCUMENT (id_doc,datepublication, typedoc, nom, chemin) values(951,'2012-12-05','doc','imparfait leçon - E A - fp','./Ressources linguistiques/grammaire et conjugaison/Verbes et conjugaison/Passé/imparfait leçon - E A - fp.doc')
insert into NODE_DOCUMENT (NODE_id_node, DOCUMENT_id_doc) values (16,951);
insert into DOCUMENT (id_doc,datepublication, typedoc, nom, chemin) values(952,'2012-12-05','docx','imparfait leçon 2 - E A - fp','./Ressources linguistiques/grammaire et conjugaison/Verbes et conjugaison/Passé/imparfait leçon 2 - E A - fp.docx')
insert into NODE_DOCUMENT (NODE_id_node, DOCUMENT_id_doc) values (16,952);
insert into NODE (id_node,name, parent_node_id) values (18,'Présent',17);
insert into DOCUMENT (id_doc,datepublication, typedoc, nom, chemin) values(953,'2012-12-05','doc','Mots croisés présent - D - ea','./Ressources linguistiques/grammaire et conjugaison/Verbes et conjugaison/Présent/Mots croisés présent - D - ea.doc')
insert into NODE_DOCUMENT (NODE_id_node, DOCUMENT_id_doc) values (17,953);
insert into DOCUMENT (id_doc,datepublication, typedoc, nom, chemin) values(954,'2020-03-25','odt','Présent - D E - fp','./Ressources linguistiques/grammaire et conjugaison/Verbes et conjugaison/Présent/Présent - D E - fp.odt')
insert into NODE_DOCUMENT (NODE_id_node, DOCUMENT_id_doc) values (17,954);
insert into DOCUMENT (id_doc,datepublication, typedoc, nom, chemin) values(955,'2012-12-05','doc','Présent leçon - D E - fp','./Ressources linguistiques/grammaire et conjugaison/Verbes et conjugaison/Présent/Présent leçon - D E - fp.doc')
insert into NODE_DOCUMENT (NODE_id_node, DOCUMENT_id_doc) values (17,955);
insert into DOCUMENT (id_doc,datepublication, typedoc, nom, chemin) values(956,'2020-03-30','odt','Verbes irréguliers au présent - E A - fp','./Ressources linguistiques/grammaire et conjugaison/Verbes et conjugaison/Présent/Verbes irréguliers au présent - E A - fp.odt')
insert into NODE_DOCUMENT (NODE_id_node, DOCUMENT_id_doc) values (17,956);
insert into NODE (id_node,name, parent_node_id) values (11,'Temps et Espace',10);
insert into NODE (id_node,name, parent_node_id) values (11,'Heures et calendrier',10);
insert into DOCUMENT (id_doc,datepublication, typedoc, nom, chemin) values(957,'2020-02-27','docx#','.~lock.empl tps heure','./Temps et Espace/Heures et calendrier/.~lock.empl tps heure.docx#')
insert into NODE_DOCUMENT (NODE_id_node, DOCUMENT_id_doc) values (10,957);
insert into NODE (id_node,name, parent_node_id) values (11,'A',10);
insert into DOCUMENT (id_doc,datepublication, typedoc, nom, chemin) values(958,'2020-03-25','odt','Expressions de temps - E A - fp','./Temps et Espace/Heures et calendrier/A/Expressions de temps - E A - fp.odt')
insert into NODE_DOCUMENT (NODE_id_node, DOCUMENT_id_doc) values (10,958);
insert into DOCUMENT (id_doc,datepublication, typedoc, nom, chemin) values(959,'2020-03-19','odt','Ferrari le calendrier - A - fp','./Temps et Espace/Heures et calendrier/A/Ferrari le calendrier - A - fp.odt')
insert into NODE_DOCUMENT (NODE_id_node, DOCUMENT_id_doc) values (10,959);
insert into DOCUMENT (id_doc,datepublication, typedoc, nom, chemin) values(960,'2019-10-20','docx','Fréquence et durée','./Temps et Espace/Heures et calendrier/A/Fréquence et durée.docx')
insert into NODE_DOCUMENT (NODE_id_node, DOCUMENT_id_doc) values (10,960);
insert into DOCUMENT (id_doc,datepublication, typedoc, nom, chemin) values(961,'2020-04-01','odt','CARLI Calendrier - A- fp','./Temps et Espace/Heures et calendrier/CARLI Calendrier - A- fp.odt')
insert into NODE_DOCUMENT (NODE_id_node, DOCUMENT_id_doc) values (11,961);
insert into DOCUMENT (id_doc,datepublication, typedoc, nom, chemin) values(962,'2020-04-01','odt','CARLI Calendrier - D - fp','./Temps et Espace/Heures et calendrier/CARLI Calendrier - D - fp.odt')
insert into NODE_DOCUMENT (NODE_id_node, DOCUMENT_id_doc) values (11,962);
insert into DOCUMENT (id_doc,datepublication, typedoc, nom, chemin) values(963,'2020-04-01','odt','CARLI Calendrier - E - fp','./Temps et Espace/Heures et calendrier/CARLI Calendrier - E - fp.odt')
insert into NODE_DOCUMENT (NODE_id_node, DOCUMENT_id_doc) values (11,963);
insert into DOCUMENT (id_doc,datepublication, typedoc, nom, chemin) values(964,'2020-04-01','odt','CARLI Calendrier - Fiche d_activité - E - fp','./Temps et Espace/Heures et calendrier/CARLI Calendrier - Fiche d_activité - E - fp.odt')
insert into NODE_DOCUMENT (NODE_id_node, DOCUMENT_id_doc) values (11,964);
insert into NODE (id_node,name, parent_node_id) values (12,'D',11);
insert into DOCUMENT (id_doc,datepublication, typedoc, nom, chemin) values(965,'2020-03-17','odt','AVE Heures calendrier agenda D-E - ea','./Temps et Espace/Heures et calendrier/D/AVE Heures calendrier agenda D-E - ea.odt')
insert into NODE_DOCUMENT (NODE_id_node, DOCUMENT_id_doc) values (11,965);
insert into DOCUMENT (id_doc,datepublication, typedoc, nom, chemin) values(966,'2020-03-19','odt','Ferrari le calendrier - D - fp','./Temps et Espace/Heures et calendrier/D/Ferrari le calendrier - D - fp.odt')
insert into NODE_DOCUMENT (NODE_id_node, DOCUMENT_id_doc) values (11,966);
insert into DOCUMENT (id_doc,datepublication, typedoc, nom, chemin) values(967,'2017-04-18','pdf','Fiches Se Repérer Temps et Espace - D E - fp','./Temps et Espace/Heures et calendrier/D/Fiches Se Repérer Temps et Espace - D E - fp.pdf')
insert into NODE_DOCUMENT (NODE_id_node, DOCUMENT_id_doc) values (11,967);
insert into DOCUMENT (id_doc,datepublication, typedoc, nom, chemin) values(968,'2019-11-29','odt','Malette pédagogique -se situer dans le temps - D E - fp ea','./Temps et Espace/Heures et calendrier/D/Malette pédagogique -se situer dans le temps - D E - fp ea.odt')
insert into NODE_DOCUMENT (NODE_id_node, DOCUMENT_id_doc) values (11,968);
insert into DOCUMENT (id_doc,datepublication, typedoc, nom, chemin) values(969,'2018-01-23','pdf','jeu-heures_ activités - D E - j','./Temps et Espace/Heures et calendrier/D/jeu-heures_ activités - D E - j.pdf')
insert into NODE_DOCUMENT (NODE_id_node, DOCUMENT_id_doc) values (11,969);
insert into DOCUMENT (id_doc,datepublication, typedoc, nom, chemin) values(970,'2013-11-12','docx','rdv - D - ea','./Temps et Espace/Heures et calendrier/D/rdv - D - ea.docx')
insert into NODE_DOCUMENT (NODE_id_node, DOCUMENT_id_doc) values (11,970);
insert into NODE (id_node,name, parent_node_id) values (13,'E',12);
insert into DOCUMENT (id_doc,datepublication, typedoc, nom, chemin) values(971,'2020-03-17','odt','AVE Heures calendrier agenda D-E - ea','./Temps et Espace/Heures et calendrier/E/AVE Heures calendrier agenda D-E - ea.odt')
insert into NODE_DOCUMENT (NODE_id_node, DOCUMENT_id_doc) values (12,971);
insert into DOCUMENT (id_doc,datepublication, typedoc, nom, chemin) values(972,'2020-03-17','odt','AVE Heures calendrier agenda D-E','./Temps et Espace/Heures et calendrier/E/AVE Heures calendrier agenda D-E.odt')
insert into NODE_DOCUMENT (NODE_id_node, DOCUMENT_id_doc) values (12,972);
insert into DOCUMENT (id_doc,datepublication, typedoc, nom, chemin) values(973,'2020-03-25','odt','Expressions de temps - E A - fp','./Temps et Espace/Heures et calendrier/E/Expressions de temps - E A - fp.odt')
insert into NODE_DOCUMENT (NODE_id_node, DOCUMENT_id_doc) values (12,973);
insert into DOCUMENT (id_doc,datepublication, typedoc, nom, chemin) values(974,'2020-03-19','odt','Ferrari le calendrier - E - fp','./Temps et Espace/Heures et calendrier/E/Ferrari le calendrier - E - fp.odt')
insert into NODE_DOCUMENT (NODE_id_node, DOCUMENT_id_doc) values (12,974);
insert into DOCUMENT (id_doc,datepublication, typedoc, nom, chemin) values(975,'2017-04-18','pdf','Fiches Se Repérer - D E -fp ea','./Temps et Espace/Heures et calendrier/E/Fiches Se Repérer - D E -fp ea.pdf')
insert into NODE_DOCUMENT (NODE_id_node, DOCUMENT_id_doc) values (12,975);
insert into DOCUMENT (id_doc,datepublication, typedoc, nom, chemin) values(976,'2019-11-29','odt','Malette pédagogique -se situer dans le temps - D E - fp ea','./Temps et Espace/Heures et calendrier/E/Malette pédagogique -se situer dans le temps - D E - fp ea.odt')
insert into NODE_DOCUMENT (NODE_id_node, DOCUMENT_id_doc) values (12,976);
insert into DOCUMENT (id_doc,datepublication, typedoc, nom, chemin) values(977,'2018-01-23','pdf','jeu-heures_ activités - D E - j','./Temps et Espace/Heures et calendrier/E/jeu-heures_ activités - D E - j.pdf')
insert into NODE_DOCUMENT (NODE_id_node, DOCUMENT_id_doc) values (12,977);
insert into DOCUMENT (id_doc,datepublication, typedoc, nom, chemin) values(978,'2020-03-18','odt','Fêtes françaises et étrangères - D E A - fp','./Temps et Espace/Heures et calendrier/Fêtes françaises et étrangères - D E A - fp.odt')
insert into NODE_DOCUMENT (NODE_id_node, DOCUMENT_id_doc) values (13,978);
insert into DOCUMENT (id_doc,datepublication, typedoc, nom, chemin) values(979,'2012-12-05','pdf','empl tps heure - D E A - da','./Temps et Espace/Heures et calendrier/empl tps heure - D E A - da.pdf')
insert into NODE_DOCUMENT (NODE_id_node, DOCUMENT_id_doc) values (13,979);
insert into DOCUMENT (id_doc,datepublication, typedoc, nom, chemin) values(980,'2020-04-01','odt','Infos Météo à remplir - D E - ea','./Temps et Espace/Infos Météo à remplir - D E - ea.odt')
insert into NODE_DOCUMENT (NODE_id_node, DOCUMENT_id_doc) values (11,980);
insert into DOCUMENT (id_doc,datepublication, typedoc, nom, chemin) values(981,'2020-04-01','odt','Infos Météo à remplir - i','./Temps et Espace/Infos Météo à remplir - i.odt')
insert into NODE_DOCUMENT (NODE_id_node, DOCUMENT_id_doc) values (11,981);
insert into NODE (id_node,name, parent_node_id) values (12,'Transports plans directions',11);
insert into NODE (id_node,name, parent_node_id) values (12,'A',11);
insert into DOCUMENT (id_doc,datepublication, typedoc, nom, chemin) values(982,'2020-03-18','odt','CARLI - Transports - E A - fp','./Temps et Espace/Transports plans directions/A/CARLI - Transports - E A - fp.odt')
insert into NODE_DOCUMENT (NODE_id_node, DOCUMENT_id_doc) values (11,982);
insert into DOCUMENT (id_doc,datepublication, typedoc, nom, chemin) values(983,'2020-03-19','odt','FLI Transports - A - fp','./Temps et Espace/Transports plans directions/A/FLI Transports - A - fp.odt')
insert into NODE_DOCUMENT (NODE_id_node, DOCUMENT_id_doc) values (11,983);
insert into DOCUMENT (id_doc,datepublication, typedoc, nom, chemin) values(984,'2020-03-19','odt','Ferrari la conduite - A - fp','./Temps et Espace/Transports plans directions/A/Ferrari la conduite - A - fp.odt')
insert into NODE_DOCUMENT (NODE_id_node, DOCUMENT_id_doc) values (11,984);
insert into DOCUMENT (id_doc,datepublication, typedoc, nom, chemin) values(985,'2020-03-19','odt','Ferrari les transports - A - fp','./Temps et Espace/Transports plans directions/A/Ferrari les transports - A - fp.odt')
insert into NODE_DOCUMENT (NODE_id_node, DOCUMENT_id_doc) values (11,985);
insert into DOCUMENT (id_doc,datepublication, typedoc, nom, chemin) values(986,'2020-02-10','jpg','se-reperer-dans-paris - E A - ea','./Temps et Espace/Transports plans directions/A/se-reperer-dans-paris - E A - ea.jpg')
insert into NODE_DOCUMENT (NODE_id_node, DOCUMENT_id_doc) values (11,986);
insert into DOCUMENT (id_doc,datepublication, typedoc, nom, chemin) values(987,'2017-10-19','pdf','Carte_Equipements secteur 5 - DEA - i','./Temps et Espace/Transports plans directions/Carte_Equipements secteur 5 - DEA - i.pdf')
insert into NODE_DOCUMENT (NODE_id_node, DOCUMENT_id_doc) values (12,987);
insert into NODE (id_node,name, parent_node_id) values (13,'D',12);
insert into DOCUMENT (id_doc,datepublication, typedoc, nom, chemin) values(988,'2012-12-05','doc','14.FPItinrairesuivre - D E - j','./Temps et Espace/Transports plans directions/D/14.FPItinrairesuivre - D E - j.doc')
insert into NODE_DOCUMENT (NODE_id_node, DOCUMENT_id_doc) values (12,988);
insert into DOCUMENT (id_doc,datepublication, typedoc, nom, chemin) values(989,'2020-03-17','odt','ADAGE mobilité D-E - ea','./Temps et Espace/Transports plans directions/D/ADAGE mobilité D-E - ea.odt')
insert into NODE_DOCUMENT (NODE_id_node, DOCUMENT_id_doc) values (12,989);
insert into DOCUMENT (id_doc,datepublication, typedoc, nom, chemin) values(990,'2020-01-22','docx','Exo lieux de la ville - D E - ea','./Temps et Espace/Transports plans directions/D/Exo lieux de la ville - D E - ea.docx')
insert into NODE_DOCUMENT (NODE_id_node, DOCUMENT_id_doc) values (12,990);
insert into DOCUMENT (id_doc,datepublication, typedoc, nom, chemin) values(991,'2020-03-19','odt','FLI Transports - D - fp','./Temps et Espace/Transports plans directions/D/FLI Transports - D - fp.odt')
insert into NODE_DOCUMENT (NODE_id_node, DOCUMENT_id_doc) values (12,991);
insert into DOCUMENT (id_doc,datepublication, typedoc, nom, chemin) values(992,'2020-03-18','odt','Ferrari Transports - D - fp','./Temps et Espace/Transports plans directions/D/Ferrari Transports - D - fp.odt')
insert into NODE_DOCUMENT (NODE_id_node, DOCUMENT_id_doc) values (12,992);
insert into DOCUMENT (id_doc,datepublication, typedoc, nom, chemin) values(993,'2020-03-19','odt','Ferrari autoécole - D - fp','./Temps et Espace/Transports plans directions/D/Ferrari autoécole - D - fp.odt')
insert into NODE_DOCUMENT (NODE_id_node, DOCUMENT_id_doc) values (12,993);
insert into DOCUMENT (id_doc,datepublication, typedoc, nom, chemin) values(994,'2017-04-18','pdf','Fiches Se Repérer - D E -fp ea','./Temps et Espace/Transports plans directions/D/Fiches Se Repérer - D E -fp ea.pdf')
insert into NODE_DOCUMENT (NODE_id_node, DOCUMENT_id_doc) values (12,994);
insert into DOCUMENT (id_doc,datepublication, typedoc, nom, chemin) values(995,'2020-04-01','odt','Positions - D - ea','./Temps et Espace/Transports plans directions/D/Positions - D - ea.odt')
insert into NODE_DOCUMENT (NODE_id_node, DOCUMENT_id_doc) values (12,995);
insert into DOCUMENT (id_doc,datepublication, typedoc, nom, chemin) values(996,'2017-05-30','pdf','Sorienter_dans_le_quartier - D E - fp','./Temps et Espace/Transports plans directions/D/Sorienter_dans_le_quartier - D E - fp.pdf')
insert into NODE_DOCUMENT (NODE_id_node, DOCUMENT_id_doc) values (12,996);
insert into DOCUMENT (id_doc,datepublication, typedoc, nom, chemin) values(997,'2020-02-05','docx','dans-la-ville-jeu-de-memoire- - D - j','./Temps et Espace/Transports plans directions/D/dans-la-ville-jeu-de-memoire- - D - j.docx')
insert into NODE_DOCUMENT (NODE_id_node, DOCUMENT_id_doc) values (12,997);
insert into DOCUMENT (id_doc,datepublication, typedoc, nom, chemin) values(998,'2018-01-23','pdf','jeu-prepositionslieu - D E - j','./Temps et Espace/Transports plans directions/D/jeu-prepositionslieu - D E - j.pdf')
insert into NODE_DOCUMENT (NODE_id_node, DOCUMENT_id_doc) values (12,998);
insert into DOCUMENT (id_doc,datepublication, typedoc, nom, chemin) values(999,'2019-04-11','pdf','À ou chez - D E - fp','./Temps et Espace/Transports plans directions/D/À ou chez - D E - fp.pdf')
insert into NODE_DOCUMENT (NODE_id_node, DOCUMENT_id_doc) values (12,999);
insert into NODE (id_node,name, parent_node_id) values (14,'E',13);
insert into DOCUMENT (id_doc,datepublication, typedoc, nom, chemin) values(1000,'2012-12-05','doc','14.FPItinrairesuivre - D E - j','./Temps et Espace/Transports plans directions/E/14.FPItinrairesuivre - D E - j.doc')
insert into NODE_DOCUMENT (NODE_id_node, DOCUMENT_id_doc) values (13,1000);
insert into DOCUMENT (id_doc,datepublication, typedoc, nom, chemin) values(1001,'2020-03-17','odt','ADAGE mobilité D-E - ea','./Temps et Espace/Transports plans directions/E/ADAGE mobilité D-E - ea.odt')
insert into NODE_DOCUMENT (NODE_id_node, DOCUMENT_id_doc) values (13,1001);
insert into DOCUMENT (id_doc,datepublication, typedoc, nom, chemin) values(1002,'2020-03-18','odt','CARLI - Transports - E A - fp','./Temps et Espace/Transports plans directions/E/CARLI - Transports - E A - fp.odt')
insert into NODE_DOCUMENT (NODE_id_node, DOCUMENT_id_doc) values (13,1002);
insert into DOCUMENT (id_doc,datepublication, typedoc, nom, chemin) values(1003,'2020-01-22','docx','Exo lieux de la ville - D E - ea','./Temps et Espace/Transports plans directions/E/Exo lieux de la ville - D E - ea.docx')
insert into NODE_DOCUMENT (NODE_id_node, DOCUMENT_id_doc) values (13,1003);
insert into DOCUMENT (id_doc,datepublication, typedoc, nom, chemin) values(1004,'2020-03-19','odt','FLI Transports - E - fp','./Temps et Espace/Transports plans directions/E/FLI Transports - E - fp.odt')
insert into NODE_DOCUMENT (NODE_id_node, DOCUMENT_id_doc) values (13,1004);
insert into DOCUMENT (id_doc,datepublication, typedoc, nom, chemin) values(1005,'2020-03-19','odt','Ferrari la conduite - E - fp','./Temps et Espace/Transports plans directions/E/Ferrari la conduite - E - fp.odt')
insert into NODE_DOCUMENT (NODE_id_node, DOCUMENT_id_doc) values (13,1005);
insert into DOCUMENT (id_doc,datepublication, typedoc, nom, chemin) values(1006,'2020-03-19','odt','Ferrari les transports - E - fp','./Temps et Espace/Transports plans directions/E/Ferrari les transports - E - fp.odt')
insert into NODE_DOCUMENT (NODE_id_node, DOCUMENT_id_doc) values (13,1006);
insert into DOCUMENT (id_doc,datepublication, typedoc, nom, chemin) values(1007,'2017-04-18','pdf','Fiches Se Repérer - D E -fp ea','./Temps et Espace/Transports plans directions/E/Fiches Se Repérer - D E -fp ea.pdf')
insert into NODE_DOCUMENT (NODE_id_node, DOCUMENT_id_doc) values (13,1007);
insert into DOCUMENT (id_doc,datepublication, typedoc, nom, chemin) values(1008,'2017-05-30','pdf','Sorienter_dans_le_quartier - D E - fp','./Temps et Espace/Transports plans directions/E/Sorienter_dans_le_quartier - D E - fp.pdf')
insert into NODE_DOCUMENT (NODE_id_node, DOCUMENT_id_doc) values (13,1008);
insert into DOCUMENT (id_doc,datepublication, typedoc, nom, chemin) values(1009,'2018-02-05','docx','expressions de lieu - E - ea','./Temps et Espace/Transports plans directions/E/expressions de lieu - E - ea.docx')
insert into NODE_DOCUMENT (NODE_id_node, DOCUMENT_id_doc) values (13,1009);
insert into DOCUMENT (id_doc,datepublication, typedoc, nom, chemin) values(1010,'2018-01-23','pdf','jeu-prepositionslieu - D E - j','./Temps et Espace/Transports plans directions/E/jeu-prepositionslieu - D E - j.pdf')
insert into NODE_DOCUMENT (NODE_id_node, DOCUMENT_id_doc) values (13,1010);
insert into DOCUMENT (id_doc,datepublication, typedoc, nom, chemin) values(1011,'2012-12-05','docx','prepo ville pays - E - ea','./Temps et Espace/Transports plans directions/E/prepo ville pays - E - ea.docx')
insert into NODE_DOCUMENT (NODE_id_node, DOCUMENT_id_doc) values (13,1011);
insert into DOCUMENT (id_doc,datepublication, typedoc, nom, chemin) values(1012,'2020-02-10','jpg','se-reperer-dans-paris - E A - ea','./Temps et Espace/Transports plans directions/E/se-reperer-dans-paris - E A - ea.jpg')
insert into NODE_DOCUMENT (NODE_id_node, DOCUMENT_id_doc) values (13,1012);
insert into DOCUMENT (id_doc,datepublication, typedoc, nom, chemin) values(1013,'2019-04-11','pdf','À ou chez - D E - fp','./Temps et Espace/Transports plans directions/E/À ou chez - D E - fp.pdf')
insert into NODE_DOCUMENT (NODE_id_node, DOCUMENT_id_doc) values (13,1013);
insert into DOCUMENT (id_doc,datepublication, typedoc, nom, chemin) values(1014,'2017-10-19','pdf','Plan SECTEUR 5 - DEA - i','./Temps et Espace/Transports plans directions/Plan SECTEUR 5 - DEA - i.pdf')
insert into NODE_DOCUMENT (NODE_id_node, DOCUMENT_id_doc) values (14,1014);
insert into DOCUMENT (id_doc,datepublication, typedoc, nom, chemin) values(1015,'2012-12-05','jpg','Plans évacuation - doc auth - D E A - da','./Temps et Espace/Transports plans directions/Plans évacuation - doc auth - D E A - da.jpg')
insert into NODE_DOCUMENT (NODE_id_node, DOCUMENT_id_doc) values (14,1015);
insert into DOCUMENT (id_doc,datepublication, typedoc, nom, chemin) values(1016,'2020-02-27','db','Thumbs','./Temps et Espace/Transports plans directions/Thumbs.db')
insert into NODE_DOCUMENT (NODE_id_node, DOCUMENT_id_doc) values (14,1016);
insert into NODE (id_node,name, parent_node_id) values (12,'Vie citoyenne',11);
insert into NODE (id_node,name, parent_node_id) values (12,'Citoyenneté Laïcité',11);
insert into NODE (id_node,name, parent_node_id) values (12,'A',11);
insert into DOCUMENT (id_doc,datepublication, typedoc, nom, chemin) values(1017,'2019-05-12','pdf','3 Livret du Citoyen simplifié et illustré - E A - fp','./Vie citoyenne/Citoyenneté Laïcité/A/3 Livret du Citoyen simplifié et illustré - E A - fp.pdf')
insert into NODE_DOCUMENT (NODE_id_node, DOCUMENT_id_doc) values (11,1017);
insert into DOCUMENT (id_doc,datepublication, typedoc, nom, chemin) values(1018,'2018-12-06','doc','Archipel Laïcité et fait religieux - E A - fp','./Vie citoyenne/Citoyenneté Laïcité/A/Archipel Laïcité et fait religieux - E A - fp.doc')
insert into NODE_DOCUMENT (NODE_id_node, DOCUMENT_id_doc) values (11,1018);
insert into DOCUMENT (id_doc,datepublication, typedoc, nom, chemin) values(1019,'2020-03-22','doc','Aux armes Gainsbourg - E A - ea','./Vie citoyenne/Citoyenneté Laïcité/A/Aux armes Gainsbourg - E A - ea.doc')
insert into NODE_DOCUMENT (NODE_id_node, DOCUMENT_id_doc) values (11,1019);
insert into DOCUMENT (id_doc,datepublication, typedoc, nom, chemin) values(1020,'2020-02-06','pdf','Charte droits et devoirs du citoyen français - E A - da','./Vie citoyenne/Citoyenneté Laïcité/A/Charte droits et devoirs du citoyen français - E A - da.pdf')
insert into NODE_DOCUMENT (NODE_id_node, DOCUMENT_id_doc) values (11,1020);
insert into DOCUMENT (id_doc,datepublication, typedoc, nom, chemin) values(1021,'2020-04-01','odt','Laïcité et fêtes laïques en France - E A - fp','./Vie citoyenne/Citoyenneté Laïcité/A/Laïcité et fêtes laïques en France - E A - fp.odt')
insert into NODE_DOCUMENT (NODE_id_node, DOCUMENT_id_doc) values (11,1021);
insert into DOCUMENT (id_doc,datepublication, typedoc, nom, chemin) values(1022,'2018-06-10','docx','Les Lumières- La devise républicaine - Marianne- Laïcité - A - fp','./Vie citoyenne/Citoyenneté Laïcité/A/Les Lumières- La devise républicaine - Marianne- Laïcité - A - fp.docx')
insert into NODE_DOCUMENT (NODE_id_node, DOCUMENT_id_doc) values (11,1022);
insert into DOCUMENT (id_doc,datepublication, typedoc, nom, chemin) values(1023,'2017-01-02','pdf','Livret-du-citoyen_doublepage_5mars2015- EA - da','./Vie citoyenne/Citoyenneté Laïcité/A/Livret-du-citoyen_doublepage_5mars2015- EA - da.pdf')
insert into NODE_DOCUMENT (NODE_id_node, DOCUMENT_id_doc) values (11,1023);
insert into DOCUMENT (id_doc,datepublication, typedoc, nom, chemin) values(1024,'2018-02-27','pdf','Livret-du-citoyen_pageapage_5mars2015 - EA- da','./Vie citoyenne/Citoyenneté Laïcité/A/Livret-du-citoyen_pageapage_5mars2015 - EA- da.pdf')
insert into NODE_DOCUMENT (NODE_id_node, DOCUMENT_id_doc) values (11,1024);
insert into DOCUMENT (id_doc,datepublication, typedoc, nom, chemin) values(1025,'2018-09-06','pdf','chartelaiciteàlécole - E A - da','./Vie citoyenne/Citoyenneté Laïcité/A/chartelaiciteàlécole - E A - da.pdf')
insert into NODE_DOCUMENT (NODE_id_node, DOCUMENT_id_doc) values (11,1025);
insert into DOCUMENT (id_doc,datepublication, typedoc, nom, chemin) values(1026,'2020-03-20','odt','journée de la femme images à décrire - E A - i','./Vie citoyenne/Citoyenneté Laïcité/A/journée de la femme images à décrire - E A - i.odt')
insert into NODE_DOCUMENT (NODE_id_node, DOCUMENT_id_doc) values (11,1026);
insert into DOCUMENT (id_doc,datepublication, typedoc, nom, chemin) values(1027,'2020-03-23','odt','livret laïcité ARCHIPEL - E A - fp','./Vie citoyenne/Citoyenneté Laïcité/A/livret laïcité ARCHIPEL - E A - fp.odt')
insert into NODE_DOCUMENT (NODE_id_node, DOCUMENT_id_doc) values (11,1027);
insert into NODE (id_node,name, parent_node_id) values (13,'E',12);
insert into DOCUMENT (id_doc,datepublication, typedoc, nom, chemin) values(1028,'2019-05-12','pdf','3 Livret du Citoyen simplifié et illustré - E A - fp','./Vie citoyenne/Citoyenneté Laïcité/E/3 Livret du Citoyen simplifié et illustré - E A - fp.pdf')
insert into NODE_DOCUMENT (NODE_id_node, DOCUMENT_id_doc) values (12,1028);
insert into DOCUMENT (id_doc,datepublication, typedoc, nom, chemin) values(1029,'2018-12-06','doc','Archipel Laïcité et fait religieux - E A - fp','./Vie citoyenne/Citoyenneté Laïcité/E/Archipel Laïcité et fait religieux - E A - fp.doc')
insert into NODE_DOCUMENT (NODE_id_node, DOCUMENT_id_doc) values (12,1029);
insert into DOCUMENT (id_doc,datepublication, typedoc, nom, chemin) values(1030,'2020-03-22','doc','Aux armes Gainsbourg - E A - ea','./Vie citoyenne/Citoyenneté Laïcité/E/Aux armes Gainsbourg - E A - ea.doc')
insert into NODE_DOCUMENT (NODE_id_node, DOCUMENT_id_doc) values (12,1030);
insert into DOCUMENT (id_doc,datepublication, typedoc, nom, chemin) values(1031,'2020-02-06','pdf','Charte droits et devoirs du citoyen français - E A - da','./Vie citoyenne/Citoyenneté Laïcité/E/Charte droits et devoirs du citoyen français - E A - da.pdf')
insert into NODE_DOCUMENT (NODE_id_node, DOCUMENT_id_doc) values (12,1031);
insert into DOCUMENT (id_doc,datepublication, typedoc, nom, chemin) values(1032,'2020-04-01','odt','Laïcité et fêtes laïques en France - E A - fp','./Vie citoyenne/Citoyenneté Laïcité/E/Laïcité et fêtes laïques en France - E A - fp.odt')
insert into NODE_DOCUMENT (NODE_id_node, DOCUMENT_id_doc) values (12,1032);
insert into DOCUMENT (id_doc,datepublication, typedoc, nom, chemin) values(1033,'2017-01-02','pdf','Livret-du-citoyen_doublepage_5mars2015- EA - da','./Vie citoyenne/Citoyenneté Laïcité/E/Livret-du-citoyen_doublepage_5mars2015- EA - da.pdf')
insert into NODE_DOCUMENT (NODE_id_node, DOCUMENT_id_doc) values (12,1033);
insert into DOCUMENT (id_doc,datepublication, typedoc, nom, chemin) values(1034,'2018-02-27','pdf','Livret-du-citoyen_pageapage_5mars2015 - EA- da','./Vie citoyenne/Citoyenneté Laïcité/E/Livret-du-citoyen_pageapage_5mars2015 - EA- da.pdf')
insert into NODE_DOCUMENT (NODE_id_node, DOCUMENT_id_doc) values (12,1034);
insert into DOCUMENT (id_doc,datepublication, typedoc, nom, chemin) values(1035,'2018-09-06','pdf','chartelaiciteàlécole - E A - da','./Vie citoyenne/Citoyenneté Laïcité/E/chartelaiciteàlécole - E A - da.pdf')
insert into NODE_DOCUMENT (NODE_id_node, DOCUMENT_id_doc) values (12,1035);
insert into DOCUMENT (id_doc,datepublication, typedoc, nom, chemin) values(1036,'2020-03-20','odt','journée de la femme images à décrire - E A - i','./Vie citoyenne/Citoyenneté Laïcité/E/journée de la femme images à décrire - E A - i.odt')
insert into NODE_DOCUMENT (NODE_id_node, DOCUMENT_id_doc) values (12,1036);
insert into DOCUMENT (id_doc,datepublication, typedoc, nom, chemin) values(1037,'2020-03-23','odt','livret laïcité ARCHIPEL - E A - fp','./Vie citoyenne/Citoyenneté Laïcité/E/livret laïcité ARCHIPEL - E A - fp.odt')
insert into NODE_DOCUMENT (NODE_id_node, DOCUMENT_id_doc) values (12,1037);
insert into DOCUMENT (id_doc,datepublication, typedoc, nom, chemin) values(1038,'2012-12-05','doc','la marseillaise 1ere partie - EA - t','./Vie citoyenne/Citoyenneté Laïcité/la marseillaise 1ere partie - EA - t.doc')
insert into NODE_DOCUMENT (NODE_id_node, DOCUMENT_id_doc) values (13,1038);
insert into NODE (id_node,name, parent_node_id) values (13,'Environnement',12);
insert into NODE (id_node,name, parent_node_id) values (13,'A',12);
insert into DOCUMENT (id_doc,datepublication, typedoc, nom, chemin) values(1039,'2020-03-19','odt','FLI environnement - A - fp','./Vie citoyenne/Environnement/A/FLI environnement - A - fp.odt')
insert into NODE_DOCUMENT (NODE_id_node, DOCUMENT_id_doc) values (12,1039);
insert into DOCUMENT (id_doc,datepublication, typedoc, nom, chemin) values(1040,'2020-03-19','odt','Ferrari environnement - A - fp','./Vie citoyenne/Environnement/A/Ferrari environnement - A - fp.odt')
insert into NODE_DOCUMENT (NODE_id_node, DOCUMENT_id_doc) values (12,1040);
insert into DOCUMENT (id_doc,datepublication, typedoc, nom, chemin) values(1041,'2020-03-31','odt','Poubelle C.O. - E A - ea','./Vie citoyenne/Environnement/A/Poubelle C.O. - E A - ea.odt')
insert into NODE_DOCUMENT (NODE_id_node, DOCUMENT_id_doc) values (12,1041);
insert into NODE (id_node,name, parent_node_id) values (14,'D',13);
insert into DOCUMENT (id_doc,datepublication, typedoc, nom, chemin) values(1042,'2020-03-19','odt','FLI environnement - D - fp','./Vie citoyenne/Environnement/D/FLI environnement - D - fp.odt')
insert into NODE_DOCUMENT (NODE_id_node, DOCUMENT_id_doc) values (13,1042);
insert into DOCUMENT (id_doc,datepublication, typedoc, nom, chemin) values(1043,'2020-03-19','odt','Ferrari L_environnement- fp - D','./Vie citoyenne/Environnement/D/Ferrari L_environnement- fp - D.odt')
insert into NODE_DOCUMENT (NODE_id_node, DOCUMENT_id_doc) values (13,1043);
insert into NODE (id_node,name, parent_node_id) values (15,'E',14);
insert into DOCUMENT (id_doc,datepublication, typedoc, nom, chemin) values(1044,'2020-03-19','odt','FLI environnement - E - fp','./Vie citoyenne/Environnement/E/FLI environnement - E - fp.odt')
insert into NODE_DOCUMENT (NODE_id_node, DOCUMENT_id_doc) values (14,1044);
insert into DOCUMENT (id_doc,datepublication, typedoc, nom, chemin) values(1045,'2020-03-19','odt','Ferrari environnement - E - fp','./Vie citoyenne/Environnement/E/Ferrari environnement - E - fp.odt')
insert into NODE_DOCUMENT (NODE_id_node, DOCUMENT_id_doc) values (14,1045);
insert into DOCUMENT (id_doc,datepublication, typedoc, nom, chemin) values(1046,'2020-03-31','odt','Poubelle C.O. - E A - ea','./Vie citoyenne/Environnement/E/Poubelle C.O. - E A - ea.odt')
insert into NODE_DOCUMENT (NODE_id_node, DOCUMENT_id_doc) values (14,1046);
insert into DOCUMENT (id_doc,datepublication, typedoc, nom, chemin) values(1047,'2020-03-18','txt','Les déchets - D - E - A - fp','./Vie citoyenne/Environnement/Les déchets - D - E - A - fp.txt')
insert into NODE_DOCUMENT (NODE_id_node, DOCUMENT_id_doc) values (15,1047);
insert into NODE (id_node,name, parent_node_id) values (14,'Institutions - Hist Géo',13);
insert into NODE (id_node,name, parent_node_id) values (14,'Histoire géographie de France',13);
insert into DOCUMENT (id_doc,datepublication, typedoc, nom, chemin) values(1048,'2020-03-19','odt','Ferrari régions etc - D - fp','./Vie citoyenne/Institutions - Hist Géo/Histoire géographie de France/Ferrari régions etc - D - fp.odt')
insert into NODE_DOCUMENT (NODE_id_node, DOCUMENT_id_doc) values (13,1048);
insert into DOCUMENT (id_doc,datepublication, typedoc, nom, chemin) values(1049,'2020-04-01','odt','Histoire de France - dates importantes - E A - fp','./Vie citoyenne/Institutions - Hist Géo/Histoire géographie de France/Histoire de France - dates importantes - E A - fp.odt')
insert into NODE_DOCUMENT (NODE_id_node, DOCUMENT_id_doc) values (13,1049);
insert into DOCUMENT (id_doc,datepublication, typedoc, nom, chemin) values(1050,'2018-03-05','pdf','Les frontieres de la France - E A - fp','./Vie citoyenne/Institutions - Hist Géo/Histoire géographie de France/Les frontieres de la France - E A - fp.pdf')
insert into NODE_DOCUMENT (NODE_id_node, DOCUMENT_id_doc) values (13,1050);
insert into NODE (id_node,name, parent_node_id) values (15,'Institutions vie politique',14);
insert into NODE (id_node,name, parent_node_id) values (15,'A',14);
insert into DOCUMENT (id_doc,datepublication, typedoc, nom, chemin) values(1051,'2018-06-10','docx','Constitution_1958 - A -da','./Vie citoyenne/Institutions - Hist Géo/Institutions vie politique/A/Constitution_1958 - A -da.docx')
insert into NODE_DOCUMENT (NODE_id_node, DOCUMENT_id_doc) values (14,1051);
insert into DOCUMENT (id_doc,datepublication, typedoc, nom, chemin) values(1052,'2018-06-10','docx','DDHC - A - da','./Vie citoyenne/Institutions - Hist Géo/Institutions vie politique/A/DDHC - A - da.docx')
insert into NODE_DOCUMENT (NODE_id_node, DOCUMENT_id_doc) values (14,1052);
insert into DOCUMENT (id_doc,datepublication, typedoc, nom, chemin) values(1053,'2020-03-19','odt','Ferrari La république - A - fp','./Vie citoyenne/Institutions - Hist Géo/Institutions vie politique/A/Ferrari La république - A - fp.odt')
insert into NODE_DOCUMENT (NODE_id_node, DOCUMENT_id_doc) values (14,1053);
insert into DOCUMENT (id_doc,datepublication, typedoc, nom, chemin) values(1054,'2018-03-05','ppt','Institutions-Elections - E A - fp','./Vie citoyenne/Institutions - Hist Géo/Institutions vie politique/A/Institutions-Elections - E A - fp.ppt')
insert into NODE_DOCUMENT (NODE_id_node, DOCUMENT_id_doc) values (14,1054);
insert into DOCUMENT (id_doc,datepublication, typedoc, nom, chemin) values(1055,'2012-12-05','doc','Les partis politiques 2007 - E A - fp','./Vie citoyenne/Institutions - Hist Géo/Institutions vie politique/A/Les partis politiques 2007 - E A - fp.doc')
insert into NODE_DOCUMENT (NODE_id_node, DOCUMENT_id_doc) values (14,1055);
insert into DOCUMENT (id_doc,datepublication, typedoc, nom, chemin) values(1056,'2016-05-30','docx','Préambule_constitution_1946 - E A - da','./Vie citoyenne/Institutions - Hist Géo/Institutions vie politique/A/Préambule_constitution_1946 - E A - da.docx')
insert into NODE_DOCUMENT (NODE_id_node, DOCUMENT_id_doc) values (14,1056);
insert into DOCUMENT (id_doc,datepublication, typedoc, nom, chemin) values(1057,'2020-03-20','doc','Système politique français - E A - i','./Vie citoyenne/Institutions - Hist Géo/Institutions vie politique/A/Système politique français - E A - i.doc')
insert into NODE_DOCUMENT (NODE_id_node, DOCUMENT_id_doc) values (14,1057);
insert into DOCUMENT (id_doc,datepublication, typedoc, nom, chemin) values(1058,'2012-12-05','doc','drapeau - A - fp','./Vie citoyenne/Institutions - Hist Géo/Institutions vie politique/A/drapeau - A - fp.doc')
insert into NODE_DOCUMENT (NODE_id_node, DOCUMENT_id_doc) values (14,1058);
insert into DOCUMENT (id_doc,datepublication, typedoc, nom, chemin) values(1059,'2012-12-05','doc','la marseillaise 1ere partie - EA - t','./Vie citoyenne/Institutions - Hist Géo/Institutions vie politique/A/la marseillaise 1ere partie - EA - t.doc')
insert into NODE_DOCUMENT (NODE_id_node, DOCUMENT_id_doc) values (14,1059);
insert into NODE (id_node,name, parent_node_id) values (16,'D',15);
insert into DOCUMENT (id_doc,datepublication, typedoc, nom, chemin) values(1060,'2012-12-05','pdf','Fiche péda-REPUBLIQUE-D - fp','./Vie citoyenne/Institutions - Hist Géo/Institutions vie politique/D/Fiche péda-REPUBLIQUE-D - fp.pdf')
insert into NODE_DOCUMENT (NODE_id_node, DOCUMENT_id_doc) values (15,1060);
insert into NODE (id_node,name, parent_node_id) values (17,'E',16);
insert into DOCUMENT (id_doc,datepublication, typedoc, nom, chemin) values(1061,'2020-03-19','odt','Ferrari La république - E- fp','./Vie citoyenne/Institutions - Hist Géo/Institutions vie politique/E/Ferrari La république - E- fp.odt')
insert into NODE_DOCUMENT (NODE_id_node, DOCUMENT_id_doc) values (16,1061);
insert into DOCUMENT (id_doc,datepublication, typedoc, nom, chemin) values(1062,'2020-03-19','odt','Ferrari la République 2 - E- fp','./Vie citoyenne/Institutions - Hist Géo/Institutions vie politique/E/Ferrari la République 2 - E- fp.odt')
insert into NODE_DOCUMENT (NODE_id_node, DOCUMENT_id_doc) values (16,1062);
insert into DOCUMENT (id_doc,datepublication, typedoc, nom, chemin) values(1063,'2012-12-05','pdf','Fiche péda REPUBLIQUE-E - fp','./Vie citoyenne/Institutions - Hist Géo/Institutions vie politique/E/Fiche péda REPUBLIQUE-E - fp.pdf')
insert into NODE_DOCUMENT (NODE_id_node, DOCUMENT_id_doc) values (16,1063);
insert into DOCUMENT (id_doc,datepublication, typedoc, nom, chemin) values(1064,'2018-03-05','ppt','Institutions-Elections - E A - fp','./Vie citoyenne/Institutions - Hist Géo/Institutions vie politique/E/Institutions-Elections - E A - fp.ppt')
insert into NODE_DOCUMENT (NODE_id_node, DOCUMENT_id_doc) values (16,1064);
insert into DOCUMENT (id_doc,datepublication, typedoc, nom, chemin) values(1065,'2012-12-05','doc','Les partis politiques 2007 - E A - fp','./Vie citoyenne/Institutions - Hist Géo/Institutions vie politique/E/Les partis politiques 2007 - E A - fp.doc')
insert into NODE_DOCUMENT (NODE_id_node, DOCUMENT_id_doc) values (16,1065);
insert into DOCUMENT (id_doc,datepublication, typedoc, nom, chemin) values(1066,'2016-05-30','docx','Préambule_constitution_1946 - E A - da','./Vie citoyenne/Institutions - Hist Géo/Institutions vie politique/E/Préambule_constitution_1946 - E A - da.docx')
insert into NODE_DOCUMENT (NODE_id_node, DOCUMENT_id_doc) values (16,1066);
insert into DOCUMENT (id_doc,datepublication, typedoc, nom, chemin) values(1067,'2020-03-20','doc','Système politique français - E A - i','./Vie citoyenne/Institutions - Hist Géo/Institutions vie politique/E/Système politique français - E A - i.doc')
insert into NODE_DOCUMENT (NODE_id_node, DOCUMENT_id_doc) values (16,1067);
insert into DOCUMENT (id_doc,datepublication, typedoc, nom, chemin) values(1068,'2012-12-05','doc','la marseillaise 1ere partie - EA - t','./Vie citoyenne/Institutions - Hist Géo/Institutions vie politique/E/la marseillaise 1ere partie - EA - t.doc')
insert into NODE_DOCUMENT (NODE_id_node, DOCUMENT_id_doc) values (16,1068);
insert into DOCUMENT (id_doc,datepublication, typedoc, nom, chemin) values(1069,'2019-04-08','doc','Quizz_ Institutions _ Histoire_questions-EVAL - E A - ea','./Vie citoyenne/Institutions - Hist Géo/Quizz_ Institutions _ Histoire_questions-EVAL - E A - ea.doc')
insert into NODE_DOCUMENT (NODE_id_node, DOCUMENT_id_doc) values (15,1069);
insert into DOCUMENT (id_doc,datepublication, typedoc, nom, chemin) values(1070,'2020-01-19','doc','Quizz_ Institutions _ Histoire_questions-EVAL et réponses - E A - ea','./Vie citoyenne/Institutions - Hist Géo/Quizz_ Institutions _ Histoire_questions-EVAL et réponses - E A - ea.doc')
insert into NODE_DOCUMENT (NODE_id_node, DOCUMENT_id_doc) values (15,1070);
insert into NODE (id_node,name, parent_node_id) values (15,'Naturalisation',14);
insert into DOCUMENT (id_doc,datepublication, typedoc, nom, chemin) values(1071,'2018-03-28','pdf','ANF- refus naturalisation_1 - da (1)','./Vie citoyenne/Naturalisation/ANF- refus naturalisation_1 - da (1).pdf')
insert into NODE_DOCUMENT (NODE_id_node, DOCUMENT_id_doc) values (14,1071);
insert into DOCUMENT (id_doc,datepublication, typedoc, nom, chemin) values(1072,'2018-03-28','pdf','ANF- refus naturalisation_1 - da (2)','./Vie citoyenne/Naturalisation/ANF- refus naturalisation_1 - da (2).pdf')
insert into NODE_DOCUMENT (NODE_id_node, DOCUMENT_id_doc) values (14,1072);
insert into DOCUMENT (id_doc,datepublication, typedoc, nom, chemin) values(1073,'2018-03-28','pdf','ANF- refus naturalisation_1 - da (3)','./Vie citoyenne/Naturalisation/ANF- refus naturalisation_1 - da (3).pdf')
insert into NODE_DOCUMENT (NODE_id_node, DOCUMENT_id_doc) values (14,1073);
insert into DOCUMENT (id_doc,datepublication, typedoc, nom, chemin) values(1074,'2018-01-17','docx','CENTRES - TCF','./Vie citoyenne/Naturalisation/CENTRES - TCF.docx')
insert into NODE_DOCUMENT (NODE_id_node, DOCUMENT_id_doc) values (14,1074);
insert into DOCUMENT (id_doc,datepublication, typedoc, nom, chemin) values(1075,'2020-02-06','pdf','Charte droits et devoirs du citoyen français','./Vie citoyenne/Naturalisation/Charte droits et devoirs du citoyen français.pdf')
insert into NODE_DOCUMENT (NODE_id_node, DOCUMENT_id_doc) values (14,1075);
insert into DOCUMENT (id_doc,datepublication, typedoc, nom, chemin) values(1076,'2019-05-12','pdf','Livret du Citoyen simplifié et illustré - E A - fp','./Vie citoyenne/Naturalisation/Livret du Citoyen simplifié et illustré - E A - fp.pdf')
insert into NODE_DOCUMENT (NODE_id_node, DOCUMENT_id_doc) values (14,1076);
insert into DOCUMENT (id_doc,datepublication, typedoc, nom, chemin) values(1077,'2017-01-02','pdf','Livret-du-citoyen_doublepage_5mars2015 - E A - fp','./Vie citoyenne/Naturalisation/Livret-du-citoyen_doublepage_5mars2015 - E A - fp.pdf')
insert into NODE_DOCUMENT (NODE_id_node, DOCUMENT_id_doc) values (14,1077);
insert into DOCUMENT (id_doc,datepublication, typedoc, nom, chemin) values(1078,'2018-02-27','pdf','Livret-du-citoyen_pageapage_5mars2015 - EA - fp','./Vie citoyenne/Naturalisation/Livret-du-citoyen_pageapage_5mars2015 - EA - fp.pdf')
insert into NODE_DOCUMENT (NODE_id_node, DOCUMENT_id_doc) values (14,1078);
insert into DOCUMENT (id_doc,datepublication, typedoc, nom, chemin) values(1079,'2015-09-29','docx','TCF NATURALISATION','./Vie citoyenne/Naturalisation/TCF NATURALISATION.docx')
insert into NODE_DOCUMENT (NODE_id_node, DOCUMENT_id_doc) values (14,1079);
insert into DOCUMENT (id_doc,datepublication, typedoc, nom, chemin) values(1080,'2017-01-16','ppt','TCF-ANF','./Vie citoyenne/Naturalisation/TCF-ANF.ppt')
insert into NODE_DOCUMENT (NODE_id_node, DOCUMENT_id_doc) values (14,1080);
insert into DOCUMENT (id_doc,datepublication, typedoc, nom, chemin) values(1081,'2018-12-13','pdf','TCF1','./Vie citoyenne/Naturalisation/TCF1.pdf')
insert into NODE_DOCUMENT (NODE_id_node, DOCUMENT_id_doc) values (14,1081);
insert into DOCUMENT (id_doc,datepublication, typedoc, nom, chemin) values(1082,'2018-12-13','pdf','TCF2','./Vie citoyenne/Naturalisation/TCF2.pdf')
insert into NODE_DOCUMENT (NODE_id_node, DOCUMENT_id_doc) values (14,1082);
insert into DOCUMENT (id_doc,datepublication, typedoc, nom, chemin) values(1083,'2018-12-13','pdf','TCF3','./Vie citoyenne/Naturalisation/TCF3.pdf')
insert into NODE_DOCUMENT (NODE_id_node, DOCUMENT_id_doc) values (14,1083);
insert into DOCUMENT (id_doc,datepublication, typedoc, nom, chemin) values(1084,'2018-12-13','pdf','TCF4','./Vie citoyenne/Naturalisation/TCF4.pdf')
insert into NODE_DOCUMENT (NODE_id_node, DOCUMENT_id_doc) values (14,1084);
insert into DOCUMENT (id_doc,datepublication, typedoc, nom, chemin) values(1085,'2018-12-13','pdf','TCF5','./Vie citoyenne/Naturalisation/TCF5.pdf')
insert into NODE_DOCUMENT (NODE_id_node, DOCUMENT_id_doc) values (14,1085);
insert into DOCUMENT (id_doc,datepublication, typedoc, nom, chemin) values(1086,'2018-12-13','pdf','TCF6','./Vie citoyenne/Naturalisation/TCF6.pdf')
insert into NODE_DOCUMENT (NODE_id_node, DOCUMENT_id_doc) values (14,1086);
insert into DOCUMENT (id_doc,datepublication, typedoc, nom, chemin) values(1087,'2018-12-13','pdf','TCF7','./Vie citoyenne/Naturalisation/TCF7.pdf')
insert into NODE_DOCUMENT (NODE_id_node, DOCUMENT_id_doc) values (14,1087);
insert into DOCUMENT (id_doc,datepublication, typedoc, nom, chemin) values(1088,'2017-10-02','pdf','TCF_test blanc_1A','./Vie citoyenne/Naturalisation/TCF_test blanc_1A.pdf')
insert into NODE_DOCUMENT (NODE_id_node, DOCUMENT_id_doc) values (14,1088);
insert into DOCUMENT (id_doc,datepublication, typedoc, nom, chemin) values(1089,'2017-10-02','pdf','TCF_test blanc_1B','./Vie citoyenne/Naturalisation/TCF_test blanc_1B.pdf')
insert into NODE_DOCUMENT (NODE_id_node, DOCUMENT_id_doc) values (14,1089);
insert into DOCUMENT (id_doc,datepublication, typedoc, nom, chemin) values(1090,'2020-04-29','sql','document','./document.sql')
insert into NODE_DOCUMENT (NODE_id_node, DOCUMENT_id_doc) values (12,1090);
insert into DOCUMENT (id_doc,datepublication, typedoc, nom, chemin) values(1091,'2020-04-29','sql','node','./node.sql')
insert into NODE_DOCUMENT (NODE_id_node, DOCUMENT_id_doc) values (12,1091);
insert into DOCUMENT (id_doc,datepublication, typedoc, nom, chemin) values(1092,'2020-04-29','sql','node_document','./node_document.sql')
insert into NODE_DOCUMENT (NODE_id_node, DOCUMENT_id_doc) values (12,1092);
insert into DOCUMENT (id_doc,datepublication, typedoc, nom, chemin) values(1093,'2020-04-29','php','scan.php','./scan.php.php')
insert into NODE_DOCUMENT (NODE_id_node, DOCUMENT_id_doc) values (12,1093);
insert into NODE (id_node,name, parent_node_id) values (13,'vie quotidienne',12);
insert into NODE (id_node,name, parent_node_id) values (13,'Chiffres et nombres',12);
insert into NODE (id_node,name, parent_node_id) values (13,'A',12);
insert into DOCUMENT (id_doc,datepublication, typedoc, nom, chemin) values(1094,'2013-11-13','pdf','Nb en lettres + exos calcul - E A - fp','./vie quotidienne/Chiffres et nombres/A/Nb en lettres + exos calcul - E A - fp.pdf')
insert into NODE_DOCUMENT (NODE_id_node, DOCUMENT_id_doc) values (12,1094);
insert into DOCUMENT (id_doc,datepublication, typedoc, nom, chemin) values(1095,'2013-11-13','pdf','Nb en lettres + exos calcul CAHIER DU PROF - E A - fp','./vie quotidienne/Chiffres et nombres/A/Nb en lettres + exos calcul CAHIER DU PROF - E A - fp.pdf')
insert into NODE_DOCUMENT (NODE_id_node, DOCUMENT_id_doc) values (12,1095);
insert into DOCUMENT (id_doc,datepublication, typedoc, nom, chemin) values(1096,'2020-04-01','doc','Régles d_écriture des nombres - E A - fp','./vie quotidienne/Chiffres et nombres/A/Régles d_écriture des nombres - E A - fp.doc')
insert into NODE_DOCUMENT (NODE_id_node, DOCUMENT_id_doc) values (12,1096);
insert into NODE (id_node,name, parent_node_id) values (14,'D',13);
insert into DOCUMENT (id_doc,datepublication, typedoc, nom, chemin) values(1097,'2020-04-01','docx','Chiffres 0 à 10 - ALPHA D - fp','./vie quotidienne/Chiffres et nombres/D/Chiffres 0 à 10 - ALPHA D - fp.docx')
insert into NODE_DOCUMENT (NODE_id_node, DOCUMENT_id_doc) values (13,1097);
insert into DOCUMENT (id_doc,datepublication, typedoc, nom, chemin) values(1098,'2013-11-13','pdf','Nb en lettres + exos calcul - D E A - fp','./vie quotidienne/Chiffres et nombres/D/Nb en lettres + exos calcul - D E A - fp.pdf')
insert into NODE_DOCUMENT (NODE_id_node, DOCUMENT_id_doc) values (13,1098);
insert into DOCUMENT (id_doc,datepublication, typedoc, nom, chemin) values(1099,'2013-11-13','pdf','Nb en lettres + exos calcul CAHIER DU PROF - D VE A - fp','./vie quotidienne/Chiffres et nombres/D/Nb en lettres + exos calcul CAHIER DU PROF - D VE A - fp.pdf')
insert into NODE_DOCUMENT (NODE_id_node, DOCUMENT_id_doc) values (13,1099);
insert into DOCUMENT (id_doc,datepublication, typedoc, nom, chemin) values(1100,'2018-05-23','pdf','loto - D E - j','./vie quotidienne/Chiffres et nombres/D/loto - D E - j.pdf')
insert into NODE_DOCUMENT (NODE_id_node, DOCUMENT_id_doc) values (13,1100);
insert into NODE (id_node,name, parent_node_id) values (15,'E',14);
insert into DOCUMENT (id_doc,datepublication, typedoc, nom, chemin) values(1101,'2013-11-13','pdf','Nb en lettres + exos calcul - D E A - fp','./vie quotidienne/Chiffres et nombres/E/Nb en lettres + exos calcul - D E A - fp.pdf')
insert into NODE_DOCUMENT (NODE_id_node, DOCUMENT_id_doc) values (14,1101);
insert into DOCUMENT (id_doc,datepublication, typedoc, nom, chemin) values(1102,'2013-11-13','pdf','Nb en lettres + exos calcul CAHIER DU PROF - D VE A - fp','./vie quotidienne/Chiffres et nombres/E/Nb en lettres + exos calcul CAHIER DU PROF - D VE A - fp.pdf')
insert into NODE_DOCUMENT (NODE_id_node, DOCUMENT_id_doc) values (14,1102);
insert into DOCUMENT (id_doc,datepublication, typedoc, nom, chemin) values(1103,'2020-04-01','doc','Régles d_écriture des nombres - E A - fp','./vie quotidienne/Chiffres et nombres/E/Régles d_écriture des nombres - E A - fp.doc')
insert into NODE_DOCUMENT (NODE_id_node, DOCUMENT_id_doc) values (14,1103);
insert into DOCUMENT (id_doc,datepublication, typedoc, nom, chemin) values(1104,'2018-05-23','pdf','loto - D E - j','./vie quotidienne/Chiffres et nombres/E/loto - D E - j.pdf')
insert into NODE_DOCUMENT (NODE_id_node, DOCUMENT_id_doc) values (14,1104);
insert into DOCUMENT (id_doc,datepublication, typedoc, nom, chemin) values(1105,'2018-05-23','pdf','Fiche Chèques activités tous niveaux - D E A - ea','./vie quotidienne/Chiffres et nombres/Fiche Chèques activités tous niveaux - D E A - ea.pdf')
insert into NODE_DOCUMENT (NODE_id_node, DOCUMENT_id_doc) values (15,1105);
insert into DOCUMENT (id_doc,datepublication, typedoc, nom, chemin) values(1106,'2013-11-13','pdf','exercices de calcul - ALPHA D E A - ea','./vie quotidienne/Chiffres et nombres/exercices de calcul - ALPHA D E A - ea.pdf')
insert into NODE_DOCUMENT (NODE_id_node, DOCUMENT_id_doc) values (15,1106);
insert into NODE (id_node,name, parent_node_id) values (14,'Ecole',13);
insert into NODE (id_node,name, parent_node_id) values (14,'A',13);
insert into DOCUMENT (id_doc,datepublication, typedoc, nom, chemin) values(1107,'2020-03-19','odt','CARLI Ecole A2 - A - fp','./vie quotidienne/Ecole/A/CARLI Ecole A2 - A - fp.odt')
insert into NODE_DOCUMENT (NODE_id_node, DOCUMENT_id_doc) values (13,1107);
insert into DOCUMENT (id_doc,datepublication, typedoc, nom, chemin) values(1108,'2018-07-03','docx','Exemples Mots du Cahier de liaison - E A - da','./vie quotidienne/Ecole/A/Exemples Mots du Cahier de liaison - E A - da.docx')
insert into NODE_DOCUMENT (NODE_id_node, DOCUMENT_id_doc) values (13,1108);
insert into DOCUMENT (id_doc,datepublication, typedoc, nom, chemin) values(1109,'2020-03-19','odt','Ferrari l_école - A- fp','./vie quotidienne/Ecole/A/Ferrari l_école - A- fp.odt')
insert into NODE_DOCUMENT (NODE_id_node, DOCUMENT_id_doc) values (13,1109);
insert into DOCUMENT (id_doc,datepublication, typedoc, nom, chemin) values(1110,'2020-03-19','odt','Ferrari valeurs de l_école - A - fp','./vie quotidienne/Ecole/A/Ferrari valeurs de l_école - A - fp.odt')
insert into NODE_DOCUMENT (NODE_id_node, DOCUMENT_id_doc) values (13,1110);
insert into DOCUMENT (id_doc,datepublication, typedoc, nom, chemin) values(1111,'2018-05-29','pdf','La scolarité en France - E A - fp','./vie quotidienne/Ecole/A/La scolarité en France - E A - fp.pdf')
insert into NODE_DOCUMENT (NODE_id_node, DOCUMENT_id_doc) values (13,1111);
insert into NODE (id_node,name, parent_node_id) values (15,'D',14);
insert into DOCUMENT (id_doc,datepublication, typedoc, nom, chemin) values(1112,'2020-03-19','odt','CARLI Ecole A1.1 - D - fp','./vie quotidienne/Ecole/D/CARLI Ecole A1.1 - D - fp.odt')
insert into NODE_DOCUMENT (NODE_id_node, DOCUMENT_id_doc) values (14,1112);
insert into DOCUMENT (id_doc,datepublication, typedoc, nom, chemin) values(1113,'2020-03-18','odt','Ferrari l_école - D- fp','./vie quotidienne/Ecole/D/Ferrari l_école - D- fp.odt')
insert into NODE_DOCUMENT (NODE_id_node, DOCUMENT_id_doc) values (14,1113);
insert into DOCUMENT (id_doc,datepublication, typedoc, nom, chemin) values(1114,'2020-03-19','odt','Ferrari l_école 2 - D- fp','./vie quotidienne/Ecole/D/Ferrari l_école 2 - D- fp.odt')
insert into NODE_DOCUMENT (NODE_id_node, DOCUMENT_id_doc) values (14,1114);
insert into DOCUMENT (id_doc,datepublication, typedoc, nom, chemin) values(1115,'2020-03-18','odt','L_école - D E- fp','./vie quotidienne/Ecole/D/L_école - D E- fp.odt')
insert into NODE_DOCUMENT (NODE_id_node, DOCUMENT_id_doc) values (14,1115);
insert into NODE (id_node,name, parent_node_id) values (16,'E',15);
insert into DOCUMENT (id_doc,datepublication, typedoc, nom, chemin) values(1116,'2020-03-19','odt','CARLI Ecole A1 - E - fp','./vie quotidienne/Ecole/E/CARLI Ecole A1 - E - fp.odt')
insert into NODE_DOCUMENT (NODE_id_node, DOCUMENT_id_doc) values (15,1116);
insert into DOCUMENT (id_doc,datepublication, typedoc, nom, chemin) values(1117,'2018-07-03','docx','Exemples Mots du Cahier de liaison - E A - da','./vie quotidienne/Ecole/E/Exemples Mots du Cahier de liaison - E A - da.docx')
insert into NODE_DOCUMENT (NODE_id_node, DOCUMENT_id_doc) values (15,1117);
insert into DOCUMENT (id_doc,datepublication, typedoc, nom, chemin) values(1118,'2020-03-19','odt','Ferrari l_école - E - fp','./vie quotidienne/Ecole/E/Ferrari l_école - E - fp.odt')
insert into NODE_DOCUMENT (NODE_id_node, DOCUMENT_id_doc) values (15,1118);
insert into DOCUMENT (id_doc,datepublication, typedoc, nom, chemin) values(1119,'2020-03-19','odt','Ferrari valeurs de l_école - E - fp','./vie quotidienne/Ecole/E/Ferrari valeurs de l_école - E - fp.odt')
insert into NODE_DOCUMENT (NODE_id_node, DOCUMENT_id_doc) values (15,1119);
insert into DOCUMENT (id_doc,datepublication, typedoc, nom, chemin) values(1120,'2020-03-18','odt','L_école - D E- fp','./vie quotidienne/Ecole/E/L_école - D E- fp.odt')
insert into NODE_DOCUMENT (NODE_id_node, DOCUMENT_id_doc) values (15,1120);
insert into DOCUMENT (id_doc,datepublication, typedoc, nom, chemin) values(1121,'2018-05-29','pdf','La scolarité en France - E A - fp','./vie quotidienne/Ecole/E/La scolarité en France - E A - fp.pdf')
insert into NODE_DOCUMENT (NODE_id_node, DOCUMENT_id_doc) values (15,1121);
insert into DOCUMENT (id_doc,datepublication, typedoc, nom, chemin) values(1122,'2019-05-12','pdf','L_école en France - Français-arabe - DEA - fp','./vie quotidienne/Ecole/L_école en France - Français-arabe - DEA - fp.pdf')
insert into NODE_DOCUMENT (NODE_id_node, DOCUMENT_id_doc) values (16,1122);
insert into DOCUMENT (id_doc,datepublication, typedoc, nom, chemin) values(1123,'2019-12-05','pptx','REFERENTIEL.ECOLEOUVERTEAUXPARENTS.2ND DEGRE - D E A - fp ea','./vie quotidienne/Ecole/REFERENTIEL.ECOLEOUVERTEAUXPARENTS.2ND DEGRE - D E A - fp ea.pptx')
insert into NODE_DOCUMENT (NODE_id_node, DOCUMENT_id_doc) values (16,1123);
insert into DOCUMENT (id_doc,datepublication, typedoc, nom, chemin) values(1124,'2018-05-29','pdf','activite_eval_besoins_ecole','./vie quotidienne/Ecole/activite_eval_besoins_ecole.pdf')
insert into NODE_DOCUMENT (NODE_id_node, DOCUMENT_id_doc) values (16,1124);
insert into DOCUMENT (id_doc,datepublication, typedoc, nom, chemin) values(1125,'2018-05-28','pdf','systemes scolaires dans le monde - DEA - fp','./vie quotidienne/Ecole/systemes scolaires dans le monde - DEA - fp.pdf')
insert into NODE_DOCUMENT (NODE_id_node, DOCUMENT_id_doc) values (16,1125);
insert into NODE (id_node,name, parent_node_id) values (15,'La banque - l_argent',14);
insert into NODE (id_node,name, parent_node_id) values (15,'A',14);
insert into DOCUMENT (id_doc,datepublication, typedoc, nom, chemin) values(1126,'2020-04-01','odt','CARLI Banque et services bancaires - A - fp','./vie quotidienne/La banque - l_argent/A/CARLI Banque et services bancaires - A - fp.odt')
insert into NODE_DOCUMENT (NODE_id_node, DOCUMENT_id_doc) values (14,1126);
insert into DOCUMENT (id_doc,datepublication, typedoc, nom, chemin) values(1127,'2020-04-01','odt','CARLI Services banacaires - fiche d_activité - E A - fp','./vie quotidienne/La banque - l_argent/A/CARLI Services banacaires - fiche d_activité - E A - fp.odt')
insert into NODE_DOCUMENT (NODE_id_node, DOCUMENT_id_doc) values (14,1127);
insert into DOCUMENT (id_doc,datepublication, typedoc, nom, chemin) values(1128,'2020-03-19','odt','Ferrari La banque -A - fp','./vie quotidienne/La banque - l_argent/A/Ferrari La banque -A - fp.odt')
insert into NODE_DOCUMENT (NODE_id_node, DOCUMENT_id_doc) values (14,1128);
insert into NODE (id_node,name, parent_node_id) values (16,'D',15);
insert into DOCUMENT (id_doc,datepublication, typedoc, nom, chemin) values(1129,'2020-04-01','odt','CARLI Banque et services bancaires - D - fp','./vie quotidienne/La banque - l_argent/D/CARLI Banque et services bancaires - D - fp.odt')
insert into NODE_DOCUMENT (NODE_id_node, DOCUMENT_id_doc) values (15,1129);
insert into DOCUMENT (id_doc,datepublication, typedoc, nom, chemin) values(1130,'2012-12-05','pdf','DP-BUDGET-D -E - fp','./vie quotidienne/La banque - l_argent/D/DP-BUDGET-D -E - fp.pdf')
insert into NODE_DOCUMENT (NODE_id_node, DOCUMENT_id_doc) values (15,1130);
insert into DOCUMENT (id_doc,datepublication, typedoc, nom, chemin) values(1131,'2012-12-05','pdf','DP-SERVICES-BANCAIRES-D - fp','./vie quotidienne/La banque - l_argent/D/DP-SERVICES-BANCAIRES-D - fp.pdf')
insert into NODE_DOCUMENT (NODE_id_node, DOCUMENT_id_doc) values (15,1131);
insert into DOCUMENT (id_doc,datepublication, typedoc, nom, chemin) values(1132,'2020-03-19','odt','Ferrari La banque -D - fp','./vie quotidienne/La banque - l_argent/D/Ferrari La banque -D - fp.odt')
insert into NODE_DOCUMENT (NODE_id_node, DOCUMENT_id_doc) values (15,1132);
insert into DOCUMENT (id_doc,datepublication, typedoc, nom, chemin) values(1133,'2020-03-17','odt','LA banque D-E','./vie quotidienne/La banque - l_argent/D/LA banque D-E.odt')
insert into NODE_DOCUMENT (NODE_id_node, DOCUMENT_id_doc) values (15,1133);
insert into DOCUMENT (id_doc,datepublication, typedoc, nom, chemin) values(1134,'2020-03-18','odt','La banque - fp -D E','./vie quotidienne/La banque - l_argent/D/La banque - fp -D E.odt')
insert into NODE_DOCUMENT (NODE_id_node, DOCUMENT_id_doc) values (15,1134);
insert into NODE (id_node,name, parent_node_id) values (17,'E',16);
insert into DOCUMENT (id_doc,datepublication, typedoc, nom, chemin) values(1135,'2020-04-01','odt','CARLI Banque et services bancaires - E - fp','./vie quotidienne/La banque - l_argent/E/CARLI Banque et services bancaires - E - fp.odt')
insert into NODE_DOCUMENT (NODE_id_node, DOCUMENT_id_doc) values (16,1135);
insert into DOCUMENT (id_doc,datepublication, typedoc, nom, chemin) values(1136,'2020-04-01','odt','CARLI Services banacaires - fiche d_activité - E A - fp','./vie quotidienne/La banque - l_argent/E/CARLI Services banacaires - fiche d_activité - E A - fp.odt')
insert into NODE_DOCUMENT (NODE_id_node, DOCUMENT_id_doc) values (16,1136);
insert into DOCUMENT (id_doc,datepublication, typedoc, nom, chemin) values(1137,'2012-12-05','pdf','DP-BUDGET-D -E - fp','./vie quotidienne/La banque - l_argent/E/DP-BUDGET-D -E - fp.pdf')
insert into NODE_DOCUMENT (NODE_id_node, DOCUMENT_id_doc) values (16,1137);
insert into DOCUMENT (id_doc,datepublication, typedoc, nom, chemin) values(1138,'2012-12-05','pdf','DP-SERVICES-BANCAIRES-E -fp','./vie quotidienne/La banque - l_argent/E/DP-SERVICES-BANCAIRES-E -fp.pdf')
insert into NODE_DOCUMENT (NODE_id_node, DOCUMENT_id_doc) values (16,1138);
insert into DOCUMENT (id_doc,datepublication, typedoc, nom, chemin) values(1139,'2020-03-19','odt','Ferrari La banque -E - fp','./vie quotidienne/La banque - l_argent/E/Ferrari La banque -E - fp.odt')
insert into NODE_DOCUMENT (NODE_id_node, DOCUMENT_id_doc) values (16,1139);
insert into DOCUMENT (id_doc,datepublication, typedoc, nom, chemin) values(1140,'2020-03-17','odt','LA banque D-E','./vie quotidienne/La banque - l_argent/E/LA banque D-E.odt')
insert into NODE_DOCUMENT (NODE_id_node, DOCUMENT_id_doc) values (16,1140);
insert into DOCUMENT (id_doc,datepublication, typedoc, nom, chemin) values(1141,'2020-03-18','odt','La banque - fp -D E','./vie quotidienne/La banque - l_argent/E/La banque - fp -D E.odt')
insert into NODE_DOCUMENT (NODE_id_node, DOCUMENT_id_doc) values (16,1141);
insert into NODE (id_node,name, parent_node_id) values (16,'La poste - le courrier',15);
insert into NODE (id_node,name, parent_node_id) values (16,'A',15);
insert into DOCUMENT (id_doc,datepublication, typedoc, nom, chemin) values(1142,'2020-04-01','odt','CARLI La Poste - A- fp','./vie quotidienne/La poste - le courrier/A/CARLI La Poste - A- fp.odt')
insert into NODE_DOCUMENT (NODE_id_node, DOCUMENT_id_doc) values (15,1142);
insert into DOCUMENT (id_doc,datepublication, typedoc, nom, chemin) values(1143,'2020-03-19','odt','Ferrari la poste - A - fp','./vie quotidienne/La poste - le courrier/A/Ferrari la poste - A - fp.odt')
insert into NODE_DOCUMENT (NODE_id_node, DOCUMENT_id_doc) values (15,1143);
insert into NODE (id_node,name, parent_node_id) values (17,'D',16);
insert into DOCUMENT (id_doc,datepublication, typedoc, nom, chemin) values(1144,'2020-04-01','odt','CARLI La Poste - D- fp','./vie quotidienne/La poste - le courrier/D/CARLI La Poste - D- fp.odt')
insert into NODE_DOCUMENT (NODE_id_node, DOCUMENT_id_doc) values (16,1144);
insert into DOCUMENT (id_doc,datepublication, typedoc, nom, chemin) values(1145,'2020-04-01','odt','CARLI La Poste - Fiche d_activité - D E- fp','./vie quotidienne/La poste - le courrier/D/CARLI La Poste - Fiche d_activité - D E- fp.odt')
insert into NODE_DOCUMENT (NODE_id_node, DOCUMENT_id_doc) values (16,1145);
insert into DOCUMENT (id_doc,datepublication, typedoc, nom, chemin) values(1146,'2020-03-19','odt','Ferrari la poste - D- fp','./vie quotidienne/La poste - le courrier/D/Ferrari la poste - D- fp.odt')
insert into NODE_DOCUMENT (NODE_id_node, DOCUMENT_id_doc) values (16,1146);
insert into DOCUMENT (id_doc,datepublication, typedoc, nom, chemin) values(1147,'2020-03-18','odt','La poste - fp - D-E','./vie quotidienne/La poste - le courrier/D/La poste - fp - D-E.odt')
insert into NODE_DOCUMENT (NODE_id_node, DOCUMENT_id_doc) values (16,1147);
insert into DOCUMENT (id_doc,datepublication, typedoc, nom, chemin) values(1148,'2020-03-17','odt','Le courrier D-E','./vie quotidienne/La poste - le courrier/D/Le courrier D-E.odt')
insert into NODE_DOCUMENT (NODE_id_node, DOCUMENT_id_doc) values (16,1148);
insert into NODE (id_node,name, parent_node_id) values (18,'E',17);
insert into DOCUMENT (id_doc,datepublication, typedoc, nom, chemin) values(1149,'2020-04-01','odt','CARLI La Poste - E- fp','./vie quotidienne/La poste - le courrier/E/CARLI La Poste - E- fp.odt')
insert into NODE_DOCUMENT (NODE_id_node, DOCUMENT_id_doc) values (17,1149);
insert into DOCUMENT (id_doc,datepublication, typedoc, nom, chemin) values(1150,'2020-04-01','odt','CARLI La Poste - Fiche d_activité - D E- fp','./vie quotidienne/La poste - le courrier/E/CARLI La Poste - Fiche d_activité - D E- fp.odt')
insert into NODE_DOCUMENT (NODE_id_node, DOCUMENT_id_doc) values (17,1150);
insert into DOCUMENT (id_doc,datepublication, typedoc, nom, chemin) values(1151,'2020-03-19','odt','Ferrari la poste - E- fp','./vie quotidienne/La poste - le courrier/E/Ferrari la poste - E- fp.odt')
insert into NODE_DOCUMENT (NODE_id_node, DOCUMENT_id_doc) values (17,1151);
insert into DOCUMENT (id_doc,datepublication, typedoc, nom, chemin) values(1152,'2020-03-18','odt','La poste - fp - D-E','./vie quotidienne/La poste - le courrier/E/La poste - fp - D-E.odt')
insert into NODE_DOCUMENT (NODE_id_node, DOCUMENT_id_doc) values (17,1152);
insert into DOCUMENT (id_doc,datepublication, typedoc, nom, chemin) values(1153,'2020-03-17','odt','Le courrier D-E','./vie quotidienne/La poste - le courrier/E/Le courrier D-E.odt')
insert into NODE_DOCUMENT (NODE_id_node, DOCUMENT_id_doc) values (17,1153);
insert into NODE (id_node,name, parent_node_id) values (17,'Logement',16);
insert into NODE (id_node,name, parent_node_id) values (17,'A',16);
insert into DOCUMENT (id_doc,datepublication, typedoc, nom, chemin) values(1154,'2020-04-02','pdf','Annonces immo - E A - ea','./vie quotidienne/Logement/A/Annonces immo - E A - ea.pdf')
insert into NODE_DOCUMENT (NODE_id_node, DOCUMENT_id_doc) values (16,1154);
insert into DOCUMENT (id_doc,datepublication, typedoc, nom, chemin) values(1155,'2020-03-19','odt','Ferrari le logement - A - fp','./vie quotidienne/Logement/A/Ferrari le logement - A - fp.odt')
insert into NODE_DOCUMENT (NODE_id_node, DOCUMENT_id_doc) values (16,1155);
insert into NODE (id_node,name, parent_node_id) values (18,'D',17);
insert into DOCUMENT (id_doc,datepublication, typedoc, nom, chemin) values(1156,'2020-03-19','odt','Ferrari le logement - D - fp','./vie quotidienne/Logement/D/Ferrari le logement - D - fp.odt')
insert into NODE_DOCUMENT (NODE_id_node, DOCUMENT_id_doc) values (17,1156);
insert into DOCUMENT (id_doc,datepublication, typedoc, nom, chemin) values(1157,'2020-01-12','pdf','Fiche logement activités - D E - ea','./vie quotidienne/Logement/D/Fiche logement activités - D E - ea.pdf')
insert into NODE_DOCUMENT (NODE_id_node, DOCUMENT_id_doc) values (17,1157);
insert into DOCUMENT (id_doc,datepublication, typedoc, nom, chemin) values(1158,'2020-04-01','odt','Logement meubles - D E - i ea','./vie quotidienne/Logement/D/Logement meubles - D E - i ea.odt')
insert into NODE_DOCUMENT (NODE_id_node, DOCUMENT_id_doc) values (17,1158);
insert into NODE (id_node,name, parent_node_id) values (19,'E',18);
insert into DOCUMENT (id_doc,datepublication, typedoc, nom, chemin) values(1159,'2020-04-02','pdf','Annonces immo - E A - ea','./vie quotidienne/Logement/E/Annonces immo - E A - ea.pdf')
insert into NODE_DOCUMENT (NODE_id_node, DOCUMENT_id_doc) values (18,1159);
insert into DOCUMENT (id_doc,datepublication, typedoc, nom, chemin) values(1160,'2020-03-19','odt','Ferrari le logement - E - fp','./vie quotidienne/Logement/E/Ferrari le logement - E - fp.odt')
insert into NODE_DOCUMENT (NODE_id_node, DOCUMENT_id_doc) values (18,1160);
insert into DOCUMENT (id_doc,datepublication, typedoc, nom, chemin) values(1161,'2020-01-12','pdf','Fiche logement activités - D E - ea','./vie quotidienne/Logement/E/Fiche logement activités - D E - ea.pdf')
insert into NODE_DOCUMENT (NODE_id_node, DOCUMENT_id_doc) values (18,1161);
insert into DOCUMENT (id_doc,datepublication, typedoc, nom, chemin) values(1162,'2020-04-01','odt','Logement meubles - D E - i ea','./vie quotidienne/Logement/E/Logement meubles - D E - i ea.odt')
insert into NODE_DOCUMENT (NODE_id_node, DOCUMENT_id_doc) values (18,1162);
insert into DOCUMENT (id_doc,datepublication, typedoc, nom, chemin) values(1163,'2017-09-25','jpg','Plan détaillé Logement - i','./vie quotidienne/Logement/Plan détaillé Logement - i.jpg')
insert into NODE_DOCUMENT (NODE_id_node, DOCUMENT_id_doc) values (19,1163);
insert into DOCUMENT (id_doc,datepublication, typedoc, nom, chemin) values(1164,'2020-02-27','db','Thumbs','./vie quotidienne/Logement/Thumbs.db')
insert into NODE_DOCUMENT (NODE_id_node, DOCUMENT_id_doc) values (19,1164);
insert into DOCUMENT (id_doc,datepublication, typedoc, nom, chemin) values(1165,'2020-02-27','db','Thumbs','./vie quotidienne/Thumbs.db')
insert into NODE_DOCUMENT (NODE_id_node, DOCUMENT_id_doc) values (17,1165);
insert into NODE (id_node,name, parent_node_id) values (18,'achats -alimentation-courses',17);
insert into NODE (id_node,name, parent_node_id) values (18,'A',17);
insert into DOCUMENT (id_doc,datepublication, typedoc, nom, chemin) values(1166,'2020-04-01','odt','CARLI le commerce les achats - A - fp','./vie quotidienne/achats -alimentation-courses/A/CARLI le commerce les achats - A - fp.odt')
insert into NODE_DOCUMENT (NODE_id_node, DOCUMENT_id_doc) values (17,1166);
insert into DOCUMENT (id_doc,datepublication, typedoc, nom, chemin) values(1167,'2020-03-19','odt','Ferrari achats - A - fp','./vie quotidienne/achats -alimentation-courses/A/Ferrari achats - A - fp.odt')
insert into NODE_DOCUMENT (NODE_id_node, DOCUMENT_id_doc) values (17,1167);
insert into DOCUMENT (id_doc,datepublication, typedoc, nom, chemin) values(1168,'2020-01-24','pdf','Les repas en France - Comp Ecrite - E A - ea','./vie quotidienne/achats -alimentation-courses/A/Les repas en France - Comp Ecrite - E A - ea.pdf')
insert into NODE_DOCUMENT (NODE_id_node, DOCUMENT_id_doc) values (17,1168);
insert into NODE (id_node,name, parent_node_id) values (19,'D',18);
insert into DOCUMENT (id_doc,datepublication, typedoc, nom, chemin) values(1169,'2020-04-01','odt','CARLI le commerce les achats - D - fp','./vie quotidienne/achats -alimentation-courses/D/CARLI le commerce les achats - D - fp.odt')
insert into NODE_DOCUMENT (NODE_id_node, DOCUMENT_id_doc) values (18,1169);
insert into DOCUMENT (id_doc,datepublication, typedoc, nom, chemin) values(1170,'2020-03-18','odt','Courses alimentation - fp - D E','./vie quotidienne/achats -alimentation-courses/D/Courses alimentation - fp - D E.odt')
insert into NODE_DOCUMENT (NODE_id_node, DOCUMENT_id_doc) values (18,1170);
insert into DOCUMENT (id_doc,datepublication, typedoc, nom, chemin) values(1171,'2020-04-01','odt','Cuisine restaurant repas - D E - i ea','./vie quotidienne/achats -alimentation-courses/D/Cuisine restaurant repas - D E - i ea.odt')
insert into NODE_DOCUMENT (NODE_id_node, DOCUMENT_id_doc) values (18,1171);
insert into DOCUMENT (id_doc,datepublication, typedoc, nom, chemin) values(1172,'2017-04-10','pdf','Faire les courses - D E - fp','./vie quotidienne/achats -alimentation-courses/D/Faire les courses - D E - fp.pdf')
insert into NODE_DOCUMENT (NODE_id_node, DOCUMENT_id_doc) values (18,1172);
insert into DOCUMENT (id_doc,datepublication, typedoc, nom, chemin) values(1173,'2020-03-19','odt','Ferrari achats - D - fp','./vie quotidienne/achats -alimentation-courses/D/Ferrari achats - D - fp.odt')
insert into NODE_DOCUMENT (NODE_id_node, DOCUMENT_id_doc) values (18,1173);
insert into DOCUMENT (id_doc,datepublication, typedoc, nom, chemin) values(1174,'2012-12-05','pdf','Imagiers sports - animaux - alimentation - D E rév- i ea','./vie quotidienne/achats -alimentation-courses/D/Imagiers sports - animaux - alimentation - D E rév- i ea.pdf')
insert into NODE_DOCUMENT (NODE_id_node, DOCUMENT_id_doc) values (18,1174);
insert into DOCUMENT (id_doc,datepublication, typedoc, nom, chemin) values(1175,'2013-11-12','doc','Les legumes imagier - D - i','./vie quotidienne/achats -alimentation-courses/D/Les legumes imagier - D - i.doc')
insert into NODE_DOCUMENT (NODE_id_node, DOCUMENT_id_doc) values (18,1175);
insert into DOCUMENT (id_doc,datepublication, typedoc, nom, chemin) values(1176,'2020-04-01','odt','Malette pédagogique achats - D E - ea','./vie quotidienne/achats -alimentation-courses/D/Malette pédagogique achats - D E - ea.odt')
insert into NODE_DOCUMENT (NODE_id_node, DOCUMENT_id_doc) values (18,1176);
insert into DOCUMENT (id_doc,datepublication, typedoc, nom, chemin) values(1177,'2018-06-13','docx','Payer ses courses - D E - ea','./vie quotidienne/achats -alimentation-courses/D/Payer ses courses - D E - ea.docx')
insert into NODE_DOCUMENT (NODE_id_node, DOCUMENT_id_doc) values (18,1177);
insert into DOCUMENT (id_doc,datepublication, typedoc, nom, chemin) values(1178,'2012-12-05','jpg','alimentation imagier - D - i','./vie quotidienne/achats -alimentation-courses/D/alimentation imagier - D - i.jpg')
insert into NODE_DOCUMENT (NODE_id_node, DOCUMENT_id_doc) values (18,1178);
insert into DOCUMENT (id_doc,datepublication, typedoc, nom, chemin) values(1179,'2013-11-12','doc','les fruits imagier - D - i','./vie quotidienne/achats -alimentation-courses/D/les fruits imagier - D - i.doc')
insert into NODE_DOCUMENT (NODE_id_node, DOCUMENT_id_doc) values (18,1179);
insert into NODE (id_node,name, parent_node_id) values (20,'E',19);
insert into DOCUMENT (id_doc,datepublication, typedoc, nom, chemin) values(1180,'2020-04-01','odt','CARLI commerce et achats - fiche d_activité - E - fp','./vie quotidienne/achats -alimentation-courses/E/CARLI commerce et achats - fiche d_activité - E - fp.odt')
insert into NODE_DOCUMENT (NODE_id_node, DOCUMENT_id_doc) values (19,1180);
insert into DOCUMENT (id_doc,datepublication, typedoc, nom, chemin) values(1181,'2020-04-01','odt','CARLI le commerce les achats - E - fp','./vie quotidienne/achats -alimentation-courses/E/CARLI le commerce les achats - E - fp.odt')
insert into NODE_DOCUMENT (NODE_id_node, DOCUMENT_id_doc) values (19,1181);
insert into DOCUMENT (id_doc,datepublication, typedoc, nom, chemin) values(1182,'2020-03-18','odt','Courses alimentation - fp - D E','./vie quotidienne/achats -alimentation-courses/E/Courses alimentation - fp - D E.odt')
insert into NODE_DOCUMENT (NODE_id_node, DOCUMENT_id_doc) values (19,1182);
insert into DOCUMENT (id_doc,datepublication, typedoc, nom, chemin) values(1183,'2020-04-01','odt','Cuisine restaurant repas - D E - i ea','./vie quotidienne/achats -alimentation-courses/E/Cuisine restaurant repas - D E - i ea.odt')
insert into NODE_DOCUMENT (NODE_id_node, DOCUMENT_id_doc) values (19,1183);
insert into DOCUMENT (id_doc,datepublication, typedoc, nom, chemin) values(1184,'2017-04-10','pdf','Faire les courses - D E - fp','./vie quotidienne/achats -alimentation-courses/E/Faire les courses - D E - fp.pdf')
insert into NODE_DOCUMENT (NODE_id_node, DOCUMENT_id_doc) values (19,1184);
insert into DOCUMENT (id_doc,datepublication, typedoc, nom, chemin) values(1185,'2020-03-19','odt','Ferrari achats - E - fp','./vie quotidienne/achats -alimentation-courses/E/Ferrari achats - E - fp.odt')
insert into NODE_DOCUMENT (NODE_id_node, DOCUMENT_id_doc) values (19,1185);
insert into DOCUMENT (id_doc,datepublication, typedoc, nom, chemin) values(1186,'2012-12-05','pdf','Imagiers sports - animaux - alimentation - D E rév- i ea','./vie quotidienne/achats -alimentation-courses/E/Imagiers sports - animaux - alimentation - D E rév- i ea.pdf')
insert into NODE_DOCUMENT (NODE_id_node, DOCUMENT_id_doc) values (19,1186);
insert into DOCUMENT (id_doc,datepublication, typedoc, nom, chemin) values(1187,'2020-01-24','pdf','Les repas en France - Comp Ecrite - E A - ea','./vie quotidienne/achats -alimentation-courses/E/Les repas en France - Comp Ecrite - E A - ea.pdf')
insert into NODE_DOCUMENT (NODE_id_node, DOCUMENT_id_doc) values (19,1187);
insert into DOCUMENT (id_doc,datepublication, typedoc, nom, chemin) values(1188,'2020-04-01','odt','Malette pédagogique achats - D E - ea','./vie quotidienne/achats -alimentation-courses/E/Malette pédagogique achats - D E - ea.odt')
insert into NODE_DOCUMENT (NODE_id_node, DOCUMENT_id_doc) values (19,1188);
insert into DOCUMENT (id_doc,datepublication, typedoc, nom, chemin) values(1189,'2018-06-13','docx','Payer ses courses - D E - ea','./vie quotidienne/achats -alimentation-courses/E/Payer ses courses - D E - ea.docx')
insert into NODE_DOCUMENT (NODE_id_node, DOCUMENT_id_doc) values (19,1189);
insert into DOCUMENT (id_doc,datepublication, typedoc, nom, chemin) values(1190,'2014-09-03','docx','~$ météo','./~$ météo.docx')
insert into NODE_DOCUMENT (NODE_id_node, DOCUMENT_id_doc) values (13,1190);
